2026/07/13 00:05:55.103, 0, 0, 0, 54.25
2026/07/13 00:05:55.105, 1, 0, 0, 51.30
2026/07/13 00:05:55.107, 2, 0, 0, 51.74
2026/07/13 00:05:55.109, 3, 0, 0, 53.92
2026/07/13 00:05:55.112, 4, 0, 0, 56.49
2026/07/13 00:05:55.115, 5, 0, 0, 52.17
2026/07/13 00:05:55.121, 6, 0, 0, 55.99
2026/07/13 00:05:55.126, 7, 0, 0, 53.70
2026/07/13 00:05:56.130, 0, 0, 0, 54.25
2026/07/13 00:05:56.130, 1, 0, 0, 51.63
2026/07/13 00:05:56.130, 2, 0, 0, 51.36
2026/07/13 00:05:56.130, 3, 0, 0, 53.87
2026/07/13 00:05:56.130, 4, 0, 0, 56.49
2026/07/13 00:05:56.130, 5, 0, 0, 52.17
2026/07/13 00:05:56.130, 6, 0, 0, 55.99
2026/07/13 00:05:56.130, 7, 0, 0, 53.70
2026/07/13 00:05:57.130, 0, 0, 0, 54.25
2026/07/13 00:05:57.131, 1, 0, 0, 51.63
2026/07/13 00:05:57.131, 2, 0, 0, 51.36
2026/07/13 00:05:57.131, 3, 0, 0, 53.92
2026/07/13 00:05:57.131, 4, 0, 0, 56.49
2026/07/13 00:05:57.131, 5, 0, 0, 52.17
2026/07/13 00:05:57.131, 6, 0, 0, 56.32
2026/07/13 00:05:57.131, 7, 0, 0, 53.70
2026/07/13 00:05:58.131, 0, 0, 0, 54.25
2026/07/13 00:05:58.132, 1, 0, 0, 51.30
2026/07/13 00:05:58.132, 2, 0, 0, 51.41
2026/07/13 00:05:58.133, 3, 0, 0, 53.92
2026/07/13 00:05:58.133, 4, 0, 0, 56.49
2026/07/13 00:05:58.134, 5, 0, 0, 52.17
2026/07/13 00:05:58.134, 6, 0, 0, 55.72
2026/07/13 00:05:58.134, 7, 0, 0, 53.70
2026/07/13 00:05:59.134, 0, 0, 0, 54.25
2026/07/13 00:05:59.134, 1, 0, 0, 51.63
2026/07/13 00:05:59.134, 2, 0, 0, 51.36
2026/07/13 00:05:59.134, 3, 0, 0, 53.87
2026/07/13 00:05:59.134, 4, 0, 0, 56.49
2026/07/13 00:05:59.134, 5, 0, 0, 52.22
2026/07/13 00:05:59.134, 6, 0, 0, 55.99
2026/07/13 00:05:59.134, 7, 0, 0, 53.70
2026/07/13 00:06:00.134, 0, 0, 0, 54.25
2026/07/13 00:06:00.135, 1, 0, 0, 51.63
2026/07/13 00:06:00.135, 2, 0, 0, 51.36
2026/07/13 00:06:00.135, 3, 0, 0, 53.92
2026/07/13 00:06:00.135, 4, 0, 0, 56.49
2026/07/13 00:06:00.135, 5, 0, 0, 52.17
2026/07/13 00:06:00.135, 6, 0, 0, 55.99
2026/07/13 00:06:00.135, 7, 0, 0, 53.70
2026/07/13 00:06:01.136, 0, 0, 0, 54.25
2026/07/13 00:06:01.136, 1, 0, 0, 51.30
2026/07/13 00:06:01.136, 2, 0, 0, 51.74
2026/07/13 00:06:01.136, 3, 0, 0, 53.92
2026/07/13 00:06:01.136, 4, 0, 0, 56.49
2026/07/13 00:06:01.136, 5, 0, 0, 52.22
2026/07/13 00:06:01.136, 6, 0, 0, 55.99
2026/07/13 00:06:01.136, 7, 0, 0, 53.70
2026/07/13 00:06:02.136, 0, 0, 0, 54.25
2026/07/13 00:06:02.136, 1, 0, 0, 51.30
2026/07/13 00:06:02.136, 2, 0, 0, 51.36
2026/07/13 00:06:02.136, 3, 0, 0, 53.92
2026/07/13 00:06:02.136, 4, 0, 0, 56.49
2026/07/13 00:06:02.136, 5, 0, 0, 52.22
2026/07/13 00:06:02.136, 6, 0, 0, 55.99
2026/07/13 00:06:02.136, 7, 0, 0, 53.70
2026/07/13 00:06:03.136, 0, 0, 0, 54.25
2026/07/13 00:06:03.137, 1, 0, 0, 51.30
2026/07/13 00:06:03.137, 2, 0, 0, 51.36
2026/07/13 00:06:03.137, 3, 0, 0, 53.59
2026/07/13 00:06:03.137, 4, 0, 0, 56.17
2026/07/13 00:06:03.137, 5, 0, 0, 52.22
2026/07/13 00:06:03.137, 6, 0, 0, 55.72
2026/07/13 00:06:03.137, 7, 0, 0, 53.70
2026/07/13 00:06:04.137, 0, 0, 0, 54.25
2026/07/13 00:06:04.137, 1, 0, 0, 51.30
2026/07/13 00:06:04.137, 2, 0, 0, 51.36
2026/07/13 00:06:04.137, 3, 0, 0, 53.59
2026/07/13 00:06:04.137, 4, 0, 0, 56.49
2026/07/13 00:06:04.137, 5, 0, 0, 52.17
2026/07/13 00:06:04.137, 6, 0, 0, 55.99
2026/07/13 00:06:04.137, 7, 0, 0, 53.70
2026/07/13 00:06:05.137, 0, 0, 0, 54.25
2026/07/13 00:06:05.137, 1, 0, 0, 51.30
2026/07/13 00:06:05.138, 2, 0, 0, 51.36
2026/07/13 00:06:05.138, 3, 0, 0, 53.53
2026/07/13 00:06:05.138, 4, 0, 0, 56.17
2026/07/13 00:06:05.138, 5, 0, 0, 52.17
2026/07/13 00:06:05.138, 6, 0, 0, 55.72
2026/07/13 00:06:05.138, 7, 0, 0, 53.43
2026/07/13 00:06:06.138, 0, 0, 0, 54.25
2026/07/13 00:06:06.139, 1, 0, 0, 51.30
2026/07/13 00:06:06.139, 2, 0, 0, 51.36
2026/07/13 00:06:06.139, 3, 0, 0, 53.53
2026/07/13 00:06:06.139, 4, 0, 0, 56.17
2026/07/13 00:06:06.139, 5, 0, 0, 52.22
2026/07/13 00:06:06.139, 6, 0, 0, 55.99
2026/07/13 00:06:06.139, 7, 0, 0, 53.70
2026/07/13 00:06:07.139, 0, 0, 0, 54.25
2026/07/13 00:06:07.139, 1, 0, 0, 51.30
2026/07/13 00:06:07.139, 2, 0, 0, 51.36
2026/07/13 00:06:07.140, 3, 0, 0, 53.87
2026/07/13 00:06:07.140, 4, 0, 0, 56.17
2026/07/13 00:06:07.140, 5, 0, 0, 52.17
2026/07/13 00:06:07.140, 6, 0, 0, 55.72
2026/07/13 00:06:07.140, 7, 0, 0, 53.70
2026/07/13 00:06:08.141, 0, 0, 0, 53.98
2026/07/13 00:06:08.141, 1, 0, 0, 51.30
2026/07/13 00:06:08.141, 2, 0, 0, 51.41
2026/07/13 00:06:08.203, 3, 0, 0, 53.53
2026/07/13 00:06:08.203, 4, 0, 0, 56.17
2026/07/13 00:06:08.203, 5, 0, 0, 52.17
2026/07/13 00:06:08.203, 6, 0, 0, 55.72
2026/07/13 00:06:08.203, 7, 0, 0, 53.43
2026/07/13 00:06:09.203, 0, 0, 0, 54.25
2026/07/13 00:06:09.203, 1, 0, 0, 51.63
2026/07/13 00:06:09.203, 2, 0, 0, 62.83
2026/07/13 00:06:09.203, 3, 0, 0, 53.53
2026/07/13 00:06:09.203, 4, 0, 0, 56.17
2026/07/13 00:06:09.204, 5, 0, 0, 52.17
2026/07/13 00:06:09.204, 6, 0, 0, 55.99
2026/07/13 00:06:09.204, 7, 0, 0, 53.43
2026/07/13 00:06:10.204, 0, 0, 0, 54.25
2026/07/13 00:06:10.204, 1, 0, 0, 71.75
2026/07/13 00:06:10.205, 2, 0, 0, 62.83
2026/07/13 00:06:10.205, 3, 0, 0, 53.87
2026/07/13 00:06:10.205, 4, 0, 0, 56.17
2026/07/13 00:06:10.205, 5, 0, 0, 52.17
2026/07/13 00:06:10.205, 6, 0, 0, 55.72
2026/07/13 00:06:10.205, 7, 0, 0, 53.70
2026/07/13 00:06:11.206, 0, 0, 4, 54.25
2026/07/13 00:06:11.206, 1, 0, 4, 52.50
2026/07/13 00:06:11.206, 2, 0, 1, 51.36
2026/07/13 00:06:11.206, 3, 0, 1, 53.59
2026/07/13 00:06:11.206, 4, 0, 1, 56.17
2026/07/13 00:06:11.206, 5, 0, 1, 52.17
2026/07/13 00:06:11.206, 6, 0, 1, 55.72
2026/07/13 00:06:11.206, 7, 0, 1, 53.43
2026/07/13 00:06:12.206, 0, 0, 4, 54.25
2026/07/13 00:06:12.211, 1, 0, 4, 51.30
2026/07/13 00:06:12.213, 2, 0, 4, 51.41
2026/07/13 00:06:12.215, 3, 0, 4, 53.59
2026/07/13 00:06:12.216, 4, 0, 4, 56.17
2026/07/13 00:06:12.216, 5, 0, 4, 52.17
2026/07/13 00:06:12.216, 6, 0, 1, 55.99
2026/07/13 00:06:12.216, 7, 0, 1, 53.43
2026/07/13 00:06:13.216, 0, 0, 4, 54.25
2026/07/13 00:06:13.218, 1, 0, 4, 51.30
2026/07/13 00:06:13.218, 2, 0, 4, 51.41
2026/07/13 00:06:13.222, 3, 0, 4, 53.59
2026/07/13 00:06:13.223, 4, 0, 4, 56.17
2026/07/13 00:06:13.224, 5, 0, 4, 52.17
2026/07/13 00:06:13.226, 6, 0, 4, 55.72
2026/07/13 00:06:13.226, 7, 0, 4, 53.76
2026/07/13 00:06:14.227, 0, 0, 4, 53.98
2026/07/13 00:06:14.227, 1, 0, 4, 51.30
2026/07/13 00:06:14.227, 2, 0, 4, 51.36
2026/07/13 00:06:14.227, 3, 0, 4, 59.96
2026/07/13 00:06:14.227, 4, 0, 4, 56.17
2026/07/13 00:06:14.227, 5, 0, 4, 52.17
2026/07/13 00:06:14.227, 6, 0, 4, 55.72
2026/07/13 00:06:14.227, 7, 0, 4, 53.70
2026/07/13 00:06:15.227, 0, 0, 4, 54.25
2026/07/13 00:06:15.227, 1, 0, 4, 51.30
2026/07/13 00:06:15.227, 2, 0, 4, 51.36
2026/07/13 00:06:15.227, 3, 0, 4, 73.14
2026/07/13 00:06:15.227, 4, 0, 4, 75.33
2026/07/13 00:06:15.227, 5, 0, 4, 52.17
2026/07/13 00:06:15.227, 6, 0, 4, 55.72
2026/07/13 00:06:15.227, 7, 0, 4, 53.43
2026/07/13 00:06:16.228, 0, 0, 4, 53.98
2026/07/13 00:06:16.346, 1, 0, 4, 51.30
2026/07/13 00:06:16.346, 2, 0, 4, 51.36
2026/07/13 00:06:16.346, 3, 0, 4, 53.92
2026/07/13 00:06:16.346, 4, 0, 4, 74.39
2026/07/13 00:06:16.346, 5, 0, 4, 57.19
2026/07/13 00:06:16.346, 6, 0, 4, 55.72
2026/07/13 00:06:16.346, 7, 0, 4, 53.43
2026/07/13 00:06:17.346, 0, 0, 4, 54.25
2026/07/13 00:06:17.349, 1, 0, 4, 51.30
2026/07/13 00:06:17.349, 2, 0, 4, 51.68
2026/07/13 00:06:17.353, 3, 0, 4, 53.59
2026/07/13 00:06:17.358, 4, 0, 4, 56.17
2026/07/13 00:06:17.358, 5, 0, 4, 57.25
2026/07/13 00:06:17.359, 6, 0, 4, 77.44
2026/07/13 00:06:17.360, 7, 0, 4, 65.18
2026/07/13 00:06:18.362, 0, 0, 4, 76.51
2026/07/13 00:06:18.364, 1, 0, 4, 51.30
2026/07/13 00:06:18.365, 2, 0, 4, 51.41
2026/07/13 00:06:18.366, 3, 0, 4, 53.92
2026/07/13 00:06:18.368, 4, 0, 4, 56.17
2026/07/13 00:06:18.369, 5, 0, 4, 52.17
2026/07/13 00:06:18.372, 6, 0, 4, 56.32
2026/07/13 00:06:18.374, 7, 0, 4, 65.45
2026/07/13 00:06:19.381, 0, 0, 4, 76.84
2026/07/13 00:06:19.382, 1, 0, 4, 51.30
2026/07/13 00:06:19.385, 2, 0, 4, 51.36
2026/07/13 00:06:19.389, 3, 0, 4, 53.92
2026/07/13 00:06:19.391, 4, 0, 21, 62.08
2026/07/13 00:06:19.392, 5, 0, 4, 52.17
2026/07/13 00:06:19.393, 6, 0, 4, 55.72
2026/07/13 00:06:19.394, 7, 0, 4, 54.03
2026/07/13 00:06:20.395, 0, 0, 21, 61.02
2026/07/13 00:06:20.398, 1, 0, 21, 57.47
2026/07/13 00:06:20.407, 2, 0, 21, 57.25
2026/07/13 00:06:20.417, 3, 0, 21, 58.82
2026/07/13 00:06:20.425, 4, 0, 503, 61.48
2026/07/13 00:06:20.432, 5, 0, 33, 57.74
2026/07/13 00:06:20.441, 6, 0, 21, 61.88
2026/07/13 00:06:20.445, 7, 0, 21, 59.00
2026/07/13 00:06:21.445, 0, 0, 503, 60.09
2026/07/13 00:06:21.445, 1, 0, 503, 56.87
2026/07/13 00:06:21.445, 2, 0, 503, 57.53
2026/07/13 00:06:21.446, 3, 0, 503, 58.82
2026/07/13 00:06:21.446, 4, 2, 503, 61.48
2026/07/13 00:06:21.446, 5, 0, 503, 57.74
2026/07/13 00:06:21.446, 6, 0, 503, 61.29
2026/07/13 00:06:21.446, 7, 0, 503, 59.00
2026/07/13 00:06:22.446, 0, 0, 503, 60.09
2026/07/13 00:06:22.446, 1, 0, 503, 57.19
2026/07/13 00:06:22.447, 2, 0, 503, 57.53
2026/07/13 00:06:22.447, 3, 0, 503, 58.55
2026/07/13 00:06:22.447, 4, 0, 503, 62.08
2026/07/13 00:06:22.447, 5, 0, 503, 57.74
2026/07/13 00:06:22.447, 6, 0, 503, 61.29
2026/07/13 00:06:22.447, 7, 0, 503, 59.00
2026/07/13 00:06:23.447, 0, 0, 503, 60.09
2026/07/13 00:06:23.447, 1, 0, 503, 56.87
2026/07/13 00:06:23.447, 2, 0, 503, 57.80
2026/07/13 00:06:23.447, 3, 0, 503, 58.55
2026/07/13 00:06:23.447, 4, 2, 503, 62.36
2026/07/13 00:06:23.447, 5, 0, 503, 58.34
2026/07/13 00:06:23.447, 6, 0, 503, 61.29
2026/07/13 00:06:23.447, 7, 0, 503, 59.00
2026/07/13 00:06:24.447, 0, 0, 503, 60.09
2026/07/13 00:06:24.447, 1, 0, 503, 56.87
2026/07/13 00:06:24.447, 2, 0, 503, 57.25
2026/07/13 00:06:24.447, 3, 0, 503, 58.55
2026/07/13 00:06:24.447, 4, 0, 505, 61.75
2026/07/13 00:06:24.448, 5, 0, 503, 57.74
2026/07/13 00:06:24.448, 6, 0, 503, 61.56
2026/07/13 00:06:24.448, 7, 0, 503, 59.00
2026/07/13 00:06:25.448, 0, 0, 505, 60.35
2026/07/13 00:06:25.448, 1, 0, 505, 56.87
2026/07/13 00:06:25.448, 2, 0, 505, 57.53
2026/07/13 00:06:25.448, 3, 0, 505, 58.82
2026/07/13 00:06:25.448, 4, 0, 527, 62.08
2026/07/13 00:06:25.448, 5, 0, 505, 57.74
2026/07/13 00:06:25.448, 6, 0, 505, 61.29
2026/07/13 00:06:25.448, 7, 0, 505, 59.27
2026/07/13 00:06:26.448, 0, 0, 528, 60.09
2026/07/13 00:06:26.450, 1, 0, 527, 56.60
2026/07/13 00:06:26.452, 2, 0, 527, 57.53
2026/07/13 00:06:26.453, 3, 0, 527, 59.69
2026/07/13 00:06:26.455, 4, 2, 537, 62.36
2026/07/13 00:06:26.456, 5, 1, 527, 57.74
2026/07/13 00:06:26.457, 6, 0, 527, 61.29
2026/07/13 00:06:26.458, 7, 1, 527, 59.60
2026/07/13 00:06:27.458, 0, 0, 538, 60.09
2026/07/13 00:06:27.458, 1, 0, 538, 56.54
2026/07/13 00:06:27.458, 2, 0, 538, 57.53
2026/07/13 00:06:27.458, 3, 0, 538, 58.55
2026/07/13 00:06:27.459, 4, 0, 538, 61.48
2026/07/13 00:06:27.459, 5, 0, 538, 57.74
2026/07/13 00:06:27.459, 6, 0, 538, 61.29
2026/07/13 00:06:27.459, 7, 0, 538, 59.27
2026/07/13 00:06:28.459, 0, 14, 3704, 61.02
2026/07/13 00:06:28.459, 1, 8, 3704, 57.74
2026/07/13 00:06:28.459, 2, 14, 3710, 57.80
2026/07/13 00:06:28.460, 3, 4, 3704, 59.96
2026/07/13 00:06:28.460, 4, 10, 4518, 64.11
2026/07/13 00:06:28.461, 5, 0, 3704, 57.74
2026/07/13 00:06:28.461, 6, 0, 3704, 65.98
2026/07/13 00:06:28.461, 7, 0, 1416, 59.00
2026/07/13 00:06:29.461, 0, 5, 4618, 62.16
2026/07/13 00:06:29.461, 1, 6, 4482, 58.94
2026/07/13 00:06:29.461, 2, 5, 4594, 58.40
2026/07/13 00:06:29.461, 3, 6, 4322, 60.56
2026/07/13 00:06:29.462, 4, 27, 4970, 62.63
2026/07/13 00:06:29.462, 5, 7, 4544, 59.21
2026/07/13 00:06:29.464, 6, 7, 4392, 63.36
2026/07/13 00:06:29.464, 7, 7, 4340, 60.47
2026/07/13 00:06:30.465, 0, 28, 4970, 61.02
2026/07/13 00:06:30.484, 1, 28, 4970, 58.88
2026/07/13 00:06:30.484, 2, 26, 4970, 59.27
2026/07/13 00:06:30.484, 3, 27, 4970, 63.51
2026/07/13 00:06:30.484, 4, 7, 4970, 62.36
2026/07/13 00:06:30.484, 5, 29, 4970, 60.69
2026/07/13 00:06:30.484, 6, 12, 4970, 65.38
2026/07/13 00:06:30.484, 7, 12, 4970, 63.10
2026/07/13 00:06:31.485, 0, 9, 4970, 60.69
2026/07/13 00:06:31.485, 1, 6, 4970, 58.67
2026/07/13 00:06:31.485, 2, 5, 4970, 57.80
2026/07/13 00:06:31.485, 3, 6, 4970, 59.15
2026/07/13 00:06:31.485, 4, 4, 4970, 61.48
2026/07/13 00:06:31.485, 5, 6, 4970, 58.07
2026/07/13 00:06:31.485, 6, 7, 4970, 62.16
2026/07/13 00:06:31.485, 7, 7, 4970, 59.60
2026/07/13 00:06:32.485, 0, 4, 4970, 60.41
2026/07/13 00:06:32.485, 1, 4, 4970, 57.19
2026/07/13 00:06:32.485, 2, 4, 4970, 57.53
2026/07/13 00:06:32.485, 3, 4, 4970, 58.82
2026/07/13 00:06:32.485, 4, 0, 4970, 61.75
2026/07/13 00:06:32.485, 5, 4, 4970, 57.47
2026/07/13 00:06:32.485, 6, 5, 4970, 61.29
2026/07/13 00:06:32.486, 7, 6, 4970, 59.60
2026/07/13 00:06:33.486, 0, 0, 4970, 60.09
2026/07/13 00:06:33.486, 1, 0, 4970, 56.87
2026/07/13 00:06:33.486, 2, 0, 4970, 57.53
2026/07/13 00:06:33.486, 3, 0, 4970, 58.55
2026/07/13 00:06:33.486, 4, 0, 4970, 61.48
2026/07/13 00:06:33.486, 5, 0, 4970, 57.19
2026/07/13 00:06:33.486, 6, 0, 4970, 61.02
2026/07/13 00:06:33.486, 7, 0, 4970, 59.00
2026/07/13 00:06:34.486, 0, 0, 4970, 60.69
2026/07/13 00:06:34.486, 1, 0, 4970, 56.60
2026/07/13 00:06:34.486, 2, 0, 4970, 57.25
2026/07/13 00:06:34.486, 3, 0, 4970, 58.55
2026/07/13 00:06:34.486, 4, 1, 4970, 61.48
2026/07/13 00:06:34.487, 5, 0, 4970, 57.47
2026/07/13 00:06:34.487, 6, 0, 4970, 61.29
2026/07/13 00:06:34.487, 7, 0, 4970, 58.73
2026/07/13 00:06:35.487, 0, 1, 4970, 60.09
2026/07/13 00:06:35.488, 1, 1, 4970, 57.19
2026/07/13 00:06:35.488, 2, 1, 4970, 57.25
2026/07/13 00:06:35.488, 3, 0, 4970, 58.82
2026/07/13 00:06:35.488, 4, 0, 4970, 61.48
2026/07/13 00:06:35.488, 5, 1, 4970, 57.47
2026/07/13 00:06:35.488, 6, 1, 4970, 61.29
2026/07/13 00:06:35.489, 7, 0, 4970, 59.60
2026/07/13 00:06:36.489, 0, 5, 4972, 79.19
2026/07/13 00:06:36.489, 1, 0, 4970, 56.60
2026/07/13 00:06:36.489, 2, 0, 4970, 57.25
2026/07/13 00:06:36.489, 3, 5, 4972, 58.82
2026/07/13 00:06:36.489, 4, 2, 4972, 61.75
2026/07/13 00:06:36.489, 5, 0, 4972, 65.71
2026/07/13 00:06:36.489, 6, 0, 4970, 61.29
2026/07/13 00:06:36.489, 7, 5, 4972, 59.27
2026/07/13 00:06:37.489, 0, 0, 4970, 60.09
2026/07/13 00:06:37.489, 1, 0, 4972, 59.21
2026/07/13 00:06:37.489, 2, 0, 4972, 57.53
2026/07/13 00:06:37.489, 3, 0, 4972, 59.69
2026/07/13 00:06:37.489, 4, 0, 4972, 61.48
2026/07/13 00:06:37.490, 5, 0, 4972, 57.19
2026/07/13 00:06:37.490, 6, 2, 4972, 61.29
2026/07/13 00:06:37.490, 7, 0, 4972, 59.00
2026/07/13 00:06:38.490, 0, 0, 4972, 60.41
2026/07/13 00:06:38.490, 1, 0, 4972, 56.87
2026/07/13 00:06:38.490, 2, 0, 4972, 57.53
2026/07/13 00:06:38.490, 3, 0, 4972, 58.82
2026/07/13 00:06:38.490, 4, 0, 4972, 73.25
2026/07/13 00:06:38.490, 5, 0, 4972, 57.47
2026/07/13 00:06:38.490, 6, 0, 4972, 61.29
2026/07/13 00:06:38.490, 7, 0, 4972, 59.00
2026/07/13 00:06:39.491, 0, 0, 4972, 60.95
2026/07/13 00:06:39.491, 1, 0, 4972, 61.56
2026/07/13 00:06:39.492, 2, 0, 4972, 61.35
2026/07/13 00:06:39.493, 3, 0, 4972, 58.82
2026/07/13 00:06:39.493, 4, 6, 6446, 62.36
2026/07/13 00:06:39.494, 5, 0, 4972, 57.47
2026/07/13 00:06:39.494, 6, 9, 4990, 65.11
2026/07/13 00:06:39.494, 7, 0, 4972, 59.00
2026/07/13 00:06:40.495, 0, 0, 4972, 60.41
2026/07/13 00:06:40.496, 1, 4, 6062, 57.74
2026/07/13 00:06:40.497, 2, 6, 6102, 58.13
2026/07/13 00:06:40.498, 3, 22, 5062, 61.22
2026/07/13 00:06:40.498, 4, 9, 7330, 62.36
2026/07/13 00:06:40.499, 5, 10, 5290, 58.07
2026/07/13 00:06:40.500, 6, 6, 6142, 61.88
2026/07/13 00:06:40.500, 7, 15, 5076, 59.27
2026/07/13 00:06:41.501, 0, 1, 5594, 60.41
2026/07/13 00:06:41.502, 1, 2, 6692, 56.87
2026/07/13 00:06:41.503, 2, 2, 6750, 58.40
2026/07/13 00:06:41.504, 3, 1, 5780, 58.82
2026/07/13 00:06:41.504, 4, 4, 7896, 62.95
2026/07/13 00:06:41.504, 5, 1, 6038, 58.34
2026/07/13 00:06:41.505, 6, 2, 6782, 61.29
2026/07/13 00:06:41.506, 7, 1, 5820, 59.88
2026/07/13 00:06:42.508, 0, 3, 6288, 61.29
2026/07/13 00:06:42.514, 1, 5, 7296, 57.47
2026/07/13 00:06:42.523, 2, 9, 7366, 58.40
2026/07/13 00:06:42.525, 3, 5, 6454, 59.09
2026/07/13 00:06:42.525, 4, 23, 7904, 67.66
2026/07/13 00:06:42.533, 5, 3, 6706, 57.74
2026/07/13 00:06:42.534, 6, 10, 7362, 61.56
2026/07/13 00:06:42.535, 7, 5, 6484, 59.27
2026/07/13 00:06:43.535, 0, 3, 6848, 60.35
2026/07/13 00:06:43.537, 1, 3, 7784, 57.68
2026/07/13 00:06:43.540, 2, 4, 7862, 57.80
2026/07/13 00:06:43.541, 3, 2, 7006, 59.69
2026/07/13 00:06:43.542, 4, 100, 7904, 243.08
2026/07/13 00:06:43.544, 5, 3, 7242, 57.74
2026/07/13 00:06:43.545, 6, 4, 7854, 61.56
2026/07/13 00:06:43.546, 7, 2, 7050, 59.27
2026/07/13 00:06:44.555, 0, 3, 7552, 62.69
2026/07/13 00:06:44.557, 1, 22, 7904, 62.10
2026/07/13 00:06:44.565, 2, 23, 7904, 63.70
2026/07/13 00:06:44.566, 3, 3, 7696, 61.16
2026/07/13 00:06:44.566, 4, 7, 7904, 80.91
2026/07/13 00:06:44.566, 5, 10, 7896, 60.09
2026/07/13 00:06:44.566, 6, 23, 7904, 67.45
2026/07/13 00:06:44.567, 7, 3, 7740, 61.35
2026/07/13 00:06:45.567, 0, 16, 7904, 66.78
2026/07/13 00:06:45.573, 1, 100, 7904, 207.22
2026/07/13 00:06:45.573, 2, 100, 7904, 219.99
2026/07/13 00:06:45.573, 3, 15, 7904, 64.31
2026/07/13 00:06:45.573, 4, 9, 7904, 80.83
2026/07/13 00:06:45.573, 5, 23, 7904, 63.36
2026/07/13 00:06:45.573, 6, 100, 7904, 216.32
2026/07/13 00:06:45.573, 7, 21, 7904, 64.23
2026/07/13 00:06:46.573, 0, 42, 7904, 150.43
2026/07/13 00:06:46.573, 1, 13, 7904, 72.95
2026/07/13 00:06:46.573, 2, 15, 7904, 75.09
2026/07/13 00:06:46.581, 3, 38, 7904, 144.72
2026/07/13 00:06:46.581, 4, 45, 7904, 66.72
2026/07/13 00:06:46.581, 5, 100, 7904, 217.69
2026/07/13 00:06:46.581, 6, 7, 7904, 79.38
2026/07/13 00:06:46.581, 7, 77, 7904, 187.40
2026/07/13 00:06:47.581, 0, 99, 7904, 94.04
2026/07/13 00:06:47.582, 1, 4, 7904, 71.20
2026/07/13 00:06:47.582, 2, 4, 7904, 76.05
2026/07/13 00:06:47.582, 3, 99, 7904, 76.08
2026/07/13 00:06:47.582, 4, 3, 7904, 66.18
2026/07/13 00:06:47.582, 5, 6, 7904, 72.42
2026/07/13 00:06:47.582, 6, 6, 7904, 79.98
2026/07/13 00:06:47.582, 7, 91, 7904, 78.94
2026/07/13 00:06:48.582, 0, 5, 7904, 77.63
2026/07/13 00:06:48.582, 1, 12, 7904, 58.34
2026/07/13 00:06:48.582, 2, 11, 7904, 108.61
2026/07/13 00:06:48.582, 3, 5, 7904, 74.34
2026/07/13 00:06:48.582, 4, 11, 7904, 62.63
2026/07/13 00:06:48.582, 5, 10, 7904, 73.29
2026/07/13 00:06:48.582, 6, 55, 7904, 65.71
2026/07/13 00:06:48.582, 7, 4, 7904, 75.17
2026/07/13 00:06:49.582, 0, 12, 7904, 61.56
2026/07/13 00:06:49.589, 1, 4, 7904, 68.26
2026/07/13 00:06:49.599, 2, 4, 7904, 68.67
2026/07/13 00:06:49.599, 3, 10, 7904, 60.29
2026/07/13 00:06:49.599, 4, 0, 7904, 61.75
2026/07/13 00:06:49.599, 5, 18, 7904, 63.03
2026/07/13 00:06:49.608, 6, 3, 7904, 77.99
2026/07/13 00:06:49.608, 7, 11, 7904, 60.47
2026/07/13 00:06:50.608, 0, 6, 7904, 66.51
2026/07/13 00:06:50.608, 1, 9, 7904, 57.74
2026/07/13 00:06:50.608, 2, 8, 7904, 58.40
2026/07/13 00:06:50.608, 3, 6, 7904, 74.61
2026/07/13 00:06:50.608, 4, 0, 7904, 61.75
2026/07/13 00:06:50.608, 5, 3, 7904, 63.03
2026/07/13 00:06:50.608, 6, 11, 7904, 62.44
2026/07/13 00:06:50.608, 7, 7, 7904, 61.95
2026/07/13 00:06:51.609, 0, 8, 7904, 67.06
2026/07/13 00:06:51.611, 1, 0, 7904, 56.81
2026/07/13 00:06:51.612, 2, 0, 7904, 57.80
2026/07/13 00:06:51.612, 3, 8, 7904, 75.21
2026/07/13 00:06:51.612, 4, 0, 7904, 61.75
2026/07/13 00:06:51.612, 5, 11, 7904, 58.34
2026/07/13 00:06:51.612, 6, 0, 7904, 61.29
2026/07/13 00:06:51.612, 7, 7, 7904, 62.23
2026/07/13 00:06:52.612, 0, 15, 7918, 60.41
2026/07/13 00:06:52.620, 1, 0, 7912, 56.87
2026/07/13 00:06:52.621, 2, 0, 7914, 57.53
2026/07/13 00:06:52.623, 3, 0, 7912, 59.15
2026/07/13 00:06:52.632, 4, 1, 7916, 61.75
2026/07/13 00:06:52.633, 5, 0, 7914, 57.47
2026/07/13 00:06:52.633, 6, 0, 7914, 61.29
2026/07/13 00:06:52.633, 7, 15, 7916, 59.27
2026/07/13 00:06:53.633, 0, 0, 8038, 60.41
2026/07/13 00:06:53.643, 1, 0, 8038, 57.47
2026/07/13 00:06:53.644, 2, 0, 8064, 57.80
2026/07/13 00:06:53.654, 3, 0, 8062, 59.42
2026/07/13 00:06:53.665, 4, 0, 8018, 61.48
2026/07/13 00:06:53.667, 5, 0, 8034, 57.47
2026/07/13 00:06:53.677, 6, 0, 8042, 61.88
2026/07/13 00:06:53.678, 7, 0, 8038, 59.00
2026/07/13 00:06:54.679, 0, 0, 8458, 60.41
2026/07/13 00:06:54.680, 1, 0, 8458, 57.19
2026/07/13 00:06:54.680, 2, 0, 8458, 57.53
2026/07/13 00:06:54.681, 3, 0, 8458, 58.88
2026/07/13 00:06:54.685, 4, 0, 8458, 61.75
2026/07/13 00:06:54.686, 5, 0, 8458, 57.47
2026/07/13 00:06:54.686, 6, 0, 8458, 61.29
2026/07/13 00:06:54.686, 7, 0, 8458, 59.27
2026/07/13 00:06:55.687, 0, 4, 8526, 60.69
2026/07/13 00:06:55.691, 1, 0, 8526, 58.94
2026/07/13 00:06:55.702, 2, 7, 8526, 59.88
2026/07/13 00:06:55.702, 3, 7, 8526, 60.89
2026/07/13 00:06:55.702, 4, 9, 8526, 62.63
2026/07/13 00:06:55.703, 5, 7, 8526, 59.54
2026/07/13 00:06:55.703, 6, 7, 8526, 64.23
2026/07/13 00:06:55.703, 7, 0, 8526, 61.08
2026/07/13 00:06:56.713, 0, 19, 8526, 64.17
2026/07/13 00:06:56.719, 1, 17, 8526, 60.95
2026/07/13 00:06:56.729, 2, 22, 8526, 61.62
2026/07/13 00:06:56.729, 3, 23, 8526, 63.23
2026/07/13 00:06:56.729, 4, 24, 8526, 65.31
2026/07/13 00:06:56.729, 5, 24, 8526, 61.56
2026/07/13 00:06:56.729, 6, 25, 8526, 65.38
2026/07/13 00:06:56.729, 7, 15, 8526, 62.83
2026/07/13 00:06:57.729, 0, 22, 8526, 65.98
2026/07/13 00:06:57.827, 1, 21, 8526, 62.76
2026/07/13 00:06:57.827, 2, 22, 8526, 105.38
2026/07/13 00:06:57.827, 3, 21, 8526, 64.37
2026/07/13 00:06:57.827, 4, 21, 8526, 66.79
2026/07/13 00:06:57.827, 5, 22, 8526, 129.94
2026/07/13 00:06:57.828, 6, 22, 8526, 67.45
2026/07/13 00:06:57.828, 7, 21, 8526, 64.30
2026/07/13 00:06:58.828, 0, 100, 8526, 201.46
2026/07/13 00:06:58.830, 1, 100, 8526, 220.22
2026/07/13 00:06:58.831, 2, 100, 8526, 199.05
2026/07/13 00:06:58.833, 3, 100, 8526, 222.06
2026/07/13 00:06:58.833, 4, 100, 8526, 199.47
2026/07/13 00:06:58.833, 5, 100, 8526, 181.46
2026/07/13 00:06:58.833, 6, 100, 8526, 207.88
2026/07/13 00:06:58.833, 7, 100, 8526, 185.01
2026/07/13 00:06:59.833, 0, 6, 8526, 78.51
2026/07/13 00:06:59.840, 1, 7, 8526, 72.67
2026/07/13 00:06:59.840, 2, 5, 8526, 73.70
2026/07/13 00:06:59.840, 3, 6, 8526, 75.21
2026/07/13 00:06:59.840, 4, 7, 8526, 80.58
2026/07/13 00:06:59.840, 5, 6, 8526, 73.29
2026/07/13 00:06:59.840, 6, 6, 8526, 79.79
2026/07/13 00:06:59.840, 7, 6, 8526, 75.71
2026/07/13 00:07:00.842, 0, 9, 8526, 78.78
2026/07/13 00:07:00.846, 1, 9, 8526, 73.54
2026/07/13 00:07:00.856, 2, 10, 8526, 59.00
2026/07/13 00:07:00.856, 3, 9, 8526, 76.08
2026/07/13 00:07:00.856, 4, 7, 8526, 80.58
2026/07/13 00:07:00.856, 5, 9, 8526, 73.89
2026/07/13 00:07:00.856, 6, 9, 8526, 80.06
2026/07/13 00:07:00.856, 7, 6, 8526, 76.32
2026/07/13 00:07:01.856, 0, 7, 8526, 77.63
2026/07/13 00:07:01.882, 1, 52, 8526, 71.47
2026/07/13 00:07:01.882, 2, 6, 8526, 66.04
2026/07/13 00:07:01.882, 3, 32, 8526, 59.09
2026/07/13 00:07:01.882, 4, 46, 8526, 70.01
2026/07/13 00:07:01.882, 5, 9, 8526, 72.75
2026/07/13 00:07:01.882, 6, 10, 8526, 78.86
2026/07/13 00:07:01.883, 7, 52, 8526, 74.85
2026/07/13 00:07:02.883, 0, 2, 8526, 78.23
2026/07/13 00:07:02.887, 1, 3, 8526, 72.07
2026/07/13 00:07:02.887, 2, 4, 8526, 66.65
2026/07/13 00:07:02.887, 3, 3, 8526, 59.42
2026/07/13 00:07:02.887, 4, 3, 8526, 68.81
2026/07/13 00:07:02.887, 5, 3, 8526, 73.62
2026/07/13 00:07:02.887, 6, 3, 8526, 79.46
2026/07/13 00:07:02.887, 7, 3, 8526, 75.17
2026/07/13 00:07:03.887, 0, 10, 8526, 63.91
2026/07/13 00:07:03.887, 1, 10, 8526, 57.68
2026/07/13 00:07:03.887, 2, 17, 8526, 57.53
2026/07/13 00:07:03.887, 3, 10, 8526, 59.69
2026/07/13 00:07:03.887, 4, 9, 8526, 62.95
2026/07/13 00:07:03.887, 5, 11, 8526, 61.02
2026/07/13 00:07:03.887, 6, 9, 8526, 64.23
2026/07/13 00:07:03.887, 7, 10, 8526, 60.47
2026/07/13 00:07:04.888, 0, 12, 8526, 82.32
2026/07/13 00:07:04.951, 1, 14, 8526, 60.35
2026/07/13 00:07:04.952, 2, 12, 8526, 78.67
2026/07/13 00:07:04.952, 3, 13, 8526, 69.65
2026/07/13 00:07:04.952, 4, 12, 8526, 83.81
2026/07/13 00:07:04.953, 5, 13, 8526, 77.12
2026/07/13 00:07:04.953, 6, 19, 8526, 83.46
2026/07/13 00:07:04.953, 7, 11, 8526, 80.14
2026/07/13 00:07:05.953, 0, 14, 8526, 85.81
2026/07/13 00:07:05.955, 1, 27, 8526, 61.22
2026/07/13 00:07:05.964, 2, 16, 8526, 81.89
2026/07/13 00:07:05.965, 3, 17, 8526, 72.00
2026/07/13 00:07:05.965, 4, 0, 8526, 84.74
2026/07/13 00:07:05.966, 5, 17, 8526, 80.06
2026/07/13 00:07:05.975, 6, 4, 8526, 77.90
2026/07/13 00:07:05.975, 7, 11, 8526, 84.24
2026/07/13 00:07:06.975, 0, 100, 8526, 207.22
2026/07/13 00:07:06.977, 1, 20, 8526, 62.31
2026/07/13 00:07:06.978, 2, 100, 8526, 191.03
2026/07/13 00:07:06.979, 3, 86, 8526, 191.31
2026/07/13 00:07:06.979, 4, 20, 8526, 66.99
2026/07/13 00:07:06.979, 5, 100, 8526, 193.70
2026/07/13 00:07:06.979, 6, 22, 8526, 80.76
2026/07/13 00:07:06.979, 7, 56, 8526, 136.11
2026/07/13 00:07:07.979, 0, 15, 8526, 81.04
2026/07/13 00:07:07.984, 1, 100, 8526, 221.88
2026/07/13 00:07:07.984, 2, 73, 8526, 74.77
2026/07/13 00:07:07.984, 3, 87, 8526, 76.28
2026/07/13 00:07:07.985, 4, 100, 8526, 189.41
2026/07/13 00:07:07.985, 5, 34, 8526, 75.89
2026/07/13 00:07:07.985, 6, 100, 8526, 194.92
2026/07/13 00:07:07.985, 7, 100, 8526, 183.12
2026/07/13 00:07:08.985, 0, 5, 8526, 77.90
2026/07/13 00:07:08.991, 1, 7, 8526, 72.95
2026/07/13 00:07:08.991, 2, 5, 8526, 73.97
2026/07/13 00:07:08.992, 3, 6, 8526, 75.21
2026/07/13 00:07:08.992, 4, 6, 8526, 80.04
2026/07/13 00:07:08.992, 5, 5, 8526, 72.75
2026/07/13 00:07:08.992, 6, 5, 8526, 79.46
2026/07/13 00:07:08.992, 7, 6, 8526, 76.59
2026/07/13 00:07:09.992, 0, 12, 8526, 61.22
2026/07/13 00:07:10.001, 1, 9, 8526, 73.82
2026/07/13 00:07:10.002, 2, 11, 8526, 58.73
2026/07/13 00:07:10.002, 3, 11, 8526, 60.29
2026/07/13 00:07:10.002, 4, 4, 8526, 80.58
2026/07/13 00:07:10.002, 5, 12, 8526, 58.94
2026/07/13 00:07:10.011, 6, 9, 8526, 63.36
2026/07/13 00:07:10.021, 7, 6, 8526, 60.75
2026/07/13 00:07:11.022, 0, 7, 8526, 60.95
2026/07/13 00:07:11.022, 1, 11, 8526, 61.22
2026/07/13 00:07:11.022, 2, 7, 8526, 61.95
2026/07/13 00:07:11.022, 3, 11, 8526, 75.81
2026/07/13 00:07:11.022, 4, 39, 8526, 62.36
2026/07/13 00:07:11.022, 5, 7, 8526, 58.07
2026/07/13 00:07:11.022, 6, 10, 8526, 62.44
2026/07/13 00:07:11.022, 7, 46, 8526, 67.80
2026/07/13 00:07:12.022, 0, 9, 8526, 60.95
2026/07/13 00:07:12.025, 1, 4, 8526, 72.07
2026/07/13 00:07:12.025, 2, 8, 8526, 61.95
2026/07/13 00:07:12.025, 3, 4, 8526, 74.01
2026/07/13 00:07:12.025, 4, 3, 8526, 62.36
2026/07/13 00:07:12.025, 5, 11, 8526, 58.94
2026/07/13 00:07:12.025, 6, 3, 8526, 62.76
2026/07/13 00:07:12.025, 7, 4, 8526, 66.32
2026/07/13 00:07:13.025, 0, 11, 8526, 62.10
2026/07/13 00:07:13.027, 1, 8, 8526, 58.07
2026/07/13 00:07:13.027, 2, 31, 8526, 57.80
2026/07/13 00:07:13.027, 3, 8, 8526, 59.69
2026/07/13 00:07:13.027, 4, 9, 8526, 62.63
2026/07/13 00:07:13.027, 5, 82, 8526, 79.46
2026/07/13 00:07:13.027, 6, 11, 8526, 65.38
2026/07/13 00:07:13.036, 7, 10, 8526, 60.47
2026/07/13 00:07:14.045, 0, 21, 8526, 82.92
2026/07/13 00:07:14.045, 1, 26, 8526, 64.44
2026/07/13 00:07:14.045, 2, 12, 8526, 78.94
2026/07/13 00:07:14.046, 3, 16, 8526, 79.29
2026/07/13 00:07:14.046, 4, 12, 8526, 84.14
2026/07/13 00:07:14.046, 5, 19, 8526, 77.99
2026/07/13 00:07:14.046, 6, 16, 8526, 84.39
2026/07/13 00:07:14.046, 7, 15, 8526, 62.83
2026/07/13 00:07:15.046, 0, 13, 8526, 88.16
2026/07/13 00:07:15.047, 1, 22, 8526, 67.66
2026/07/13 00:07:15.047, 2, 11, 8526, 83.97
2026/07/13 00:07:15.047, 3, 8, 8526, 83.71
2026/07/13 00:07:15.047, 4, 8, 8526, 87.97
2026/07/13 00:07:15.047, 5, 12, 8526, 81.81
2026/07/13 00:07:15.047, 6, 10, 8526, 89.08
2026/07/13 00:07:15.047, 7, 8, 8526, 65.18
2026/07/13 00:07:16.047, 0, 22, 8526, 138.44
2026/07/13 00:07:16.047, 1, 20, 8526, 125.26
2026/07/13 00:07:16.050, 2, 53, 8526, 193.38
2026/07/13 00:07:16.051, 3, 20, 8526, 132.75
2026/07/13 00:07:16.051, 4, 41, 8526, 133.44
2026/07/13 00:07:16.051, 5, 45, 8526, 156.20
2026/07/13 00:07:16.051, 6, 56, 8526, 144.47
2026/07/13 00:07:16.051, 7, 28, 8526, 137.44
2026/07/13 00:07:17.051, 0, 100, 8526, 198.25
2026/07/13 00:07:17.059, 1, 100, 8526, 184.41
2026/07/13 00:07:17.068, 2, 100, 8526, 78.59
2026/07/13 00:07:17.068, 3, 100, 8526, 183.62
2026/07/13 00:07:17.068, 4, 100, 8526, 190.27
2026/07/13 00:07:17.068, 5, 100, 8526, 75.89
2026/07/13 00:07:17.068, 6, 100, 8526, 89.27
2026/07/13 00:07:17.068, 7, 100, 8526, 174.53
2026/07/13 00:07:18.069, 0, 4, 8526, 77.90
2026/07/13 00:07:18.069, 1, 6, 8526, 72.95
2026/07/13 00:07:18.069, 2, 5, 8526, 73.70
2026/07/13 00:07:18.069, 3, 5, 8526, 75.21
2026/07/13 00:07:18.069, 4, 5, 8526, 80.31
2026/07/13 00:07:18.069, 5, 5, 8526, 73.29
2026/07/13 00:07:18.069, 6, 5, 8526, 79.19
2026/07/13 00:07:18.070, 7, 5, 8526, 78.39
2026/07/13 00:07:19.070, 0, 9, 8526, 61.88
2026/07/13 00:07:19.100, 1, 9, 8526, 73.54
2026/07/13 00:07:19.100, 2, 12, 8526, 58.73
2026/07/13 00:07:19.101, 3, 9, 8526, 60.29
2026/07/13 00:07:19.101, 4, 9, 8526, 80.91
2026/07/13 00:07:19.101, 5, 9, 8526, 59.54
2026/07/13 00:07:19.101, 6, 12, 8526, 63.03
2026/07/13 00:07:19.101, 7, 8, 8526, 73.37
2026/07/13 00:07:20.101, 0, 11, 8526, 73.54
2026/07/13 00:07:20.102, 1, 44, 8526, 61.29
2026/07/13 00:07:20.102, 2, 7, 8526, 58.40
2026/07/13 00:07:20.102, 3, 32, 8526, 59.69
2026/07/13 00:07:20.103, 4, 6, 8526, 67.06
2026/07/13 00:07:20.103, 5, 6, 8526, 66.85
2026/07/13 00:07:20.103, 6, 6, 8526, 78.86
2026/07/13 00:07:20.103, 7, 53, 8526, 76.32
2026/07/13 00:07:21.103, 0, 3, 8526, 74.42
2026/07/13 00:07:21.103, 1, 3, 8526, 60.63
2026/07/13 00:07:21.103, 2, 10, 8526, 59.00
2026/07/13 00:07:21.103, 3, 4, 8526, 59.42
2026/07/13 00:07:21.103, 4, 2, 8526, 65.58
2026/07/13 00:07:21.103, 5, 9, 8526, 67.12
2026/07/13 00:07:21.103, 6, 4, 8526, 79.46
2026/07/13 00:07:21.103, 7, 3, 8526, 75.17
2026/07/13 00:07:22.103, 0, 11, 8526, 60.95
2026/07/13 00:07:22.104, 1, 10, 8526, 57.68
2026/07/13 00:07:22.104, 2, 62, 8526, 80.42
2026/07/13 00:07:22.104, 3, 10, 8526, 59.69
2026/07/13 00:07:22.104, 4, 6, 8526, 63.23
2026/07/13 00:07:22.105, 5, 63, 8526, 79.79
2026/07/13 00:07:22.105, 6, 18, 8526, 65.11
2026/07/13 00:07:22.105, 7, 10, 8526, 60.47
2026/07/13 00:07:23.106, 0, 12, 8526, 82.92
2026/07/13 00:07:23.106, 1, 12, 8526, 71.20
2026/07/13 00:07:23.115, 2, 12, 8526, 78.67
2026/07/13 00:07:23.115, 3, 15, 8526, 62.31
2026/07/13 00:07:23.115, 4, 11, 8526, 84.14
2026/07/13 00:07:23.115, 5, 8, 8526, 75.97
2026/07/13 00:07:23.115, 6, 12, 8526, 83.46
2026/07/13 00:07:23.115, 7, 15, 8526, 62.83
2026/07/13 00:07:24.115, 0, 16, 8526, 86.41
2026/07/13 00:07:24.116, 1, 9, 8526, 72.95
2026/07/13 00:07:24.124, 2, 17, 8526, 81.89
2026/07/13 00:07:24.124, 3, 20, 8526, 64.10
2026/07/13 00:07:24.124, 4, 15, 8526, 86.49
2026/07/13 00:07:24.124, 5, 16, 8526, 79.46
2026/07/13 00:07:24.125, 6, 16, 8526, 87.10
2026/07/13 00:07:24.125, 7, 8, 8526, 64.30
2026/07/13 00:07:25.125, 0, 98, 8526, 207.34
2026/07/13 00:07:25.125, 1, 31, 8526, 141.24
2026/07/13 00:07:25.126, 2, 100, 8526, 202.54
2026/07/13 00:07:25.126, 3, 93, 8526, 191.63
2026/07/13 00:07:25.127, 4, 100, 8526, 199.75
2026/07/13 00:07:25.127, 5, 76, 8526, 191.43
2026/07/13 00:07:25.127, 6, 100, 8526, 204.68
2026/07/13 00:07:25.128, 7, 45, 8526, 163.23
2026/07/13 00:07:26.132, 0, 75, 8526, 79.71
2026/07/13 00:07:26.132, 1, 100, 8526, 79.38
2026/07/13 00:07:26.132, 2, 67, 8526, 81.62
2026/07/13 00:07:26.132, 3, 80, 8526, 74.61
2026/07/13 00:07:26.132, 4, 50, 8526, 84.74
2026/07/13 00:07:26.132, 5, 20, 8526, 76.24
2026/07/13 00:07:26.132, 6, 30, 8526, 81.45
2026/07/13 00:07:26.132, 7, 100, 8526, 76.32
2026/07/13 00:07:27.132, 0, 4, 8526, 78.51
2026/07/13 00:07:27.133, 1, 5, 8526, 72.34
2026/07/13 00:07:27.133, 2, 4, 8526, 73.97
2026/07/13 00:07:27.133, 3, 5, 8526, 74.61
2026/07/13 00:07:27.133, 4, 4, 8526, 80.31
2026/07/13 00:07:27.133, 5, 4, 8526, 73.02
2026/07/13 00:07:27.133, 6, 4, 8526, 79.19
2026/07/13 00:07:27.133, 7, 5, 8526, 75.17
2026/07/13 00:07:28.133, 0, 12, 8526, 61.56
2026/07/13 00:07:28.141, 1, 11, 8526, 58.07
2026/07/13 00:07:28.149, 2, 12, 8526, 58.73
2026/07/13 00:07:28.149, 3, 11, 8526, 60.29
2026/07/13 00:07:28.149, 4, 11, 8526, 63.23
2026/07/13 00:07:28.149, 5, 12, 8526, 59.21
2026/07/13 00:07:28.149, 6, 12, 8526, 63.03
2026/07/13 00:07:28.149, 7, 11, 8526, 60.75
2026/07/13 00:07:29.150, 0, 5, 8526, 70.87
2026/07/13 00:07:29.151, 1, 1, 8526, 65.31
2026/07/13 00:07:29.151, 2, 6, 8526, 61.95
2026/07/13 00:07:29.152, 3, 6, 8526, 72.60
2026/07/13 00:07:29.152, 4, 7, 8526, 62.63
2026/07/13 00:07:29.152, 5, 5, 8526, 64.50
2026/07/13 00:07:29.152, 6, 4, 8526, 79.11
2026/07/13 00:07:29.152, 7, 6, 8526, 73.70
2026/07/13 00:07:30.152, 0, 3, 8526, 70.00
2026/07/13 00:07:30.152, 1, 3, 8526, 65.64
2026/07/13 00:07:30.152, 2, 3, 8526, 61.35
2026/07/13 00:07:30.152, 3, 3, 8526, 72.27
2026/07/13 00:07:30.152, 4, 3, 8526, 62.08
2026/07/13 00:07:30.152, 5, 9, 8526, 64.78
2026/07/13 00:07:30.152, 6, 2, 8526, 80.33
2026/07/13 00:07:30.152, 7, 1, 8526, 73.70
2026/07/13 00:07:31.152, 0, 11, 8526, 61.29
2026/07/13 00:07:31.157, 1, 10, 8526, 58.07
2026/07/13 00:07:31.157, 2, 11, 8526, 63.10
2026/07/13 00:07:31.157, 3, 10, 8526, 59.96
2026/07/13 00:07:31.157, 4, 10, 8526, 62.95
2026/07/13 00:07:31.157, 5, 83, 8526, 61.29
2026/07/13 00:07:31.157, 6, 42, 8526, 63.91
2026/07/13 00:07:31.157, 7, 10, 8526, 60.47
2026/07/13 00:07:32.158, 0, 12, 8526, 83.46
2026/07/13 00:07:32.164, 1, 8, 8526, 76.16
2026/07/13 00:07:32.164, 2, 12, 8526, 78.67
2026/07/13 00:07:32.164, 3, 12, 8526, 79.02
2026/07/13 00:07:32.173, 4, 12, 8526, 84.42
2026/07/13 00:07:32.182, 5, 12, 8526, 77.44
2026/07/13 00:07:32.182, 6, 11, 8526, 85.81
2026/07/13 00:07:32.182, 7, 15, 8526, 63.10
2026/07/13 00:07:33.182, 0, 16, 8526, 86.74
2026/07/13 00:07:33.182, 1, 11, 8526, 81.72
2026/07/13 00:07:33.182, 2, 12, 8526, 81.29
2026/07/13 00:07:33.182, 3, 9, 8526, 84.58
2026/07/13 00:07:33.182, 4, 8, 8526, 89.12
2026/07/13 00:07:33.182, 5, 16, 8526, 80.33
2026/07/13 00:07:33.182, 6, 14, 8526, 86.83
2026/07/13 00:07:33.182, 7, 18, 8526, 64.30
2026/07/13 00:07:34.182, 0, 100, 8526, 201.19
2026/07/13 00:07:34.182, 1, 50, 8526, 133.62
2026/07/13 00:07:34.182, 2, 86, 8526, 199.26
2026/07/13 00:07:34.182, 3, 50, 8526, 176.15
2026/07/13 00:07:34.183, 4, 87, 8526, 139.74
2026/07/13 00:07:34.183, 5, 100, 8526, 197.26
2026/07/13 00:07:34.183, 6, 100, 8526, 198.25
2026/07/13 00:07:34.183, 7, 89, 8526, 192.03
2026/07/13 00:07:35.183, 0, 34, 8526, 78.78
2026/07/13 00:07:35.251, 1, 100, 8526, 91.97
2026/07/13 00:07:35.252, 2, 18, 8526, 74.85
2026/07/13 00:07:35.252, 3, 41, 8526, 75.48
2026/07/13 00:07:35.252, 4, 85, 8526, 80.91
2026/07/13 00:07:35.252, 5, 63, 8526, 74.50
2026/07/13 00:07:35.252, 6, 74, 8526, 81.72
2026/07/13 00:07:35.252, 7, 83, 8526, 76.59
2026/07/13 00:07:36.252, 0, 4, 8526, 78.23
2026/07/13 00:07:36.254, 1, 5, 8526, 72.34
2026/07/13 00:07:36.254, 2, 4, 8526, 73.97
2026/07/13 00:07:36.254, 3, 4, 8526, 74.61
2026/07/13 00:07:36.255, 4, 5, 8526, 80.58
2026/07/13 00:07:36.255, 5, 4, 8526, 73.89
2026/07/13 00:07:36.255, 6, 4, 8526, 79.46
2026/07/13 00:07:36.255, 7, 5, 8526, 75.71
2026/07/13 00:07:37.256, 0, 12, 8526, 61.88
2026/07/13 00:07:37.256, 1, 9, 8526, 58.34
2026/07/13 00:07:37.256, 2, 12, 8526, 59.00
2026/07/13 00:07:37.256, 3, 11, 8526, 60.29
2026/07/13 00:07:37.256, 4, 11, 8526, 63.23
2026/07/13 00:07:37.256, 5, 12, 8526, 59.21
2026/07/13 00:07:37.256, 6, 12, 8526, 63.03
2026/07/13 00:07:37.256, 7, 11, 8526, 60.75
2026/07/13 00:07:38.256, 0, 4, 8526, 77.90
2026/07/13 00:07:38.258, 1, 11, 8526, 57.41
2026/07/13 00:07:38.258, 2, 6, 8526, 58.13
2026/07/13 00:07:38.258, 3, 6, 8526, 71.12
2026/07/13 00:07:38.258, 4, 5, 8526, 80.31
2026/07/13 00:07:38.258, 5, 5, 8526, 73.89
2026/07/13 00:07:38.258, 6, 6, 8526, 69.80
2026/07/13 00:07:38.258, 7, 6, 8526, 69.87
2026/07/13 00:07:39.258, 0, 8, 8526, 79.11
2026/07/13 00:07:39.259, 1, 3, 8526, 58.01
2026/07/13 00:07:39.259, 2, 11, 8526, 59.00
2026/07/13 00:07:39.259, 3, 2, 8526, 70.80
2026/07/13 00:07:39.259, 4, 2, 8526, 80.58
2026/07/13 00:07:39.259, 5, 8, 8526, 73.29
2026/07/13 00:07:39.259, 6, 9, 8526, 67.45
2026/07/13 00:07:39.259, 7, 1, 8526, 69.87
2026/07/13 00:07:40.259, 0, 100, 8526, 64.17
2026/07/13 00:07:40.259, 1, 10, 8526, 57.68
2026/07/13 00:07:40.259, 2, 100, 8526, 80.74
2026/07/13 00:07:40.259, 3, 10, 8526, 59.69
2026/07/13 00:07:40.259, 4, 10, 8526, 64.11
2026/07/13 00:07:40.259, 5, 100, 8526, 79.46
2026/07/13 00:07:40.259, 6, 83, 8526, 85.90
2026/07/13 00:07:40.259, 7, 11, 8526, 63.42
2026/07/13 00:07:41.260, 0, 11, 8526, 83.46
2026/07/13 00:07:41.267, 1, 14, 8526, 60.63
2026/07/13 00:07:41.268, 2, 11, 8526, 79.27
2026/07/13 00:07:41.268, 3, 14, 8526, 62.31
2026/07/13 00:07:41.268, 4, 10, 8526, 84.74
2026/07/13 00:07:41.268, 5, 12, 8526, 76.84
2026/07/13 00:07:41.268, 6, 11, 8526, 84.75
2026/07/13 00:07:41.268, 7, 11, 8526, 79.54
2026/07/13 00:07:42.268, 0, 17, 8526, 85.81
2026/07/13 00:07:42.269, 1, 20, 8526, 61.82
2026/07/13 00:07:42.269, 2, 17, 8526, 81.89
2026/07/13 00:07:42.269, 3, 21, 8526, 64.10
2026/07/13 00:07:42.269, 4, 16, 8526, 87.64
2026/07/13 00:07:42.269, 5, 17, 8526, 80.33
2026/07/13 00:07:42.269, 6, 17, 8526, 80.33
2026/07/13 00:07:42.269, 7, 16, 8526, 82.22
2026/07/13 00:07:43.269, 0, 100, 8526, 223.99
2026/07/13 00:07:43.279, 1, 100, 8526, 205.00
2026/07/13 00:07:43.287, 2, 100, 8526, 213.11
2026/07/13 00:07:43.288, 3, 100, 8526, 208.32
2026/07/13 00:07:43.288, 4, 100, 8526, 206.18
2026/07/13 00:07:43.288, 5, 100, 8526, 208.42
2026/07/13 00:07:43.288, 6, 100, 8526, 219.04
2026/07/13 00:07:43.288, 7, 100, 8526, 205.21
2026/07/13 00:07:44.288, 0, 9, 8526, 79.11
2026/07/13 00:07:44.288, 1, 15, 8526, 73.22
2026/07/13 00:07:44.288, 2, 7, 8526, 74.85
2026/07/13 00:07:44.288, 3, 12, 8526, 75.81
2026/07/13 00:07:44.288, 4, 14, 8526, 82.39
2026/07/13 00:07:44.289, 5, 11, 8526, 74.16
2026/07/13 00:07:44.289, 6, 13, 8526, 80.66
2026/07/13 00:07:44.289, 7, 15, 8526, 77.20
2026/07/13 00:07:45.289, 0, 3, 8526, 79.71
2026/07/13 00:07:45.290, 1, 4, 8526, 71.47
2026/07/13 00:07:45.290, 2, 5, 8526, 75.17
2026/07/13 00:07:45.291, 3, 3, 8526, 74.61
2026/07/13 00:07:45.291, 4, 4, 8526, 80.58
2026/07/13 00:07:45.291, 5, 3, 8526, 74.16
2026/07/13 00:07:45.291, 6, 4, 8526, 80.58
2026/07/13 00:07:45.291, 7, 4, 8526, 74.57
2026/07/13 00:07:46.291, 0, 34, 8526, 64.78
2026/07/13 00:07:46.291, 1, 11, 8526, 58.28
2026/07/13 00:07:46.291, 2, 50, 8526, 74.85
2026/07/13 00:07:46.291, 3, 11, 8526, 60.29
2026/07/13 00:07:46.291, 4, 11, 8526, 63.83
2026/07/13 00:07:46.291, 5, 12, 8526, 58.94
2026/07/13 00:07:46.291, 6, 12, 8526, 77.12
2026/07/13 00:07:46.291, 7, 11, 8526, 60.75
2026/07/13 00:07:47.291, 0, 4, 8526, 60.95
2026/07/13 00:07:47.296, 1, 6, 8526, 72.34
2026/07/13 00:07:47.307, 2, 3, 8526, 70.48
2026/07/13 00:07:47.317, 3, 5, 8526, 72.27
2026/07/13 00:07:47.317, 4, 5, 8526, 77.68
2026/07/13 00:07:47.317, 5, 4, 8526, 73.02
2026/07/13 00:07:47.317, 6, 5, 8526, 67.73
2026/07/13 00:07:47.317, 7, 5, 8526, 75.71
2026/07/13 00:07:48.317, 0, 11, 8526, 61.49
2026/07/13 00:07:48.319, 1, 5, 8526, 72.67
2026/07/13 00:07:48.319, 2, 11, 8526, 58.73
2026/07/13 00:07:48.319, 3, 8, 8526, 72.87
2026/07/13 00:07:48.319, 4, 8, 8526, 78.23
2026/07/13 00:07:48.319, 5, 8, 8526, 59.21
2026/07/13 00:07:48.319, 6, 9, 8526, 63.03
2026/07/13 00:07:48.319, 7, 8, 8526, 76.59
2026/07/13 00:07:49.320, 0, 100, 8526, 85.81
2026/07/13 00:07:49.337, 1, 15, 8526, 59.48
2026/07/13 00:07:49.337, 2, 53, 8526, 79.27
2026/07/13 00:07:49.337, 3, 38, 8526, 61.43
2026/07/13 00:07:49.337, 4, 16, 8526, 108.44
2026/07/13 00:07:49.337, 5, 47, 8526, 77.71
2026/07/13 00:07:49.337, 6, 100, 8526, 89.17
2026/07/13 00:07:49.338, 7, 38, 8526, 81.62
2026/07/13 00:07:50.338, 0, 16, 8526, 85.54
2026/07/13 00:07:50.348, 1, 26, 8526, 57.47
2026/07/13 00:07:50.348, 2, 21, 8526, 73.70
2026/07/13 00:07:50.348, 3, 22, 8526, 63.51
2026/07/13 00:07:50.348, 4, 27, 8526, 67.33
2026/07/13 00:07:50.348, 5, 19, 8526, 81.21
2026/07/13 00:07:50.348, 6, 20, 8526, 85.90
2026/07/13 00:07:50.348, 7, 18, 8526, 59.60
2026/07/13 00:07:51.349, 0, 17, 8526, 66.58
2026/07/13 00:07:51.349, 1, 20, 8526, 61.82
2026/07/13 00:07:51.349, 2, 22, 8526, 63.70
2026/07/13 00:07:51.350, 3, 20, 8526, 64.65
2026/07/13 00:07:51.350, 4, 21, 8526, 67.66
2026/07/13 00:07:51.350, 5, 22, 8526, 131.96
2026/07/13 00:07:51.350, 6, 22, 8526, 68.06
2026/07/13 00:07:51.350, 7, 20, 8526, 64.57
2026/07/13 00:07:52.350, 0, 100, 8526, 210.82
2026/07/13 00:07:52.352, 1, 100, 8526, 209.08
2026/07/13 00:07:52.355, 2, 100, 8526, 190.76
2026/07/13 00:07:52.355, 3, 100, 8526, 189.29
2026/07/13 00:07:52.362, 4, 100, 8526, 192.10
2026/07/13 00:07:52.364, 5, 100, 8526, 216.00
2026/07/13 00:07:52.365, 6, 100, 8526, 190.97
2026/07/13 00:07:52.366, 7, 100, 8526, 201.94
2026/07/13 00:07:53.367, 0, 7, 8526, 77.90
2026/07/13 00:07:53.371, 1, 11, 8526, 72.95
2026/07/13 00:07:53.371, 2, 6, 8526, 73.37
2026/07/13 00:07:53.371, 3, 6, 8526, 75.48
2026/07/13 00:07:53.371, 4, 6, 8526, 81.18
2026/07/13 00:07:53.371, 5, 2, 8526, 73.02
2026/07/13 00:07:53.371, 6, 3, 8526, 79.19
2026/07/13 00:07:53.371, 7, 6, 8526, 76.92
2026/07/13 00:07:54.372, 0, 8, 8526, 62.37
2026/07/13 00:07:54.372, 1, 4, 8526, 72.07
2026/07/13 00:07:54.372, 2, 3, 8526, 59.60
2026/07/13 00:07:54.372, 3, 4, 8526, 74.34
2026/07/13 00:07:54.372, 4, 3, 8526, 81.79
2026/07/13 00:07:54.372, 5, 9, 8526, 74.16
2026/07/13 00:07:54.372, 6, 9, 8526, 75.64
2026/07/13 00:07:54.372, 7, 4, 8526, 75.17
2026/07/13 00:07:55.373, 0, 53, 8526, 78.51
2026/07/13 00:07:55.374, 1, 11, 8526, 58.07
2026/07/13 00:07:55.374, 2, 34, 8526, 58.40
2026/07/13 00:07:55.374, 3, 11, 8526, 60.29
2026/07/13 00:07:55.374, 4, 11, 8526, 63.55
2026/07/13 00:07:55.374, 5, 7, 8526, 73.02
2026/07/13 00:07:55.374, 6, 18, 8526, 68.33
2026/07/13 00:07:55.374, 7, 11, 8526, 60.75
2026/07/13 00:07:56.375, 0, 3, 8526, 77.90
2026/07/13 00:07:56.381, 1, 6, 8526, 58.94
2026/07/13 00:07:56.382, 2, 4, 8526, 58.40
2026/07/13 00:07:56.382, 3, 5, 8526, 74.94
2026/07/13 00:07:56.382, 4, 5, 8526, 65.31
2026/07/13 00:07:56.382, 5, 2, 8526, 72.75
2026/07/13 00:07:56.392, 6, 3, 8526, 67.45
2026/07/13 00:07:56.392, 7, 5, 8526, 65.77
2026/07/13 00:07:57.392, 0, 10, 8526, 61.56
2026/07/13 00:07:57.392, 1, 10, 8526, 59.21
2026/07/13 00:07:57.392, 2, 11, 8526, 58.73
2026/07/13 00:07:57.392, 3, 8, 8526, 75.21
2026/07/13 00:07:57.392, 4, 9, 8526, 62.95
2026/07/13 00:07:57.392, 5, 11, 8526, 58.94
2026/07/13 00:07:57.392, 6, 11, 8526, 62.76
2026/07/13 00:07:57.392, 7, 9, 8526, 66.04
2026/07/13 00:07:58.392, 0, 45, 8526, 83.46
2026/07/13 00:07:58.412, 1, 30, 8526, 60.95
2026/07/13 00:07:58.412, 2, 100, 8526, 97.46
2026/07/13 00:07:58.412, 3, 34, 8526, 62.90
2026/07/13 00:07:58.413, 4, 28, 8526, 66.18
2026/07/13 00:07:58.413, 5, 24, 8526, 78.59
2026/07/13 00:07:58.413, 6, 22, 8526, 84.16
2026/07/13 00:07:58.413, 7, 18, 8526, 63.70
2026/07/13 00:07:59.413, 0, 20, 8526, 86.74
2026/07/13 00:07:59.422, 1, 27, 8526, 57.13
2026/07/13 00:07:59.422, 2, 20, 8526, 77.52
2026/07/13 00:07:59.422, 3, 23, 8526, 62.03
2026/07/13 00:07:59.422, 4, 27, 8526, 62.36
2026/07/13 00:07:59.422, 5, 13, 8526, 72.15
2026/07/13 00:07:59.422, 6, 12, 8526, 84.94
2026/07/13 00:07:59.422, 7, 27, 8526, 60.47
2026/07/13 00:08:00.422, 0, 21, 8526, 135.64
2026/07/13 00:08:00.422, 1, 20, 8526, 62.37
2026/07/13 00:08:00.423, 2, 20, 8526, 63.70
2026/07/13 00:08:00.428, 3, 20, 8526, 64.37
2026/07/13 00:08:00.428, 4, 22, 8526, 114.02
2026/07/13 00:08:00.435, 5, 34, 8526, 135.51
2026/07/13 00:08:00.435, 6, 29, 8526, 129.48
2026/07/13 00:08:00.442, 7, 20, 8526, 64.85
2026/07/13 00:08:01.442, 0, 100, 8526, 195.64
2026/07/13 00:08:01.447, 1, 100, 8526, 197.38
2026/07/13 00:08:01.447, 2, 100, 8526, 219.53
2026/07/13 00:08:01.447, 3, 100, 8526, 217.39
2026/07/13 00:08:01.447, 4, 100, 8526, 201.43
2026/07/13 00:08:01.447, 5, 100, 8526, 185.01
2026/07/13 00:08:01.447, 6, 100, 8526, 189.17
2026/07/13 00:08:01.447, 7, 100, 8526, 189.96
2026/07/13 00:08:02.447, 0, 5, 8526, 79.11
2026/07/13 00:08:02.458, 1, 6, 8526, 72.67
2026/07/13 00:08:02.458, 2, 5, 8526, 74.57
2026/07/13 00:08:02.458, 3, 6, 8526, 75.48
2026/07/13 00:08:02.458, 4, 5, 8526, 80.58
2026/07/13 00:08:02.459, 5, 5, 8526, 73.29
2026/07/13 00:08:02.459, 6, 5, 8526, 79.98
2026/07/13 00:08:02.459, 7, 6, 8526, 76.59
2026/07/13 00:08:03.459, 0, 9, 8526, 62.37
2026/07/13 00:08:03.466, 1, 9, 8526, 73.22
2026/07/13 00:08:03.466, 2, 9, 8526, 59.27
2026/07/13 00:08:03.466, 3, 9, 8526, 76.35
2026/07/13 00:08:03.466, 4, 9, 8526, 78.55
2026/07/13 00:08:03.466, 5, 10, 8526, 59.81
2026/07/13 00:08:03.466, 6, 9, 8526, 63.91
2026/07/13 00:08:03.466, 7, 7, 8526, 71.02
2026/07/13 00:08:04.466, 0, 8, 8526, 61.56
2026/07/13 00:08:04.466, 1, 54, 8526, 72.67
2026/07/13 00:08:04.467, 2, 9, 8526, 58.73
2026/07/13 00:08:04.467, 3, 12, 8526, 70.53
2026/07/13 00:08:04.467, 4, 7, 8526, 73.52
2026/07/13 00:08:04.467, 5, 6, 8526, 72.75
2026/07/13 00:08:04.467, 6, 6, 8526, 79.79
2026/07/13 00:08:04.468, 7, 53, 8526, 76.32
2026/07/13 00:08:05.468, 0, 3, 8526, 61.49
2026/07/13 00:08:05.540, 1, 3, 8526, 71.75
2026/07/13 00:08:05.540, 2, 2, 8526, 58.40
2026/07/13 00:08:05.540, 3, 3, 8526, 70.53
2026/07/13 00:08:05.540, 4, 2, 8526, 73.52
2026/07/13 00:08:05.540, 5, 8, 8526, 73.62
2026/07/13 00:08:05.540, 6, 3, 8526, 80.33
2026/07/13 00:08:05.540, 7, 3, 8526, 76.32
2026/07/13 00:08:06.540, 0, 13, 8526, 63.29
2026/07/13 00:08:06.548, 1, 10, 8526, 58.67
2026/07/13 00:08:06.548, 2, 15, 8526, 61.35
2026/07/13 00:08:06.548, 3, 10, 8526, 60.29
2026/07/13 00:08:06.548, 4, 10, 8526, 63.23
2026/07/13 00:08:06.548, 5, 100, 8526, 79.46
2026/07/13 00:08:06.548, 6, 19, 8526, 63.64
2026/07/13 00:08:06.548, 7, 10, 8526, 60.75
2026/07/13 00:08:07.558, 0, 12, 8526, 83.19
2026/07/13 00:08:07.558, 1, 14, 8526, 60.63
2026/07/13 00:08:07.558, 2, 12, 8526, 78.67
2026/07/13 00:08:07.558, 3, 15, 8526, 63.23
2026/07/13 00:08:07.558, 4, 14, 8526, 65.91
2026/07/13 00:08:07.558, 5, 11, 8526, 77.71
2026/07/13 00:08:07.558, 6, 11, 8526, 84.94
2026/07/13 00:08:07.558, 7, 14, 8526, 63.10
2026/07/13 00:08:08.559, 0, 17, 8526, 86.14
2026/07/13 00:08:08.564, 1, 20, 8526, 62.10
2026/07/13 00:08:08.564, 2, 17, 8526, 81.89
2026/07/13 00:08:08.564, 3, 21, 8526, 64.37
2026/07/13 00:08:08.564, 4, 20, 8526, 67.33
2026/07/13 00:08:08.564, 5, 17, 8526, 80.33
2026/07/13 00:08:08.564, 6, 16, 8526, 87.37
2026/07/13 00:08:08.564, 7, 21, 8526, 64.85
2026/07/13 00:08:09.564, 0, 100, 8526, 211.09
2026/07/13 00:08:09.569, 1, 100, 8526, 200.87
2026/07/13 00:08:09.569, 2, 100, 8526, 213.38
2026/07/13 00:08:09.570, 3, 100, 8526, 205.06
2026/07/13 00:08:09.570, 4, 86, 8526, 200.94
2026/07/13 00:08:09.570, 5, 100, 8526, 203.42
2026/07/13 00:08:09.570, 6, 100, 8526, 206.74
2026/07/13 00:08:09.570, 7, 100, 8526, 205.48
2026/07/13 00:08:10.570, 0, 19, 8526, 79.11
2026/07/13 00:08:10.576, 1, 12, 8526, 74.09
2026/07/13 00:08:10.576, 2, 16, 8526, 74.57
2026/07/13 00:08:10.576, 3, 16, 8526, 76.68
2026/07/13 00:08:10.576, 4, 86, 8526, 85.29
2026/07/13 00:08:10.576, 5, 12, 8526, 74.16
2026/07/13 00:08:10.576, 6, 25, 8526, 81.13
2026/07/13 00:08:10.577, 7, 14, 8526, 79.54
2026/07/13 00:08:11.577, 0, 3, 8526, 79.38
2026/07/13 00:08:11.580, 1, 4, 8526, 72.67
2026/07/13 00:08:11.580, 2, 4, 8526, 74.85
2026/07/13 00:08:11.580, 3, 4, 8526, 75.48
2026/07/13 00:08:11.580, 4, 5, 8526, 80.91
2026/07/13 00:08:11.580, 5, 3, 8526, 74.16
2026/07/13 00:08:11.580, 6, 4, 8526, 79.71
2026/07/13 00:08:11.580, 7, 4, 8526, 77.20
2026/07/13 00:08:12.580, 0, 9, 8526, 61.56
2026/07/13 00:08:12.582, 1, 11, 8526, 58.28
2026/07/13 00:08:12.582, 2, 12, 8526, 105.71
2026/07/13 00:08:12.582, 3, 11, 8526, 60.29
2026/07/13 00:08:12.582, 4, 11, 8526, 63.55
2026/07/13 00:08:12.582, 5, 12, 8526, 141.35
2026/07/13 00:08:12.582, 6, 12, 8526, 63.64
2026/07/13 00:08:12.583, 7, 12, 8526, 61.35
2026/07/13 00:08:13.583, 0, 6, 8526, 61.82
2026/07/13 00:08:13.585, 1, 6, 8526, 57.41
2026/07/13 00:08:13.585, 2, 5, 8526, 65.77
2026/07/13 00:08:13.585, 3, 5, 8526, 75.48
2026/07/13 00:08:13.586, 4, 5, 8526, 80.31
2026/07/13 00:08:13.586, 5, 4, 8526, 73.02
2026/07/13 00:08:13.586, 6, 5, 8526, 68.60
2026/07/13 00:08:13.586, 7, 5, 8526, 76.32
2026/07/13 00:08:14.586, 0, 10, 8526, 62.16
2026/07/13 00:08:14.594, 1, 6, 8526, 58.28
2026/07/13 00:08:14.594, 2, 9, 8526, 58.73
2026/07/13 00:08:14.594, 3, 8, 8526, 75.81
2026/07/13 00:08:14.594, 4, 3, 8526, 80.58
2026/07/13 00:08:14.594, 5, 8, 8526, 58.94
2026/07/13 00:08:14.603, 6, 9, 8526, 68.60
2026/07/13 00:08:14.613, 7, 8, 8526, 76.32
2026/07/13 00:08:15.614, 0, 100, 8526, 85.27
2026/07/13 00:08:15.614, 1, 15, 8526, 61.49
2026/07/13 00:08:15.614, 2, 100, 8526, 81.01
2026/07/13 00:08:15.614, 3, 75, 8526, 82.23
2026/07/13 00:08:15.614, 4, 13, 8526, 71.17
2026/07/13 00:08:15.614, 5, 100, 8526, 79.79
2026/07/13 00:08:15.614, 6, 100, 8526, 86.14
2026/07/13 00:08:15.614, 7, 52, 8526, 72.82
2026/07/13 00:08:16.614, 0, 11, 8526, 82.92
2026/07/13 00:08:16.615, 1, 16, 8526, 60.95
2026/07/13 00:08:16.615, 2, 12, 8526, 79.27
2026/07/13 00:08:16.615, 3, 1, 8526, 79.63
2026/07/13 00:08:16.615, 4, 4, 8526, 84.74
2026/07/13 00:08:16.615, 5, 5, 8526, 77.44
2026/07/13 00:08:16.616, 6, 12, 8526, 84.39
2026/07/13 00:08:16.616, 7, 8, 8526, 80.42
2026/07/13 00:08:17.616, 0, 17, 8526, 81.72
2026/07/13 00:08:17.616, 1, 20, 8526, 61.82
2026/07/13 00:08:17.616, 2, 17, 8526, 82.22
2026/07/13 00:08:17.616, 3, 15, 8526, 64.10
2026/07/13 00:08:17.616, 4, 10, 8526, 81.46
2026/07/13 00:08:17.616, 5, 17, 8526, 80.66
2026/07/13 00:08:17.616, 6, 17, 8526, 68.33
2026/07/13 00:08:17.616, 7, 15, 8526, 73.70
2026/07/13 00:08:18.616, 0, 100, 8526, 212.29
2026/07/13 00:08:18.623, 1, 100, 8526, 208.21
2026/07/13 00:08:18.623, 2, 100, 8526, 203.63
2026/07/13 00:08:18.623, 3, 83, 8526, 192.78
2026/07/13 00:08:18.623, 4, 22, 8526, 155.59
2026/07/13 00:08:18.624, 5, 100, 8526, 199.05
2026/07/13 00:08:18.624, 6, 100, 8526, 207.34
2026/07/13 00:08:18.624, 7, 100, 8526, 180.60
2026/07/13 00:08:19.624, 0, 11, 8526, 79.11
2026/07/13 00:08:19.683, 1, 12, 8526, 73.22
2026/07/13 00:08:19.683, 2, 10, 8526, 74.85
2026/07/13 00:08:19.684, 3, 16, 8526, 79.29
2026/07/13 00:08:19.684, 4, 67, 8526, 80.58
2026/07/13 00:08:19.684, 5, 19, 8526, 74.16
2026/07/13 00:08:19.684, 6, 19, 8526, 80.85
2026/07/13 00:08:19.684, 7, 44, 8526, 83.09
2026/07/13 00:08:20.684, 0, 4, 8526, 79.38
2026/07/13 00:08:20.687, 1, 3, 8526, 73.82
2026/07/13 00:08:20.688, 2, 3, 8526, 73.10
2026/07/13 00:08:20.688, 3, 4, 8526, 74.61
2026/07/13 00:08:20.688, 4, 4, 8526, 81.18
2026/07/13 00:08:20.688, 5, 4, 8526, 74.50
2026/07/13 00:08:20.688, 6, 4, 8526, 80.85
2026/07/13 00:08:20.688, 7, 4, 8526, 76.59
2026/07/13 00:08:21.688, 0, 12, 8526, 120.43
2026/07/13 00:08:21.689, 1, 11, 8526, 58.01
2026/07/13 00:08:21.689, 2, 32, 8526, 102.76
2026/07/13 00:08:21.689, 3, 11, 8526, 60.29
2026/07/13 00:08:21.689, 4, 11, 8526, 63.83
2026/07/13 00:08:21.689, 5, 12, 8526, 68.33
2026/07/13 00:08:21.689, 6, 12, 8526, 117.48
2026/07/13 00:08:21.689, 7, 12, 8526, 61.08
2026/07/13 00:08:22.689, 0, 4, 8526, 78.51
2026/07/13 00:08:22.696, 1, 7, 8526, 57.41
2026/07/13 00:08:22.696, 2, 4, 8526, 58.13
2026/07/13 00:08:22.696, 3, 5, 8526, 72.87
2026/07/13 00:08:22.696, 4, 5, 8526, 81.18
2026/07/13 00:08:22.696, 5, 5, 8526, 67.73
2026/07/13 00:08:22.696, 6, 6, 8526, 62.44
2026/07/13 00:08:22.696, 7, 7, 8526, 60.47
2026/07/13 00:08:23.696, 0, 8, 8526, 74.69
2026/07/13 00:08:23.697, 1, 10, 8526, 58.28
2026/07/13 00:08:23.697, 2, 11, 8526, 58.73
2026/07/13 00:08:23.697, 3, 2, 8526, 74.01
2026/07/13 00:08:23.697, 4, 2, 8526, 81.46
2026/07/13 00:08:23.697, 5, 9, 8526, 59.21
2026/07/13 00:08:23.698, 6, 11, 8526, 63.03
2026/07/13 00:08:23.707, 7, 6, 8526, 60.75
2026/07/13 00:08:24.707, 0, 100, 8526, 85.27
2026/07/13 00:08:24.739, 1, 35, 8526, 60.95
2026/07/13 00:08:24.739, 2, 100, 8526, 81.01
2026/07/13 00:08:24.739, 3, 10, 8526, 61.43
2026/07/13 00:08:24.739, 4, 10, 8526, 63.55
2026/07/13 00:08:24.739, 5, 100, 8526, 77.12
2026/07/13 00:08:24.739, 6, 100, 8526, 86.41
2026/07/13 00:08:24.739, 7, 16, 8526, 63.42
2026/07/13 00:08:25.740, 0, 11, 8526, 84.39
2026/07/13 00:08:25.744, 1, 13, 8526, 79.11
2026/07/13 00:08:25.745, 2, 16, 8526, 79.54
2026/07/13 00:08:25.745, 3, 13, 8526, 66.44
2026/07/13 00:08:25.745, 4, 15, 8526, 66.18
2026/07/13 00:08:25.745, 5, 19, 8526, 79.19
2026/07/13 00:08:25.745, 6, 11, 8526, 85.81
2026/07/13 00:08:25.745, 7, 11, 8526, 81.62
2026/07/13 00:08:26.745, 0, 17, 8526, 80.85
2026/07/13 00:08:26.746, 1, 16, 8526, 62.76
2026/07/13 00:08:26.746, 2, 17, 8526, 63.97
2026/07/13 00:08:26.746, 3, 19, 8526, 67.91
2026/07/13 00:08:26.746, 4, 20, 8526, 67.06
2026/07/13 00:08:26.746, 5, 17, 8526, 82.40
2026/07/13 00:08:26.746, 6, 17, 8526, 68.93
2026/07/13 00:08:26.746, 7, 16, 8526, 65.45
2026/07/13 00:08:27.746, 0, 100, 8526, 227.20
2026/07/13 00:08:27.758, 1, 100, 8526, 215.50
2026/07/13 00:08:27.758, 2, 100, 8526, 269.58
2026/07/13 00:08:27.758, 3, 100, 8526, 216.52
2026/07/13 00:08:27.758, 4, 100, 8526, 216.17
2026/07/13 00:08:27.758, 5, 100, 8526, 217.57
2026/07/13 00:08:27.758, 6, 100, 8526, 221.05
2026/07/13 00:08:27.758, 7, 100, 8526, 213.11
2026/07/13 00:08:28.758, 0, 12, 8526, 79.11
2026/07/13 00:08:28.763, 1, 11, 8526, 73.54
2026/07/13 00:08:28.763, 2, 11, 8526, 74.24
2026/07/13 00:08:28.763, 3, 11, 8526, 76.08
2026/07/13 00:08:28.763, 4, 12, 8526, 82.39
2026/07/13 00:08:28.763, 5, 6, 8526, 73.89
2026/07/13 00:08:28.764, 6, 6, 8526, 80.33
2026/07/13 00:08:28.764, 7, 6, 8526, 77.52
2026/07/13 00:08:29.764, 0, 3, 8526, 79.71
2026/07/13 00:08:29.764, 1, 2, 8526, 73.82
2026/07/13 00:08:29.765, 2, 3, 8526, 75.44
2026/07/13 00:08:29.765, 3, 4, 8526, 76.35
2026/07/13 00:08:29.765, 4, 3, 8526, 82.06
2026/07/13 00:08:29.765, 5, 9, 8526, 74.50
2026/07/13 00:08:29.765, 6, 9, 8526, 81.21
2026/07/13 00:08:29.765, 7, 4, 8526, 76.59
2026/07/13 00:08:30.765, 0, 12, 8526, 69.13
2026/07/13 00:08:30.772, 1, 11, 8526, 108.39
2026/07/13 00:08:30.772, 2, 32, 8526, 58.40
2026/07/13 00:08:30.772, 3, 11, 8526, 60.29
2026/07/13 00:08:30.772, 4, 11, 8526, 63.55
2026/07/13 00:08:30.772, 5, 14, 8526, 67.45
2026/07/13 00:08:30.772, 6, 17, 8526, 69.47
2026/07/13 00:08:30.773, 7, 30, 8526, 61.08
2026/07/13 00:08:31.773, 0, 4, 8526, 78.51
2026/07/13 00:08:31.779, 1, 5, 8526, 67.38
2026/07/13 00:08:31.779, 2, 5, 8526, 58.13
2026/07/13 00:08:31.779, 3, 5, 8526, 74.61
2026/07/13 00:08:31.779, 4, 6, 8526, 63.55
2026/07/13 00:08:31.789, 5, 3, 8526, 66.85
2026/07/13 00:08:31.798, 6, 3, 8526, 68.33
2026/07/13 00:08:31.798, 7, 6, 8526, 60.47
2026/07/13 00:08:32.798, 0, 10, 8526, 61.56
2026/07/13 00:08:32.798, 1, 8, 8526, 57.74
2026/07/13 00:08:32.798, 2, 10, 8526, 58.73
2026/07/13 00:08:32.799, 3, 8, 8526, 75.21
2026/07/13 00:08:32.799, 4, 10, 8526, 63.23
2026/07/13 00:08:32.799, 5, 11, 8526, 58.94
2026/07/13 00:08:32.799, 6, 11, 8526, 63.03
2026/07/13 00:08:32.799, 7, 10, 8526, 60.75
2026/07/13 00:08:33.799, 0, 22, 8526, 83.46
2026/07/13 00:08:33.800, 1, 38, 8526, 60.63
2026/07/13 00:08:33.800, 2, 87, 8526, 79.54
2026/07/13 00:08:33.800, 3, 12, 8526, 62.63
2026/07/13 00:08:33.800, 4, 47, 8526, 75.00
2026/07/13 00:08:33.800, 5, 21, 8526, 78.31
2026/07/13 00:08:33.801, 6, 19, 8526, 84.75
2026/07/13 00:08:33.801, 7, 26, 8526, 63.10
2026/07/13 00:08:34.801, 0, 15, 8526, 87.89
2026/07/13 00:08:34.801, 1, 25, 8526, 60.95
2026/07/13 00:08:34.801, 2, 21, 8526, 73.70
2026/07/13 00:08:34.802, 3, 27, 8526, 61.43
2026/07/13 00:08:34.802, 4, 23, 8526, 70.89
2026/07/13 00:08:34.802, 5, 12, 8526, 82.40
2026/07/13 00:08:34.802, 6, 11, 8526, 88.75
2026/07/13 00:08:34.802, 7, 27, 8526, 59.60
2026/07/13 00:08:35.802, 0, 21, 8526, 138.59
2026/07/13 00:08:35.813, 1, 20, 8526, 62.10
2026/07/13 00:08:35.813, 2, 22, 8526, 64.57
2026/07/13 00:08:35.813, 3, 20, 8526, 64.37
2026/07/13 00:08:35.813, 4, 21, 8526, 67.94
2026/07/13 00:08:35.813, 5, 55, 8526, 133.76
2026/07/13 00:08:35.813, 6, 50, 8526, 157.61
2026/07/13 00:08:35.813, 7, 21, 8526, 64.85
2026/07/13 00:08:36.814, 0, 100, 8526, 192.98
2026/07/13 00:08:36.814, 1, 100, 8526, 216.69
2026/07/13 00:08:36.814, 2, 100, 8526, 193.18
2026/07/13 00:08:36.814, 3, 100, 8526, 216.79
2026/07/13 00:08:36.814, 4, 100, 8526, 218.79
2026/07/13 00:08:36.814, 5, 100, 8526, 181.46
2026/07/13 00:08:36.814, 6, 100, 8526, 190.36
2026/07/13 00:08:36.814, 7, 100, 8526, 209.57
2026/07/13 00:08:37.814, 0, 5, 8526, 78.51
2026/07/13 00:08:37.821, 1, 6, 8526, 72.67
2026/07/13 00:08:37.831, 2, 5, 8526, 74.24
2026/07/13 00:08:37.831, 3, 7, 8526, 76.08
2026/07/13 00:08:37.831, 4, 5, 8526, 81.18
2026/07/13 00:08:37.831, 5, 5, 8526, 73.62
2026/07/13 00:08:37.831, 6, 5, 8526, 79.98
2026/07/13 00:08:37.831, 7, 6, 8526, 76.05
2026/07/13 00:08:38.840, 0, 8, 8526, 74.09
2026/07/13 00:08:38.844, 1, 4, 8526, 73.22
2026/07/13 00:08:38.844, 2, 9, 8526, 59.27
2026/07/13 00:08:38.844, 3, 9, 8526, 60.56
2026/07/13 00:08:38.844, 4, 8, 8526, 75.60
2026/07/13 00:08:38.844, 5, 12, 8526, 59.81
2026/07/13 00:08:38.845, 6, 9, 8526, 71.27
2026/07/13 00:08:38.845, 7, 8, 8526, 76.32
2026/07/13 00:08:39.845, 0, 7, 8526, 61.22
2026/07/13 00:08:39.845, 1, 25, 8526, 62.97
2026/07/13 00:08:39.845, 2, 7, 8526, 73.97
2026/07/13 00:08:39.845, 3, 10, 8526, 72.27
2026/07/13 00:08:39.845, 4, 45, 8526, 68.54
2026/07/13 00:08:39.845, 5, 5, 8526, 58.94
2026/07/13 00:08:39.845, 6, 8, 8526, 76.16
2026/07/13 00:08:39.845, 7, 53, 8526, 78.39
2026/07/13 00:08:40.845, 0, 4, 8526, 60.95
2026/07/13 00:08:40.850, 1, 5, 8526, 57.19
2026/07/13 00:08:40.850, 2, 2, 8526, 73.97
2026/07/13 00:08:40.851, 3, 3, 8526, 72.60
2026/07/13 00:08:40.851, 4, 3, 8526, 68.27
2026/07/13 00:08:40.851, 5, 4, 8526, 58.94
2026/07/13 00:08:40.851, 6, 2, 8526, 75.64
2026/07/13 00:08:40.862, 7, 4, 8526, 76.05
2026/07/13 00:08:41.871, 0, 10, 8526, 61.56
2026/07/13 00:08:41.874, 1, 10, 8526, 58.34
2026/07/13 00:08:41.874, 2, 10, 8526, 63.10
2026/07/13 00:08:41.874, 3, 10, 8526, 60.29
2026/07/13 00:08:41.874, 4, 8, 8526, 63.55
2026/07/13 00:08:41.874, 5, 18, 8526, 61.56
2026/07/13 00:08:41.874, 6, 11, 8526, 67.12
2026/07/13 00:08:41.874, 7, 10, 8526, 60.47
2026/07/13 00:08:42.874, 0, 19, 8526, 83.19
2026/07/13 00:08:42.875, 1, 22, 8526, 77.63
2026/07/13 00:08:42.875, 2, 17, 8526, 79.27
2026/07/13 00:08:42.875, 3, 11, 8526, 79.63
2026/07/13 00:08:42.875, 4, 25, 8526, 70.89
2026/07/13 00:08:42.875, 5, 15, 8526, 78.31
2026/07/13 00:08:42.875, 6, 12, 8526, 85.27
2026/07/13 00:08:42.875, 7, 28, 8526, 63.70
2026/07/13 00:08:43.875, 0, 11, 8526, 88.16
2026/07/13 00:08:43.878, 1, 13, 8526, 81.72
2026/07/13 00:08:43.878, 2, 11, 8526, 85.11
2026/07/13 00:08:43.878, 3, 10, 8526, 84.31
2026/07/13 00:08:43.878, 4, 18, 8526, 73.25
2026/07/13 00:08:43.879, 5, 21, 8526, 83.28
2026/07/13 00:08:43.879, 6, 9, 8526, 89.08
2026/07/13 00:08:43.879, 7, 21, 8526, 65.18
2026/07/13 00:08:44.879, 0, 21, 8526, 102.22
2026/07/13 00:08:44.879, 1, 20, 8526, 113.55
2026/07/13 00:08:44.879, 2, 55, 8526, 189.29
2026/07/13 00:08:44.879, 3, 25, 8526, 100.87
2026/07/13 00:08:44.879, 4, 22, 8526, 130.81
2026/07/13 00:08:44.879, 5, 22, 8526, 136.51
2026/07/13 00:08:44.879, 6, 73, 8526, 171.50
2026/07/13 00:08:44.880, 7, 21, 8526, 65.11
2026/07/13 00:08:45.880, 0, 100, 8526, 207.88
2026/07/13 00:08:45.890, 1, 100, 8526, 199.99
2026/07/13 00:08:45.890, 2, 100, 8526, 96.49
2026/07/13 00:08:45.890, 3, 100, 8526, 195.98
2026/07/13 00:08:45.890, 4, 100, 8526, 185.25
2026/07/13 00:08:45.891, 5, 100, 8526, 116.22
2026/07/13 00:08:45.891, 6, 100, 8526, 107.72
2026/07/13 00:08:45.891, 7, 100, 8526, 184.00
2026/07/13 00:08:46.891, 0, 5, 8526, 78.51
2026/07/13 00:08:46.930, 1, 5, 8526, 72.67
2026/07/13 00:08:46.930, 2, 5, 8526, 73.97
2026/07/13 00:08:46.930, 3, 5, 8526, 75.48
2026/07/13 00:08:46.930, 4, 5, 8526, 81.18
2026/07/13 00:08:46.933, 5, 5, 8526, 73.29
2026/07/13 00:08:46.933, 6, 5, 8526, 80.58
2026/07/13 00:08:46.933, 7, 6, 8526, 76.32
2026/07/13 00:08:47.935, 0, 9, 8526, 62.16
2026/07/13 00:08:47.944, 1, 9, 8526, 58.34
2026/07/13 00:08:47.954, 2, 12, 8526, 59.27
2026/07/13 00:08:47.954, 3, 9, 8526, 60.89
2026/07/13 00:08:47.954, 4, 8, 8526, 63.83
2026/07/13 00:08:47.954, 5, 12, 8526, 59.54
2026/07/13 00:08:47.954, 6, 10, 8526, 63.64
2026/07/13 00:08:47.954, 7, 9, 8526, 67.19
2026/07/13 00:08:48.954, 0, 7, 8526, 65.91
2026/07/13 00:08:48.955, 1, 6, 8526, 66.19
2026/07/13 00:08:48.955, 2, 6, 8526, 63.97
2026/07/13 00:08:48.955, 3, 9, 8526, 62.63
2026/07/13 00:08:48.956, 4, 12, 8526, 74.12
2026/07/13 00:08:48.956, 5, 6, 8526, 66.26
2026/07/13 00:08:48.956, 6, 7, 8526, 64.78
2026/07/13 00:08:48.956, 7, 8, 8526, 64.85
2026/07/13 00:08:49.957, 0, 3, 8526, 66.26
2026/07/13 00:08:49.957, 1, 2, 8526, 65.64
2026/07/13 00:08:49.957, 2, 9, 8526, 64.57
2026/07/13 00:08:49.957, 3, 3, 8526, 62.90
2026/07/13 00:08:49.957, 4, 3, 8526, 74.39
2026/07/13 00:08:49.966, 5, 9, 8526, 67.12
2026/07/13 00:08:49.966, 6, 10, 8526, 65.71
2026/07/13 00:08:49.966, 7, 3, 8526, 64.30
2026/07/13 00:08:50.966, 0, 16, 8526, 64.17
2026/07/13 00:08:50.969, 1, 10, 8526, 58.01
2026/07/13 00:08:50.969, 2, 61, 8526, 81.01
2026/07/13 00:08:50.969, 3, 10, 8526, 59.96
2026/07/13 00:08:50.969, 4, 10, 8526, 63.55
2026/07/13 00:08:50.979, 5, 100, 8526, 80.33
2026/07/13 00:08:50.989, 6, 74, 8526, 85.27
2026/07/13 00:08:50.989, 7, 10, 8526, 60.47
2026/07/13 00:08:51.989, 0, 11, 8526, 83.19
2026/07/13 00:08:51.990, 1, 11, 8526, 77.04
2026/07/13 00:08:51.990, 2, 12, 8526, 79.54
2026/07/13 00:08:51.990, 3, 11, 8526, 79.63
2026/07/13 00:08:51.990, 4, 12, 8526, 85.01
2026/07/13 00:08:51.990, 5, 12, 8526, 77.99
2026/07/13 00:08:51.990, 6, 12, 8526, 84.94
2026/07/13 00:08:51.990, 7, 14, 8526, 63.42
2026/07/13 00:08:52.990, 0, 17, 8526, 86.14
2026/07/13 00:08:52.993, 1, 16, 8526, 79.11
2026/07/13 00:08:52.993, 2, 16, 8526, 81.62
2026/07/13 00:08:52.993, 3, 16, 8526, 81.64
2026/07/13 00:08:52.993, 4, 15, 8526, 87.37
2026/07/13 00:08:52.995, 5, 17, 8526, 80.66
2026/07/13 00:08:52.995, 6, 17, 8526, 87.01
2026/07/13 00:08:53.005, 7, 20, 8526, 64.57
2026/07/13 00:08:54.005, 0, 100, 8526, 217.24
2026/07/13 00:08:54.070, 1, 100, 8526, 205.87
2026/07/13 00:08:54.070, 2, 100, 8526, 210.44
2026/07/13 00:08:54.070, 3, 100, 8526, 208.32
2026/07/13 00:08:54.070, 4, 100, 8526, 207.65
2026/07/13 00:08:54.072, 5, 100, 8526, 210.23
2026/07/13 00:08:54.072, 6, 100, 8526, 220.18
2026/07/13 00:08:54.072, 7, 100, 8526, 204.01
2026/07/13 00:08:55.072, 0, 10, 8526, 79.71
2026/07/13 00:08:55.077, 1, 15, 8526, 73.22
2026/07/13 00:08:55.086, 2, 10, 8526, 75.17
2026/07/13 00:08:55.087, 3, 13, 8526, 76.08
2026/07/13 00:08:55.087, 4, 15, 8526, 82.06
2026/07/13 00:08:55.087, 5, 12, 8526, 74.50
2026/07/13 00:08:55.087, 6, 12, 8526, 80.93
2026/07/13 00:08:55.087, 7, 15, 8526, 77.52
2026/07/13 00:08:56.088, 0, 3, 8526, 79.98
2026/07/13 00:08:56.123, 1, 4, 8526, 71.47
2026/07/13 00:08:56.123, 2, 3, 8526, 73.97
2026/07/13 00:08:56.123, 3, 3, 8526, 74.01
2026/07/13 00:08:56.123, 4, 4, 8526, 81.18
2026/07/13 00:08:56.123, 5, 3, 8526, 74.16
2026/07/13 00:08:56.123, 6, 4, 8526, 81.45
2026/07/13 00:08:56.124, 7, 4, 8526, 76.59
2026/07/13 00:08:57.124, 0, 20, 8526, 130.08
2026/07/13 00:08:57.126, 1, 11, 8526, 58.28
2026/07/13 00:08:57.127, 2, 17, 8526, 59.27
2026/07/13 00:08:57.127, 3, 11, 8526, 60.56
2026/07/13 00:08:57.127, 4, 11, 8526, 65.91
2026/07/13 00:08:57.127, 5, 12, 8526, 59.81
2026/07/13 00:08:57.130, 6, 12, 8526, 80.93
2026/07/13 00:08:57.130, 7, 11, 8526, 61.35
2026/07/13 00:08:58.130, 0, 4, 8526, 65.04
2026/07/13 00:08:58.152, 1, 5, 8526, 72.67
2026/07/13 00:08:58.152, 2, 4, 8526, 64.85
2026/07/13 00:08:58.152, 3, 5, 8526, 65.84
2026/07/13 00:08:58.152, 4, 5, 8526, 74.39
2026/07/13 00:08:58.152, 5, 3, 8526, 72.75
2026/07/13 00:08:58.152, 6, 4, 8526, 79.46
2026/07/13 00:08:58.153, 7, 6, 8526, 66.92
2026/07/13 00:08:59.153, 0, 10, 8526, 63.57
2026/07/13 00:08:59.156, 1, 8, 8526, 73.22
2026/07/13 00:08:59.165, 2, 9, 8526, 59.00
2026/07/13 00:08:59.165, 3, 9, 8526, 66.99
2026/07/13 00:08:59.166, 4, 8, 8526, 74.73
2026/07/13 00:08:59.166, 5, 11, 8526, 59.21
2026/07/13 00:08:59.166, 6, 8, 8526, 63.36
2026/07/13 00:08:59.166, 7, 8, 8526, 62.83
2026/07/13 00:09:00.166, 0, 100, 8526, 82.32
2026/07/13 00:09:00.166, 1, 44, 8526, 65.31
2026/07/13 00:09:00.166, 2, 76, 8526, 125.25
2026/07/13 00:09:00.166, 3, 30, 8526, 64.65
2026/07/13 00:09:00.166, 4, 15, 8526, 82.39
2026/07/13 00:09:00.166, 5, 65, 8526, 81.81
2026/07/13 00:09:00.166, 6, 100, 8526, 170.08
2026/07/13 00:09:00.166, 7, 32, 8526, 63.42
2026/07/13 00:09:01.166, 0, 13, 8526, 79.38
2026/07/13 00:09:01.166, 1, 11, 8526, 66.51
2026/07/13 00:09:01.167, 2, 9, 8526, 80.14
2026/07/13 00:09:01.167, 3, 12, 8526, 74.34
2026/07/13 00:09:01.167, 4, 5, 8526, 66.79
2026/07/13 00:09:01.167, 5, 7, 8526, 80.33
2026/07/13 00:09:01.167, 6, 8, 8526, 85.90
2026/07/13 00:09:01.167, 7, 8, 8526, 63.97
2026/07/13 00:09:02.167, 0, 17, 8526, 66.26
2026/07/13 00:09:02.167, 1, 20, 8526, 62.37
2026/07/13 00:09:02.168, 2, 20, 8526, 63.70
2026/07/13 00:09:02.168, 3, 16, 8526, 64.65
2026/07/13 00:09:02.168, 4, 20, 8526, 67.33
2026/07/13 00:09:02.168, 5, 22, 8526, 64.23
2026/07/13 00:09:02.168, 6, 21, 8526, 68.33
2026/07/13 00:09:02.168, 7, 20, 8526, 64.30
2026/07/13 00:09:03.168, 0, 100, 8526, 223.39
2026/07/13 00:09:03.173, 1, 100, 8526, 208.21
2026/07/13 00:09:03.173, 2, 100, 8526, 222.15
2026/07/13 00:09:03.173, 3, 100, 8526, 211.85
2026/07/13 00:09:03.173, 4, 100, 8526, 213.22
2026/07/13 00:09:03.173, 5, 100, 8526, 216.69
2026/07/13 00:09:03.173, 6, 100, 8526, 224.26
2026/07/13 00:09:03.176, 7, 100, 8526, 206.63
2026/07/13 00:09:04.176, 0, 13, 8526, 79.11
2026/07/13 00:09:04.184, 1, 11, 8526, 73.22
2026/07/13 00:09:04.185, 2, 7, 8526, 75.17
2026/07/13 00:09:04.194, 3, 16, 8526, 76.08
2026/07/13 00:09:04.205, 4, 11, 8526, 82.66
2026/07/13 00:09:04.205, 5, 7, 8526, 73.89
2026/07/13 00:09:04.205, 6, 7, 8526, 80.85
2026/07/13 00:09:04.205, 7, 6, 8526, 77.52
2026/07/13 00:09:05.205, 0, 5, 8526, 80.25
2026/07/13 00:09:05.206, 1, 4, 8526, 71.47
2026/07/13 00:09:05.216, 2, 4, 8526, 75.44
2026/07/13 00:09:05.216, 3, 4, 8526, 74.61
2026/07/13 00:09:05.216, 4, 4, 8526, 81.79
2026/07/13 00:09:05.216, 5, 9, 8526, 74.77
2026/07/13 00:09:05.216, 6, 9, 8526, 81.45
2026/07/13 00:09:05.216, 7, 3, 8526, 75.71
2026/07/13 00:09:06.217, 0, 51, 8526, 79.71
2026/07/13 00:09:06.217, 1, 11, 8526, 58.28
2026/07/13 00:09:06.228, 2, 12, 8526, 73.37
2026/07/13 00:09:06.228, 3, 11, 8526, 60.56
2026/07/13 00:09:06.228, 4, 11, 8526, 63.83
2026/07/13 00:09:06.229, 5, 23, 8526, 61.02
2026/07/13 00:09:06.229, 6, 34, 8526, 63.64
2026/07/13 00:09:06.229, 7, 11, 8526, 60.47
2026/07/13 00:09:07.229, 0, 3, 8526, 76.43
2026/07/13 00:09:07.237, 1, 5, 8526, 61.82
2026/07/13 00:09:07.237, 2, 3, 8526, 73.97
2026/07/13 00:09:07.237, 3, 5, 8526, 75.21
2026/07/13 00:09:07.237, 4, 6, 8526, 62.95
2026/07/13 00:09:07.237, 5, 3, 8526, 59.81
2026/07/13 00:09:07.237, 6, 4, 8526, 62.76
2026/07/13 00:09:07.237, 7, 5, 8526, 76.32
2026/07/13 00:09:08.238, 0, 10, 8526, 61.56
2026/07/13 00:09:08.247, 1, 9, 8526, 61.88
2026/07/13 00:09:08.247, 2, 11, 8526, 59.00
2026/07/13 00:09:08.247, 3, 8, 8526, 60.29
2026/07/13 00:09:08.247, 4, 9, 8526, 63.23
2026/07/13 00:09:08.247, 5, 11, 8526, 58.94
2026/07/13 00:09:08.248, 6, 10, 8526, 63.36
2026/07/13 00:09:08.248, 7, 8, 8526, 76.92
2026/07/13 00:09:09.248, 0, 55, 8526, 83.46
2026/07/13 00:09:09.252, 1, 29, 8526, 60.63
2026/07/13 00:09:09.262, 2, 48, 8526, 78.94
2026/07/13 00:09:09.262, 3, 33, 8526, 64.97
2026/07/13 00:09:09.262, 4, 23, 8526, 65.91
2026/07/13 00:09:09.263, 5, 35, 8526, 77.99
2026/07/13 00:09:09.263, 6, 29, 8526, 84.94
2026/07/13 00:09:09.263, 7, 19, 8526, 62.83
2026/07/13 00:09:10.263, 0, 21, 8526, 77.63
2026/07/13 00:09:10.263, 1, 27, 8526, 62.10
2026/07/13 00:09:10.263, 2, 21, 8526, 73.37
2026/07/13 00:09:10.263, 3, 25, 8526, 61.16
2026/07/13 00:09:10.263, 4, 11, 8526, 66.18
2026/07/13 00:09:10.263, 5, 16, 8526, 82.68
2026/07/13 00:09:10.263, 6, 16, 8526, 79.46
2026/07/13 00:09:10.263, 7, 27, 8526, 59.27
2026/07/13 00:09:11.263, 0, 22, 8526, 104.57
2026/07/13 00:09:11.269, 1, 20, 8526, 62.10
2026/07/13 00:09:11.269, 2, 21, 8526, 63.97
2026/07/13 00:09:11.269, 3, 21, 8526, 64.65
2026/07/13 00:09:11.269, 4, 20, 8526, 67.66
2026/07/13 00:09:11.270, 5, 22, 8526, 134.03
2026/07/13 00:09:11.270, 6, 22, 8526, 68.33
2026/07/13 00:09:11.270, 7, 20, 8526, 64.57
2026/07/13 00:09:12.270, 0, 100, 8526, 204.07
2026/07/13 00:09:12.270, 1, 100, 8526, 217.57
2026/07/13 00:09:12.270, 2, 100, 8526, 192.50
2026/07/13 00:09:12.270, 3, 100, 8526, 227.05
2026/07/13 00:09:12.270, 4, 100, 8526, 196.25
2026/07/13 00:09:12.270, 5, 100, 8526, 187.02
2026/07/13 00:09:12.270, 6, 100, 8526, 190.04
2026/07/13 00:09:12.270, 7, 100, 8526, 211.91
2026/07/13 00:09:13.271, 0, 5, 8526, 79.11
2026/07/13 00:09:13.276, 1, 7, 8526, 72.95
2026/07/13 00:09:13.276, 2, 6, 8526, 74.24
2026/07/13 00:09:13.276, 3, 6, 8526, 75.81
2026/07/13 00:09:13.276, 4, 5, 8526, 81.18
2026/07/13 00:09:13.276, 5, 5, 8526, 73.29
2026/07/13 00:09:13.276, 6, 5, 8526, 80.66
2026/07/13 00:09:13.276, 7, 7, 8526, 77.20
2026/07/13 00:09:14.277, 0, 9, 8526, 69.73
2026/07/13 00:09:14.277, 1, 9, 8526, 73.54
2026/07/13 00:09:14.277, 2, 9, 8526, 59.00
2026/07/13 00:09:14.277, 3, 9, 8526, 76.08
2026/07/13 00:09:14.277, 4, 8, 8526, 82.06
2026/07/13 00:09:14.277, 5, 9, 8526, 59.54
2026/07/13 00:09:14.277, 6, 9, 8526, 63.91
2026/07/13 00:09:14.277, 7, 6, 8526, 65.18
2026/07/13 00:09:15.277, 0, 11, 8526, 61.49
2026/07/13 00:09:15.281, 1, 55, 8526, 72.67
2026/07/13 00:09:15.281, 2, 7, 8526, 74.24
2026/07/13 00:09:15.281, 3, 19, 8526, 63.78
2026/07/13 00:09:15.281, 4, 10, 8526, 79.11
2026/07/13 00:09:15.281, 5, 6, 8526, 70.95
2026/07/13 00:09:15.290, 6, 6, 8526, 69.20
2026/07/13 00:09:15.300, 7, 50, 8526, 74.24
2026/07/13 00:09:16.300, 0, 2, 8526, 61.88
2026/07/13 00:09:16.303, 1, 3, 8526, 72.95
2026/07/13 00:09:16.303, 2, 2, 8526, 73.97
2026/07/13 00:09:16.304, 3, 3, 8526, 63.78
2026/07/13 00:09:16.305, 4, 3, 8526, 79.11
2026/07/13 00:09:16.305, 5, 5, 8526, 71.54
2026/07/13 00:09:16.305, 6, 4, 8526, 69.47
2026/07/13 00:09:16.305, 7, 3, 8526, 73.37
2026/07/13 00:09:17.314, 0, 11, 8526, 61.02
2026/07/13 00:09:17.348, 1, 10, 8526, 58.34
2026/07/13 00:09:17.348, 2, 11, 8526, 61.35
2026/07/13 00:09:17.348, 3, 10, 8526, 60.29
2026/07/13 00:09:17.348, 4, 9, 8526, 63.55
2026/07/13 00:09:17.348, 5, 34, 8526, 62.16
2026/07/13 00:09:17.348, 6, 18, 8526, 65.98
2026/07/13 00:09:17.348, 7, 10, 8526, 60.75
2026/07/13 00:09:18.348, 0, 12, 8526, 83.80
2026/07/13 00:09:18.349, 1, 15, 8526, 61.22
2026/07/13 00:09:18.349, 2, 12, 8526, 78.67
2026/07/13 00:09:18.349, 3, 12, 8526, 79.90
2026/07/13 00:09:18.360, 4, 15, 8526, 65.91
2026/07/13 00:09:18.370, 5, 12, 8526, 78.31
2026/07/13 00:09:18.371, 6, 11, 8526, 85.27
2026/07/13 00:09:18.371, 7, 14, 8526, 62.83
2026/07/13 00:09:19.371, 0, 16, 8526, 86.14
2026/07/13 00:09:19.371, 1, 20, 8526, 62.10
2026/07/13 00:09:19.371, 2, 16, 8526, 81.89
2026/07/13 00:09:19.371, 3, 16, 8526, 82.23
2026/07/13 00:09:19.371, 4, 16, 8526, 67.06
2026/07/13 00:09:19.371, 5, 17, 8526, 80.93
2026/07/13 00:09:19.371, 6, 17, 8526, 87.89
2026/07/13 00:09:19.371, 7, 20, 8526, 63.97
2026/07/13 00:09:20.371, 0, 100, 8526, 204.07
2026/07/13 00:09:20.375, 1, 100, 8526, 195.05
2026/07/13 00:09:20.375, 2, 100, 8526, 208.10
2026/07/13 00:09:20.375, 3, 100, 8526, 196.31
2026/07/13 00:09:20.375, 4, 58, 8526, 197.67
2026/07/13 00:09:20.375, 5, 100, 8526, 199.93
2026/07/13 00:09:20.375, 6, 100, 8526, 207.88
2026/07/13 00:09:20.387, 7, 100, 8526, 198.73
2026/07/13 00:09:21.397, 0, 12, 8526, 79.38
2026/07/13 00:09:21.467, 1, 23, 8526, 74.09
2026/07/13 00:09:21.467, 2, 13, 8526, 74.85
2026/07/13 00:09:21.467, 3, 12, 8526, 77.28
2026/07/13 00:09:21.467, 4, 30, 8526, 83.54
2026/07/13 00:09:21.467, 5, 20, 8526, 74.50
2026/07/13 00:09:21.467, 6, 10, 8526, 81.45
2026/07/13 00:09:21.468, 7, 52, 8526, 83.09
2026/07/13 00:09:22.468, 0, 3, 8526, 77.63
2026/07/13 00:09:22.474, 1, 4, 8526, 72.95
2026/07/13 00:09:22.474, 2, 3, 8526, 75.44
2026/07/13 00:09:22.474, 3, 4, 8526, 75.48
2026/07/13 00:09:22.474, 4, 4, 8526, 80.91
2026/07/13 00:09:22.474, 5, 4, 8526, 74.50
2026/07/13 00:09:22.484, 6, 4, 8526, 81.45
2026/07/13 00:09:22.484, 7, 4, 8526, 76.92
2026/07/13 00:09:23.484, 0, 12, 8526, 80.58
2026/07/13 00:09:23.486, 1, 11, 8526, 58.28
2026/07/13 00:09:23.486, 2, 21, 8526, 71.02
2026/07/13 00:09:23.487, 3, 11, 8526, 60.56
2026/07/13 00:09:23.487, 4, 11, 8526, 63.83
2026/07/13 00:09:23.487, 5, 12, 8526, 73.02
2026/07/13 00:09:23.487, 6, 12, 8526, 147.36
2026/07/13 00:09:23.487, 7, 11, 8526, 61.08
2026/07/13 00:09:24.487, 0, 1, 8526, 78.59
2026/07/13 00:09:24.489, 1, 1, 8526, 63.29
2026/07/13 00:09:24.489, 2, 5, 8526, 60.47
2026/07/13 00:09:24.489, 3, 5, 8526, 63.51
2026/07/13 00:09:24.489, 4, 6, 8526, 64.70
2026/07/13 00:09:24.489, 5, 3, 8526, 64.23
2026/07/13 00:09:24.489, 6, 3, 8526, 63.03
2026/07/13 00:09:24.490, 7, 6, 8526, 68.40
2026/07/13 00:09:25.490, 0, 8, 8526, 61.88
2026/07/13 00:09:25.492, 1, 2, 8526, 63.91
2026/07/13 00:09:25.492, 2, 10, 8526, 58.73
2026/07/13 00:09:25.492, 3, 4, 8526, 64.10
2026/07/13 00:09:25.492, 4, 2, 8526, 65.31
2026/07/13 00:09:25.492, 5, 9, 8526, 58.94
2026/07/13 00:09:25.493, 6, 10, 8526, 63.36
2026/07/13 00:09:25.493, 7, 3, 8526, 68.40
2026/07/13 00:09:26.493, 0, 100, 8526, 84.39
2026/07/13 00:09:26.493, 1, 10, 8526, 61.22
2026/07/13 00:09:26.493, 2, 100, 8526, 81.01
2026/07/13 00:09:26.493, 3, 11, 8526, 64.37
2026/07/13 00:09:26.493, 4, 10, 8526, 67.06
2026/07/13 00:09:26.493, 5, 98, 8526, 79.79
2026/07/13 00:09:26.493, 6, 61, 8526, 86.50
2026/07/13 00:09:26.493, 7, 10, 8526, 60.15
2026/07/13 00:09:27.493, 0, 11, 8526, 84.39
2026/07/13 00:09:27.493, 1, 11, 8526, 76.76
2026/07/13 00:09:27.493, 2, 11, 8526, 78.94
2026/07/13 00:09:27.493, 3, 14, 8526, 63.78
2026/07/13 00:09:27.493, 4, 13, 8526, 68.54
2026/07/13 00:09:27.494, 5, 12, 8526, 78.31
2026/07/13 00:09:27.494, 6, 11, 8526, 85.63
2026/07/13 00:09:27.494, 7, 14, 8526, 62.83
2026/07/13 00:09:28.494, 0, 17, 8526, 86.74
2026/07/13 00:09:28.499, 1, 15, 8526, 79.38
2026/07/13 00:09:28.499, 2, 17, 8526, 82.22
2026/07/13 00:09:28.499, 3, 20, 8526, 64.97
2026/07/13 00:09:28.500, 4, 19, 8526, 70.29
2026/07/13 00:09:28.500, 5, 17, 8526, 80.66
2026/07/13 00:09:28.500, 6, 17, 8526, 71.54
2026/07/13 00:09:28.501, 7, 20, 8526, 64.30
2026/07/13 00:09:29.501, 0, 100, 8526, 224.95
2026/07/13 00:09:29.501, 1, 100, 8526, 205.66
2026/07/13 00:09:29.501, 2, 100, 8526, 214.58
2026/07/13 00:09:29.501, 3, 100, 8526, 208.65
2026/07/13 00:09:29.501, 4, 100, 8526, 208.26
2026/07/13 00:09:29.501, 5, 100, 8526, 210.82
2026/07/13 00:09:29.501, 6, 100, 8526, 217.57
2026/07/13 00:09:29.501, 7, 100, 8526, 202.54
2026/07/13 00:09:30.501, 0, 9, 8526, 79.38
2026/07/13 00:09:30.511, 1, 16, 8526, 73.54
2026/07/13 00:09:30.511, 2, 6, 8526, 74.85
2026/07/13 00:09:30.511, 3, 12, 8526, 76.08
2026/07/13 00:09:30.511, 4, 15, 8526, 91.21
2026/07/13 00:09:30.521, 5, 12, 8526, 74.16
2026/07/13 00:09:30.521, 6, 15, 8526, 80.85
2026/07/13 00:09:30.521, 7, 17, 8526, 77.79
2026/07/13 00:09:31.521, 0, 3, 8526, 79.98
2026/07/13 00:09:31.522, 1, 4, 8526, 72.34
2026/07/13 00:09:31.522, 2, 4, 8526, 75.44
2026/07/13 00:09:31.522, 3, 3, 8526, 74.01
2026/07/13 00:09:31.522, 4, 4, 8526, 81.18
2026/07/13 00:09:31.522, 5, 3, 8526, 74.77
2026/07/13 00:09:31.522, 6, 4, 8526, 81.13
2026/07/13 00:09:31.522, 7, 4, 8526, 76.92
2026/07/13 00:09:32.522, 0, 33, 8526, 119.83
2026/07/13 00:09:32.522, 1, 11, 8526, 58.34
2026/07/13 00:09:32.522, 2, 49, 8526, 72.22
2026/07/13 00:09:32.522, 3, 11, 8526, 60.56
2026/07/13 00:09:32.522, 4, 11, 8526, 64.11
2026/07/13 00:09:32.522, 5, 12, 8526, 59.81
2026/07/13 00:09:32.522, 6, 12, 8526, 79.46
2026/07/13 00:09:32.522, 7, 11, 8526, 60.75
2026/07/13 00:09:33.522, 0, 4, 8526, 61.29
2026/07/13 00:09:33.523, 1, 5, 8526, 73.54
2026/07/13 00:09:33.523, 2, 3, 8526, 68.67
2026/07/13 00:09:33.523, 3, 5, 8526, 68.18
2026/07/13 00:09:33.523, 4, 5, 8526, 80.91
2026/07/13 00:09:33.523, 5, 4, 8526, 73.62
2026/07/13 00:09:33.523, 6, 5, 8526, 76.84
2026/07/13 00:09:33.523, 7, 7, 8526, 64.57
2026/07/13 00:09:34.523, 0, 10, 8526, 61.49
2026/07/13 00:09:34.575, 1, 8, 8526, 73.54
2026/07/13 00:09:34.576, 2, 11, 8526, 58.73
2026/07/13 00:09:34.576, 3, 8, 8526, 67.59
2026/07/13 00:09:34.576, 4, 7, 8526, 81.18
2026/07/13 00:09:34.576, 5, 11, 8526, 59.21
2026/07/13 00:09:34.576, 6, 10, 8526, 63.36
2026/07/13 00:09:34.576, 7, 9, 8526, 61.08
2026/07/13 00:09:35.576, 0, 100, 8526, 104.89
2026/07/13 00:09:35.586, 1, 81, 8526, 80.25
2026/07/13 00:09:35.587, 2, 83, 8526, 97.19
2026/07/13 00:09:35.587, 3, 32, 8526, 67.59
2026/07/13 00:09:35.587, 4, 58, 8526, 97.56
2026/07/13 00:09:35.587, 5, 67, 8526, 80.93
2026/07/13 00:09:35.597, 6, 70, 8526, 84.67
2026/07/13 00:09:35.597, 7, 23, 8526, 65.77
2026/07/13 00:09:36.598, 0, 20, 8526, 85.27
2026/07/13 00:09:36.598, 1, 21, 8526, 78.51
2026/07/13 00:09:36.598, 2, 21, 8526, 80.74
2026/07/13 00:09:36.598, 3, 14, 8526, 81.96
2026/07/13 00:09:36.598, 4, 21, 8526, 87.10
2026/07/13 00:09:36.598, 5, 22, 8526, 79.46
2026/07/13 00:09:36.598, 6, 21, 8526, 86.41
2026/07/13 00:09:36.598, 7, 27, 8526, 63.42
2026/07/13 00:09:37.598, 0, 22, 8526, 66.19
2026/07/13 00:09:37.605, 1, 20, 8526, 62.76
2026/07/13 00:09:37.615, 2, 22, 8526, 63.97
2026/07/13 00:09:37.617, 3, 16, 8526, 64.65
2026/07/13 00:09:37.617, 4, 20, 8526, 67.94
2026/07/13 00:09:37.617, 5, 22, 8526, 64.23
2026/07/13 00:09:37.617, 6, 22, 8526, 68.33
2026/07/13 00:09:37.627, 7, 22, 8526, 64.85
2026/07/13 00:09:38.628, 0, 100, 8526, 202.66
2026/07/13 00:09:38.708, 1, 100, 8526, 217.24
2026/07/13 00:09:38.709, 2, 100, 8526, 190.56
2026/07/13 00:09:38.709, 3, 100, 8526, 201.65
2026/07/13 00:09:38.709, 4, 100, 8526, 209.13
2026/07/13 00:09:38.709, 5, 100, 8526, 194.92
2026/07/13 00:09:38.709, 6, 100, 8526, 195.64
2026/07/13 00:09:38.709, 7, 100, 8526, 193.18
2026/07/13 00:09:39.710, 0, 6, 8526, 79.11
2026/07/13 00:09:39.717, 1, 7, 8526, 73.22
2026/07/13 00:09:39.717, 2, 5, 8526, 74.24
2026/07/13 00:09:39.718, 3, 6, 8526, 75.48
2026/07/13 00:09:39.718, 4, 6, 8526, 81.46
2026/07/13 00:09:39.718, 5, 5, 8526, 74.16
2026/07/13 00:09:39.718, 6, 5, 8526, 80.66
2026/07/13 00:09:39.718, 7, 6, 8526, 77.79
2026/07/13 00:09:40.718, 0, 9, 8526, 67.38
2026/07/13 00:09:40.718, 1, 9, 8526, 71.20
2026/07/13 00:09:40.718, 2, 10, 8526, 75.44
2026/07/13 00:09:40.718, 3, 8, 8526, 76.08
2026/07/13 00:09:40.718, 4, 8, 8526, 69.14
2026/07/13 00:09:40.718, 5, 9, 8526, 59.81
2026/07/13 00:09:40.718, 6, 9, 8526, 63.91
2026/07/13 00:09:40.718, 7, 8, 8526, 77.52
2026/07/13 00:09:41.718, 0, 12, 8526, 74.09
2026/07/13 00:09:41.718, 1, 54, 8526, 72.67
2026/07/13 00:09:41.728, 2, 8, 8526, 69.87
2026/07/13 00:09:41.729, 3, 54, 8526, 77.82
2026/07/13 00:09:41.729, 4, 17, 8526, 71.49
2026/07/13 00:09:41.730, 5, 7, 8526, 62.16
2026/07/13 00:09:41.730, 6, 9, 8526, 72.67
2026/07/13 00:09:41.730, 7, 54, 8526, 73.10
2026/07/13 00:09:42.730, 0, 3, 8526, 74.69
2026/07/13 00:09:42.730, 1, 3, 8526, 71.75
2026/07/13 00:09:42.730, 2, 2, 8526, 70.14
2026/07/13 00:09:42.730, 3, 3, 8526, 74.34
2026/07/13 00:09:42.730, 4, 3, 8526, 70.29
2026/07/13 00:09:42.730, 5, 4, 8526, 61.88
2026/07/13 00:09:42.730, 6, 2, 8526, 73.62
2026/07/13 00:09:42.730, 7, 3, 8526, 75.17
2026/07/13 00:09:43.730, 0, 11, 8526, 64.44
2026/07/13 00:09:43.788, 1, 10, 8526, 58.07
2026/07/13 00:09:43.788, 2, 13, 8526, 81.01
2026/07/13 00:09:43.788, 3, 10, 8526, 59.96
2026/07/13 00:09:43.788, 4, 10, 8526, 63.55
2026/07/13 00:09:43.788, 5, 96, 8526, 66.26
2026/07/13 00:09:43.788, 6, 59, 8526, 82.68
2026/07/13 00:09:43.788, 7, 10, 8526, 60.47
2026/07/13 00:09:44.789, 0, 12, 8526, 83.19
2026/07/13 00:09:44.790, 1, 12, 8526, 77.04
2026/07/13 00:09:44.790, 2, 12, 8526, 79.27
2026/07/13 00:09:44.790, 3, 12, 8526, 79.29
2026/07/13 00:09:44.791, 4, 12, 8526, 85.29
2026/07/13 00:09:44.791, 5, 12, 8526, 78.31
2026/07/13 00:09:44.791, 6, 12, 8526, 84.67
2026/07/13 00:09:44.791, 7, 15, 8526, 62.83
2026/07/13 00:09:45.791, 0, 16, 8526, 86.41
2026/07/13 00:09:45.796, 1, 7, 8526, 81.72
2026/07/13 00:09:45.808, 2, 10, 8526, 82.49
2026/07/13 00:09:45.808, 3, 9, 8526, 81.96
2026/07/13 00:09:45.808, 4, 15, 8526, 87.64
2026/07/13 00:09:45.808, 5, 17, 8526, 81.21
2026/07/13 00:09:45.808, 6, 17, 8526, 87.61
2026/07/13 00:09:45.808, 7, 16, 8526, 64.30
2026/07/13 00:09:46.808, 0, 100, 8526, 210.23
2026/07/13 00:09:46.812, 1, 20, 8526, 130.68
2026/07/13 00:09:46.821, 2, 84, 8526, 202.15
2026/07/13 00:09:46.821, 3, 47, 8526, 176.42
2026/07/13 00:09:46.821, 4, 96, 8526, 196.45
2026/07/13 00:09:46.821, 5, 100, 8526, 198.73
2026/07/13 00:09:46.821, 6, 100, 8526, 205.87
2026/07/13 00:09:46.821, 7, 69, 8526, 191.03
2026/07/13 00:09:47.824, 0, 26, 8526, 79.98
2026/07/13 00:09:47.824, 1, 100, 8526, 182.66
2026/07/13 00:09:47.824, 2, 89, 8526, 80.42
2026/07/13 00:09:47.825, 3, 100, 8526, 75.21
2026/07/13 00:09:47.825, 4, 77, 8526, 81.46
2026/07/13 00:09:47.825, 5, 12, 8526, 74.50
2026/07/13 00:09:47.825, 6, 17, 8526, 81.72
2026/07/13 00:09:47.825, 7, 100, 8526, 78.94
2026/07/13 00:09:48.825, 0, 5, 8526, 78.78
2026/07/13 00:09:48.825, 1, 5, 8526, 72.95
2026/07/13 00:09:48.825, 2, 5, 8526, 74.24
2026/07/13 00:09:48.825, 3, 4, 8526, 75.48
2026/07/13 00:09:48.825, 4, 5, 8526, 82.06
2026/07/13 00:09:48.825, 5, 4, 8526, 73.89
2026/07/13 00:09:48.825, 6, 4, 8526, 80.25
2026/07/13 00:09:48.826, 7, 5, 8526, 76.92
2026/07/13 00:09:49.826, 0, 12, 8526, 62.16
2026/07/13 00:09:49.833, 1, 9, 8526, 58.07
2026/07/13 00:09:49.833, 2, 12, 8526, 59.27
2026/07/13 00:09:49.834, 3, 9, 8526, 60.56
2026/07/13 00:09:49.842, 4, 11, 8526, 65.91
2026/07/13 00:09:49.843, 5, 12, 8526, 60.09
2026/07/13 00:09:49.843, 6, 12, 8526, 63.64
2026/07/13 00:09:49.844, 7, 11, 8526, 60.75
2026/07/13 00:09:50.844, 0, 7, 8526, 61.56
2026/07/13 00:09:50.852, 1, 10, 8526, 72.07
2026/07/13 00:09:50.853, 2, 6, 8526, 66.32
2026/07/13 00:09:50.853, 3, 8, 8526, 66.71
2026/07/13 00:09:50.853, 4, 5, 8526, 81.18
2026/07/13 00:09:50.853, 5, 6, 8526, 65.38
2026/07/13 00:09:50.853, 6, 5, 8526, 78.59
2026/07/13 00:09:50.853, 7, 13, 8526, 69.87
2026/07/13 00:09:51.853, 0, 10, 8526, 61.56
2026/07/13 00:09:51.853, 1, 3, 8526, 70.87
2026/07/13 00:09:51.853, 2, 9, 8526, 66.92
2026/07/13 00:09:51.853, 3, 3, 8526, 66.44
2026/07/13 00:09:51.853, 4, 3, 8526, 80.58
2026/07/13 00:09:51.853, 5, 9, 8526, 65.38
2026/07/13 00:09:51.853, 6, 8, 8526, 79.11
2026/07/13 00:09:51.853, 7, 3, 8526, 68.67
2026/07/13 00:09:52.853, 0, 64, 8526, 85.27
2026/07/13 00:09:52.908, 1, 10, 8526, 58.61
2026/07/13 00:09:52.908, 2, 96, 8526, 81.01
2026/07/13 00:09:52.908, 3, 10, 8526, 60.29
2026/07/13 00:09:52.908, 4, 10, 8526, 63.55
2026/07/13 00:09:52.909, 5, 71, 8526, 79.79
2026/07/13 00:09:52.909, 6, 99, 8526, 85.90
2026/07/13 00:09:52.909, 7, 10, 8526, 60.47
2026/07/13 00:09:53.909, 0, 11, 8526, 83.19
2026/07/13 00:09:53.918, 1, 14, 8526, 60.63
2026/07/13 00:09:53.926, 2, 11, 8526, 78.94
2026/07/13 00:09:53.926, 3, 14, 8526, 62.63
2026/07/13 00:09:53.926, 4, 12, 8526, 76.75
2026/07/13 00:09:53.926, 5, 12, 8526, 77.99
2026/07/13 00:09:53.926, 6, 11, 8526, 84.75
2026/07/13 00:09:53.926, 7, 15, 8526, 62.83
2026/07/13 00:09:54.926, 0, 17, 8526, 86.41
2026/07/13 00:09:54.932, 1, 20, 8526, 62.37
2026/07/13 00:09:54.932, 2, 17, 8526, 82.22
2026/07/13 00:09:54.932, 3, 20, 8526, 64.37
2026/07/13 00:09:54.932, 4, 17, 8526, 78.83
2026/07/13 00:09:54.932, 5, 17, 8526, 80.93
2026/07/13 00:09:54.932, 6, 17, 8526, 88.25
2026/07/13 00:09:54.933, 7, 20, 8526, 63.97
2026/07/13 00:09:55.933, 0, 100, 8526, 217.57
2026/07/13 00:09:55.941, 1, 100, 8526, 200.87
2026/07/13 00:09:55.941, 2, 100, 8526, 221.60
2026/07/13 00:09:55.941, 3, 100, 8526, 201.92
2026/07/13 00:09:55.942, 4, 100, 8526, 204.16
2026/07/13 00:09:55.943, 5, 100, 8526, 211.42
2026/07/13 00:09:55.943, 6, 100, 8526, 212.89
2026/07/13 00:09:55.943, 7, 100, 8526, 199.60
2026/07/13 00:09:56.944, 0, 11, 8526, 79.71
2026/07/13 00:09:56.944, 1, 37, 8526, 77.63
2026/07/13 00:09:56.944, 2, 13, 8526, 75.44
2026/07/13 00:09:56.944, 3, 15, 8526, 81.64
2026/07/13 00:09:56.944, 4, 37, 8526, 83.54
2026/07/13 00:09:56.944, 5, 7, 8526, 74.50
2026/07/13 00:09:56.944, 6, 13, 8526, 81.45
2026/07/13 00:09:56.944, 7, 49, 8526, 87.19
2026/07/13 00:09:57.944, 0, 4, 8526, 79.98
2026/07/13 00:09:57.997, 1, 3, 8526, 71.75
2026/07/13 00:09:57.997, 2, 3, 8526, 76.05
2026/07/13 00:09:57.997, 3, 4, 8526, 74.34
2026/07/13 00:09:57.997, 4, 4, 8526, 80.31
2026/07/13 00:09:57.997, 5, 5, 8526, 74.77
2026/07/13 00:09:57.997, 6, 9, 8526, 81.45
2026/07/13 00:09:57.997, 7, 4, 8526, 76.05
2026/07/13 00:09:58.998, 0, 51, 8526, 79.79
2026/07/13 00:09:59.004, 1, 11, 8526, 58.28
2026/07/13 00:09:59.004, 2, 22, 8526, 58.40
2026/07/13 00:09:59.004, 3, 11, 8526, 60.56
2026/07/13 00:09:59.004, 4, 11, 8526, 64.11
2026/07/13 00:09:59.004, 5, 51, 8526, 76.24
2026/07/13 00:09:59.004, 6, 44, 8526, 66.85
2026/07/13 00:09:59.012, 7, 11, 8526, 60.75
2026/07/13 00:10:00.020, 0, 3, 8526, 78.23
2026/07/13 00:10:00.021, 1, 6, 8526, 58.34
2026/07/13 00:10:00.021, 2, 4, 8526, 59.60
2026/07/13 00:10:00.021, 3, 5, 8526, 75.48
2026/07/13 00:10:00.021, 4, 6, 8526, 67.33
2026/07/13 00:10:00.021, 5, 3, 8526, 73.02
2026/07/13 00:10:00.021, 6, 4, 8526, 66.58
2026/07/13 00:10:00.021, 7, 5, 8526, 63.10
2026/07/13 00:10:01.021, 0, 10, 8526, 61.88
2026/07/13 00:10:01.021, 1, 10, 8526, 58.34
2026/07/13 00:10:01.022, 2, 10, 8526, 58.73
2026/07/13 00:10:01.022, 3, 8, 8526, 75.48
2026/07/13 00:10:01.022, 4, 7, 8526, 64.70
2026/07/13 00:10:01.022, 5, 11, 8526, 59.21
2026/07/13 00:10:01.022, 6, 10, 8526, 63.64
2026/07/13 00:10:01.022, 7, 9, 8526, 63.10
2026/07/13 00:10:02.022, 0, 27, 8526, 83.80
2026/07/13 00:10:02.023, 1, 47, 8526, 67.06
2026/07/13 00:10:02.023, 2, 96, 8526, 87.46
2026/07/13 00:10:02.023, 3, 31, 8526, 68.18
2026/07/13 00:10:02.023, 4, 29, 8526, 68.81
2026/07/13 00:10:02.023, 5, 75, 8526, 79.79
2026/07/13 00:10:02.023, 6, 84, 8526, 87.61
2026/07/13 00:10:02.023, 7, 19, 8526, 80.74
2026/07/13 00:10:03.023, 0, 16, 8526, 77.63
2026/07/13 00:10:03.024, 1, 22, 8526, 64.44
2026/07/13 00:10:03.032, 2, 21, 8526, 80.74
2026/07/13 00:10:03.032, 3, 27, 8526, 62.03
2026/07/13 00:10:03.032, 4, 22, 8526, 65.91
2026/07/13 00:10:03.032, 5, 22, 8526, 72.42
2026/07/13 00:10:03.032, 6, 21, 8526, 79.46
2026/07/13 00:10:03.033, 7, 27, 8526, 63.42
2026/07/13 00:10:04.040, 0, 22, 8526, 66.78
2026/07/13 00:10:04.041, 1, 20, 8526, 62.69
2026/07/13 00:10:04.041, 2, 22, 8526, 63.42
2026/07/13 00:10:04.041, 3, 20, 8526, 64.65
2026/07/13 00:10:04.041, 4, 19, 8526, 68.27
2026/07/13 00:10:04.041, 5, 22, 8526, 83.55
2026/07/13 00:10:04.041, 6, 22, 8526, 68.33
2026/07/13 00:10:04.041, 7, 21, 8526, 64.85
2026/07/13 00:10:05.041, 0, 100, 8526, 194.44
2026/07/13 00:10:05.048, 1, 100, 8526, 198.85
2026/07/13 00:10:05.048, 2, 100, 8526, 193.10
2026/07/13 00:10:05.048, 3, 100, 8526, 195.78
2026/07/13 00:10:05.049, 4, 100, 8526, 204.16
2026/07/13 00:10:05.049, 5, 100, 8526, 193.50
2026/07/13 00:10:05.049, 6, 100, 8526, 207.61
2026/07/13 00:10:05.049, 7, 100, 8526, 185.55
2026/07/13 00:10:06.049, 0, 5, 8526, 79.11
2026/07/13 00:10:06.049, 1, 6, 8526, 72.95
2026/07/13 00:10:06.049, 2, 5, 8526, 74.85
2026/07/13 00:10:06.049, 3, 6, 8526, 75.48
2026/07/13 00:10:06.049, 4, 7, 8526, 82.66
2026/07/13 00:10:06.049, 5, 5, 8526, 74.50
2026/07/13 00:10:06.049, 6, 6, 8526, 80.85
2026/07/13 00:10:06.049, 7, 6, 8526, 76.92
2026/07/13 00:10:07.049, 0, 9, 8526, 79.98
2026/07/13 00:10:07.049, 1, 9, 8526, 73.54
2026/07/13 00:10:07.049, 2, 9, 8526, 75.71
2026/07/13 00:10:07.059, 3, 9, 8526, 69.33
2026/07/13 00:10:07.059, 4, 9, 8526, 82.39
2026/07/13 00:10:07.059, 5, 10, 8526, 59.81
2026/07/13 00:10:07.059, 6, 9, 8526, 81.13
2026/07/13 00:10:07.059, 7, 8, 8526, 77.52
2026/07/13 00:10:08.059, 0, 7, 8526, 64.50
2026/07/13 00:10:08.060, 1, 36, 8526, 57.68
2026/07/13 00:10:08.060, 2, 6, 8526, 74.85
2026/07/13 00:10:08.060, 3, 12, 8526, 70.53
2026/07/13 00:10:08.060, 4, 20, 8526, 66.46
2026/07/13 00:10:08.060, 5, 7, 8526, 59.54
2026/07/13 00:10:08.060, 6, 7, 8526, 80.33
2026/07/13 00:10:08.060, 7, 51, 8526, 78.39
2026/07/13 00:10:09.060, 0, 3, 8526, 63.64
2026/07/13 00:10:09.066, 1, 1, 8526, 57.47
2026/07/13 00:10:09.066, 2, 2, 8526, 73.70
2026/07/13 00:10:09.066, 3, 3, 8526, 69.93
2026/07/13 00:10:09.066, 4, 0, 8526, 65.91
2026/07/13 00:10:09.067, 5, 4, 8526, 59.54
2026/07/13 00:10:09.067, 6, 2, 8526, 79.79
2026/07/13 00:10:09.067, 7, 3, 8526, 73.97
2026/07/13 00:10:10.067, 0, 14, 8526, 61.88
2026/07/13 00:10:10.074, 1, 10, 8526, 58.67
2026/07/13 00:10:10.074, 2, 11, 8526, 59.00
2026/07/13 00:10:10.074, 3, 10, 8526, 60.29
2026/07/13 00:10:10.074, 4, 9, 8526, 63.55
2026/07/13 00:10:10.074, 5, 18, 8526, 61.88
2026/07/13 00:10:10.074, 6, 10, 8526, 63.36
2026/07/13 00:10:10.074, 7, 10, 8526, 60.47
2026/07/13 00:10:11.074, 0, 2, 8526, 83.46
2026/07/13 00:10:11.112, 1, 43, 8526, 63.57
2026/07/13 00:10:11.112, 2, 12, 8526, 79.87
2026/07/13 00:10:11.112, 3, 0, 8526, 74.34
2026/07/13 00:10:11.112, 4, 15, 8526, 66.18
2026/07/13 00:10:11.112, 5, 15, 8526, 72.42
2026/07/13 00:10:11.113, 6, 21, 8526, 85.27
2026/07/13 00:10:11.113, 7, 9, 8526, 80.42
2026/07/13 00:10:12.113, 0, 21, 8526, 84.39
2026/07/13 00:10:12.120, 1, 22, 8526, 66.78
2026/07/13 00:10:12.128, 2, 16, 8526, 84.84
2026/07/13 00:10:12.128, 3, 20, 8526, 80.49
2026/07/13 00:10:12.128, 4, 8, 8526, 68.81
2026/07/13 00:10:12.128, 5, 21, 8526, 73.29
2026/07/13 00:10:12.129, 6, 12, 8526, 89.95
2026/07/13 00:10:12.129, 7, 21, 8526, 75.71
2026/07/13 00:10:13.130, 0, 22, 8526, 124.67
2026/07/13 00:10:13.130, 1, 20, 8526, 147.53
2026/07/13 00:10:13.130, 2, 100, 8526, 143.42
2026/07/13 00:10:13.130, 3, 20, 8526, 64.65
2026/07/13 00:10:13.130, 4, 56, 8526, 175.49
2026/07/13 00:10:13.130, 5, 22, 8526, 124.25
2026/07/13 00:10:13.130, 6, 32, 8526, 142.40
2026/07/13 00:10:13.130, 7, 21, 8526, 64.78
2026/07/13 00:10:14.130, 0, 100, 8526, 199.13
2026/07/13 00:10:14.131, 1, 100, 8526, 190.04
2026/07/13 00:10:14.131, 2, 64, 8526, 82.13
2026/07/13 00:10:14.131, 3, 100, 8526, 195.98
2026/07/13 00:10:14.131, 4, 100, 8526, 205.52
2026/07/13 00:10:14.141, 5, 100, 8526, 184.13
2026/07/13 00:10:14.141, 6, 100, 8526, 101.24
2026/07/13 00:10:14.141, 7, 100, 8526, 187.21
2026/07/13 00:10:15.141, 0, 6, 8526, 79.38
2026/07/13 00:10:15.141, 1, 6, 8526, 72.67
2026/07/13 00:10:15.141, 2, 4, 8526, 74.57
2026/07/13 00:10:15.141, 3, 6, 8526, 75.81
2026/07/13 00:10:15.142, 4, 5, 8526, 81.18
2026/07/13 00:10:15.142, 5, 5, 8526, 73.62
2026/07/13 00:10:15.142, 6, 5, 8526, 81.13
2026/07/13 00:10:15.142, 7, 6, 8526, 76.59
2026/07/13 00:10:16.142, 0, 9, 8526, 66.19
2026/07/13 00:10:16.150, 1, 9, 8526, 58.34
2026/07/13 00:10:16.161, 2, 10, 8526, 59.00
2026/07/13 00:10:16.161, 3, 6, 8526, 68.79
2026/07/13 00:10:16.161, 4, 11, 8526, 64.11
2026/07/13 00:10:16.162, 5, 12, 8526, 59.54
2026/07/13 00:10:16.162, 6, 9, 8526, 63.91
2026/07/13 00:10:16.162, 7, 8, 8526, 77.79
2026/07/13 00:10:17.162, 0, 14, 8526, 71.20
2026/07/13 00:10:17.162, 1, 6, 8526, 61.22
2026/07/13 00:10:17.162, 2, 6, 8526, 73.70
2026/07/13 00:10:17.162, 3, 42, 8526, 62.31
2026/07/13 00:10:17.162, 4, 6, 8526, 71.17
2026/07/13 00:10:17.162, 5, 6, 8526, 63.91
2026/07/13 00:10:17.162, 6, 6, 8526, 80.58
2026/07/13 00:10:17.162, 7, 6, 8526, 76.32
2026/07/13 00:10:18.162, 0, 3, 8526, 71.47
2026/07/13 00:10:18.206, 1, 2, 8526, 61.49
2026/07/13 00:10:18.206, 2, 6, 8526, 74.85
2026/07/13 00:10:18.206, 3, 4, 8526, 61.43
2026/07/13 00:10:18.206, 4, 1, 8526, 70.89
2026/07/13 00:10:18.206, 5, 10, 8526, 64.23
2026/07/13 00:10:18.206, 6, 8, 8526, 81.21
2026/07/13 00:10:18.206, 7, 3, 8526, 76.92
2026/07/13 00:10:19.206, 0, 19, 8526, 64.50
2026/07/13 00:10:19.211, 1, 10, 8526, 61.29
2026/07/13 00:10:19.211, 2, 47, 8526, 70.14
2026/07/13 00:10:19.211, 3, 10, 8526, 60.29
2026/07/13 00:10:19.211, 4, 10, 8526, 64.43
2026/07/13 00:10:19.211, 5, 100, 8526, 68.06
2026/07/13 00:10:19.211, 6, 100, 8526, 83.88
2026/07/13 00:10:19.211, 7, 10, 8526, 60.47
2026/07/13 00:10:20.211, 0, 12, 8526, 83.80
2026/07/13 00:10:20.222, 1, 12, 8526, 77.36
2026/07/13 00:10:20.232, 2, 12, 8526, 79.87
2026/07/13 00:10:20.232, 3, 16, 8526, 62.90
2026/07/13 00:10:20.232, 4, 12, 8526, 85.62
2026/07/13 00:10:20.232, 5, 11, 8526, 77.99
2026/07/13 00:10:20.232, 6, 12, 8526, 85.02
2026/07/13 00:10:20.232, 7, 15, 8526, 62.83
2026/07/13 00:10:21.232, 0, 16, 8526, 70.00
2026/07/13 00:10:21.322, 1, 16, 8526, 79.71
2026/07/13 00:10:21.322, 2, 17, 8526, 81.89
2026/07/13 00:10:21.322, 3, 19, 8526, 64.10
2026/07/13 00:10:21.322, 4, 16, 8526, 87.64
2026/07/13 00:10:21.322, 5, 17, 8526, 80.93
2026/07/13 00:10:21.323, 6, 17, 8526, 87.89
2026/07/13 00:10:21.323, 7, 19, 8526, 64.30
2026/07/13 00:10:22.323, 0, 100, 8526, 219.30
2026/07/13 00:10:22.323, 1, 100, 8526, 201.46
2026/07/13 00:10:22.323, 2, 100, 8526, 209.57
2026/07/13 00:10:22.323, 3, 100, 8526, 204.19
2026/07/13 00:10:22.324, 4, 100, 8526, 205.31
2026/07/13 00:10:22.324, 5, 100, 8526, 208.76
2026/07/13 00:10:22.324, 6, 100, 8526, 214.04
2026/07/13 00:10:22.324, 7, 73, 8526, 197.26
2026/07/13 00:10:23.324, 0, 14, 8526, 79.38
2026/07/13 00:10:23.330, 1, 72, 8526, 73.82
2026/07/13 00:10:23.341, 2, 15, 8526, 74.85
2026/07/13 00:10:23.341, 3, 25, 8526, 76.96
2026/07/13 00:10:23.341, 4, 13, 8526, 83.81
2026/07/13 00:10:23.341, 5, 13, 8526, 74.16
2026/07/13 00:10:23.341, 6, 13, 8526, 82.32
2026/07/13 00:10:23.351, 7, 98, 8526, 80.74
2026/07/13 00:10:24.352, 0, 4, 8526, 78.78
2026/07/13 00:10:24.357, 1, 4, 8526, 71.75
2026/07/13 00:10:24.366, 2, 4, 8526, 75.71
2026/07/13 00:10:24.366, 3, 4, 8526, 74.94
2026/07/13 00:10:24.366, 4, 4, 8526, 81.46
2026/07/13 00:10:24.366, 5, 9, 8526, 76.24
2026/07/13 00:10:24.366, 6, 4, 8526, 82.32
2026/07/13 00:10:24.366, 7, 4, 8526, 76.32
2026/07/13 00:10:25.366, 0, 12, 8526, 62.10
2026/07/13 00:10:25.368, 1, 11, 8526, 58.28
2026/07/13 00:10:25.368, 2, 12, 8526, 68.12
2026/07/13 00:10:25.368, 3, 11, 8526, 60.29
2026/07/13 00:10:25.368, 4, 11, 8526, 66.18
2026/07/13 00:10:25.368, 5, 39, 8526, 61.88
2026/07/13 00:10:25.368, 6, 12, 8526, 95.02
2026/07/13 00:10:25.368, 7, 11, 8526, 60.75
2026/07/13 00:10:26.368, 0, 5, 8526, 78.78
2026/07/13 00:10:26.375, 1, 5, 8526, 72.95
2026/07/13 00:10:26.375, 2, 5, 8526, 69.54
2026/07/13 00:10:26.375, 3, 7, 8526, 62.90
2026/07/13 00:10:26.375, 4, 5, 8526, 80.91
2026/07/13 00:10:26.375, 5, 4, 8526, 58.94
2026/07/13 00:10:26.376, 6, 4, 8526, 80.06
2026/07/13 00:10:26.376, 7, 6, 8526, 68.67
2026/07/13 00:10:27.376, 0, 8, 8526, 65.04
2026/07/13 00:10:27.408, 1, 8, 8526, 73.54
2026/07/13 00:10:27.408, 2, 8, 8526, 58.73
2026/07/13 00:10:27.408, 3, 8, 8526, 61.16
2026/07/13 00:10:27.408, 4, 2, 8526, 81.46
2026/07/13 00:10:27.408, 5, 11, 8526, 59.21
2026/07/13 00:10:27.408, 6, 11, 8526, 63.64
2026/07/13 00:10:27.408, 7, 7, 8526, 69.00
2026/07/13 00:10:28.408, 0, 75, 8526, 87.01
2026/07/13 00:10:28.418, 1, 44, 8526, 61.82
2026/07/13 00:10:28.428, 2, 100, 8526, 79.54
2026/07/13 00:10:28.428, 3, 17, 8526, 62.03
2026/07/13 00:10:28.428, 4, 10, 8526, 65.58
2026/07/13 00:10:28.429, 5, 100, 8526, 76.84
2026/07/13 00:10:28.429, 6, 58, 8526, 102.82
2026/07/13 00:10:28.429, 7, 16, 8526, 73.97
2026/07/13 00:10:29.429, 0, 21, 8526, 84.39
2026/07/13 00:10:29.430, 1, 25, 8526, 66.19
2026/07/13 00:10:29.430, 2, 15, 8526, 80.74
2026/07/13 00:10:29.430, 3, 20, 8526, 63.51
2026/07/13 00:10:29.430, 4, 15, 8526, 66.79
2026/07/13 00:10:29.430, 5, 20, 8526, 79.46
2026/07/13 00:10:29.430, 6, 21, 8526, 81.21
2026/07/13 00:10:29.430, 7, 25, 8526, 63.70
2026/07/13 00:10:30.431, 0, 22, 8526, 67.12
2026/07/13 00:10:30.438, 1, 20, 8526, 63.03
2026/07/13 00:10:30.448, 2, 22, 8526, 63.97
2026/07/13 00:10:30.450, 3, 19, 8526, 64.97
2026/07/13 00:10:30.456, 4, 20, 8526, 67.66
2026/07/13 00:10:30.456, 5, 18, 8526, 86.22
2026/07/13 00:10:30.458, 6, 22, 8526, 68.60
2026/07/13 00:10:30.467, 7, 20, 8526, 64.85
2026/07/13 00:10:31.468, 0, 100, 8526, 199.72
2026/07/13 00:10:31.524, 1, 100, 8526, 190.36
2026/07/13 00:10:31.524, 2, 100, 8526, 199.60
2026/07/13 00:10:31.524, 3, 100, 8526, 205.72
2026/07/13 00:10:31.524, 4, 100, 8526, 192.70
2026/07/13 00:10:31.524, 5, 100, 8526, 191.71
2026/07/13 00:10:31.524, 6, 100, 8526, 223.39
2026/07/13 00:10:31.524, 7, 100, 8526, 202.27
2026/07/13 00:10:32.525, 0, 6, 8526, 79.11
2026/07/13 00:10:32.534, 1, 7, 8526, 73.54
2026/07/13 00:10:32.544, 2, 4, 8526, 74.24
2026/07/13 00:10:32.544, 3, 6, 8526, 75.48
2026/07/13 00:10:32.544, 4, 7, 8526, 81.46
2026/07/13 00:10:32.545, 5, 6, 8526, 73.89
2026/07/13 00:10:32.545, 6, 5, 8526, 81.13
2026/07/13 00:10:32.545, 7, 7, 8526, 77.79
2026/07/13 00:10:33.545, 0, 6, 8526, 79.71
2026/07/13 00:10:33.546, 1, 3, 8526, 73.82
2026/07/13 00:10:33.546, 2, 9, 8526, 59.00
2026/07/13 00:10:33.546, 3, 3, 8526, 74.34
2026/07/13 00:10:33.546, 4, 3, 8526, 82.39
2026/07/13 00:10:33.546, 5, 8, 8526, 67.73
2026/07/13 00:10:33.546, 6, 9, 8526, 65.98
2026/07/13 00:10:33.546, 7, 3, 8526, 77.79
2026/07/13 00:10:34.546, 0, 52, 8526, 79.11
2026/07/13 00:10:34.549, 1, 11, 8526, 145.35
2026/07/13 00:10:34.549, 2, 31, 8526, 58.40
2026/07/13 00:10:34.559, 3, 11, 8526, 60.56
2026/07/13 00:10:34.568, 4, 11, 8526, 76.21
2026/07/13 00:10:34.568, 5, 8, 8526, 73.89
2026/07/13 00:10:34.568, 6, 33, 8526, 63.64
2026/07/13 00:10:34.568, 7, 37, 8526, 75.17
2026/07/13 00:10:35.569, 0, 3, 8526, 78.51
2026/07/13 00:10:35.574, 1, 3, 8526, 71.20
2026/07/13 00:10:35.584, 2, 4, 8526, 58.40
2026/07/13 00:10:35.584, 3, 5, 8526, 63.23
2026/07/13 00:10:35.584, 4, 5, 8526, 70.01
2026/07/13 00:10:35.584, 5, 2, 8526, 74.16
2026/07/13 00:10:35.584, 6, 2, 8526, 62.76
2026/07/13 00:10:35.585, 7, 5, 8526, 60.15
2026/07/13 00:10:36.585, 0, 10, 8526, 61.56
2026/07/13 00:10:36.626, 1, 10, 8526, 58.07
2026/07/13 00:10:36.627, 2, 11, 8526, 59.00
2026/07/13 00:10:36.627, 3, 9, 8526, 59.96
2026/07/13 00:10:36.627, 4, 8, 8526, 63.55
2026/07/13 00:10:36.627, 5, 15, 8526, 61.88
2026/07/13 00:10:36.627, 6, 11, 8526, 63.36
2026/07/13 00:10:36.627, 7, 10, 8526, 60.47
2026/07/13 00:10:37.627, 0, 17, 8526, 83.46
2026/07/13 00:10:37.633, 1, 19, 8526, 77.63
2026/07/13 00:10:37.633, 2, 52, 8526, 79.27
2026/07/13 00:10:37.633, 3, 24, 8526, 62.63
2026/07/13 00:10:37.633, 4, 56, 8526, 85.62
2026/07/13 00:10:37.633, 5, 25, 8526, 77.99
2026/07/13 00:10:37.633, 6, 41, 8526, 84.07
2026/07/13 00:10:37.634, 7, 22, 8526, 81.01
2026/07/13 00:10:38.635, 0, 10, 8526, 87.28
2026/07/13 00:10:38.635, 1, 10, 8526, 80.58
2026/07/13 00:10:38.635, 2, 21, 8526, 73.10
2026/07/13 00:10:38.635, 3, 27, 8526, 59.42
2026/07/13 00:10:38.635, 4, 21, 8526, 89.12
2026/07/13 00:10:38.635, 5, 14, 8526, 83.01
2026/07/13 00:10:38.635, 6, 20, 8526, 89.08
2026/07/13 00:10:38.635, 7, 14, 8526, 76.05
2026/07/13 00:10:39.635, 0, 52, 8526, 180.87
2026/07/13 00:10:39.638, 1, 20, 8526, 62.97
2026/07/13 00:10:39.638, 2, 22, 8526, 125.65
2026/07/13 00:10:39.638, 3, 20, 8526, 64.37
2026/07/13 00:10:39.639, 4, 20, 8526, 67.94
2026/07/13 00:10:39.639, 5, 32, 8526, 135.97
2026/07/13 00:10:39.639, 6, 22, 8526, 138.59
2026/07/13 00:10:39.639, 7, 22, 8526, 65.18
2026/07/13 00:10:40.639, 0, 100, 8526, 203.53
2026/07/13 00:10:40.639, 1, 100, 8526, 218.71
2026/07/13 00:10:40.639, 2, 100, 8526, 193.18
2026/07/13 00:10:40.639, 3, 100, 8526, 214.78
2026/07/13 00:10:40.639, 4, 100, 8526, 204.16
2026/07/13 00:10:40.639, 5, 100, 8526, 122.92
2026/07/13 00:10:40.639, 6, 100, 8526, 192.10
2026/07/13 00:10:40.639, 7, 100, 8526, 189.96
2026/07/13 00:10:41.639, 0, 5, 8526, 78.51
2026/07/13 00:10:41.640, 1, 5, 8526, 73.22
2026/07/13 00:10:41.640, 2, 5, 8526, 74.24
2026/07/13 00:10:41.640, 3, 6, 8526, 75.21
2026/07/13 00:10:41.640, 4, 6, 8526, 82.06
2026/07/13 00:10:41.640, 5, 5, 8526, 74.50
2026/07/13 00:10:41.640, 6, 5, 8526, 81.13
2026/07/13 00:10:41.640, 7, 5, 8526, 77.20
2026/07/13 00:10:42.641, 0, 12, 8526, 62.16
2026/07/13 00:10:42.650, 1, 9, 8526, 64.23
2026/07/13 00:10:42.650, 2, 12, 8526, 59.00
2026/07/13 00:10:42.650, 3, 9, 8526, 75.81
2026/07/13 00:10:42.650, 4, 8, 8526, 82.06
2026/07/13 00:10:42.650, 5, 10, 8526, 67.45
2026/07/13 00:10:42.650, 6, 9, 8526, 63.91
2026/07/13 00:10:42.650, 7, 9, 8526, 62.50
2026/07/13 00:10:43.650, 0, 6, 8526, 79.11
2026/07/13 00:10:43.650, 1, 10, 8526, 72.34
2026/07/13 00:10:43.650, 2, 7, 8526, 59.27
2026/07/13 00:10:43.650, 3, 51, 8526, 73.74
2026/07/13 00:10:43.650, 4, 50, 8526, 78.83
2026/07/13 00:10:43.650, 5, 6, 8526, 69.20
2026/07/13 00:10:43.650, 6, 7, 8526, 80.25
2026/07/13 00:10:43.650, 7, 10, 8526, 74.85
2026/07/13 00:10:44.651, 0, 6, 8526, 79.38
2026/07/13 00:10:44.704, 1, 3, 8526, 72.34
2026/07/13 00:10:44.704, 2, 10, 8526, 59.60
2026/07/13 00:10:44.704, 3, 3, 8526, 72.27
2026/07/13 00:10:44.705, 4, 3, 8526, 77.95
2026/07/13 00:10:44.705, 5, 9, 8526, 69.47
2026/07/13 00:10:44.705, 6, 2, 8526, 80.93
2026/07/13 00:10:44.705, 7, 3, 8526, 73.97
2026/07/13 00:10:45.705, 0, 40, 8526, 64.50
2026/07/13 00:10:45.706, 1, 10, 8526, 58.67
2026/07/13 00:10:45.706, 2, 79, 8526, 61.62
2026/07/13 00:10:45.706, 3, 9, 8526, 59.96
2026/07/13 00:10:45.706, 4, 9, 8526, 63.83
2026/07/13 00:10:45.706, 5, 69, 8526, 80.66
2026/07/13 00:10:45.706, 6, 11, 8526, 68.06
2026/07/13 00:10:45.715, 7, 11, 8526, 60.47
2026/07/13 00:10:46.715, 0, 11, 8526, 83.80
2026/07/13 00:10:46.716, 1, 15, 8526, 60.63
2026/07/13 00:10:46.716, 2, 11, 8526, 79.27
2026/07/13 00:10:46.716, 3, 14, 8526, 62.63
2026/07/13 00:10:46.716, 4, 14, 8526, 66.18
2026/07/13 00:10:46.716, 5, 12, 8526, 78.31
2026/07/13 00:10:46.716, 6, 12, 8526, 84.39
2026/07/13 00:10:46.716, 7, 12, 8526, 80.74
2026/07/13 00:10:47.716, 0, 17, 8526, 86.41
2026/07/13 00:10:47.725, 1, 14, 8526, 62.10
2026/07/13 00:10:47.725, 2, 17, 8526, 82.22
2026/07/13 00:10:47.725, 3, 20, 8526, 64.37
2026/07/13 00:10:47.725, 4, 20, 8526, 67.66
2026/07/13 00:10:47.725, 5, 17, 8526, 81.54
2026/07/13 00:10:47.725, 6, 16, 8526, 88.75
2026/07/13 00:10:47.725, 7, 15, 8526, 83.37
2026/07/13 00:10:48.726, 0, 100, 8526, 210.82
2026/07/13 00:10:48.726, 1, 47, 8526, 183.94
2026/07/13 00:10:48.726, 2, 100, 8526, 206.09
2026/07/13 00:10:48.726, 3, 100, 8526, 192.51
2026/07/13 00:10:48.726, 4, 100, 8526, 190.08
2026/07/13 00:10:48.726, 5, 100, 8526, 200.20
2026/07/13 00:10:48.726, 6, 100, 8526, 203.80
2026/07/13 00:10:48.726, 7, 100, 8526, 198.73
2026/07/13 00:10:49.726, 0, 72, 8526, 78.51
2026/07/13 00:10:49.735, 1, 100, 8526, 72.67
2026/07/13 00:10:49.745, 2, 12, 8526, 75.44
2026/07/13 00:10:49.745, 3, 95, 8526, 76.35
2026/07/13 00:10:49.745, 4, 45, 8526, 81.79
2026/07/13 00:10:49.745, 5, 21, 8526, 75.09
2026/07/13 00:10:49.746, 6, 59, 8526, 86.14
2026/07/13 00:10:49.746, 7, 62, 8526, 80.14
2026/07/13 00:10:50.746, 0, 4, 8526, 76.16
2026/07/13 00:10:50.746, 1, 5, 8526, 72.67
2026/07/13 00:10:50.746, 2, 3, 8526, 75.17
2026/07/13 00:10:50.746, 3, 5, 8526, 75.21
2026/07/13 00:10:50.746, 4, 4, 8526, 81.46
2026/07/13 00:10:50.746, 5, 4, 8526, 73.29
2026/07/13 00:10:50.746, 6, 4, 8526, 81.13
2026/07/13 00:10:50.746, 7, 4, 8526, 77.20
2026/07/13 00:10:51.746, 0, 12, 8526, 61.82
2026/07/13 00:10:51.750, 1, 9, 8526, 58.61
2026/07/13 00:10:51.751, 2, 12, 8526, 85.72
2026/07/13 00:10:51.751, 3, 11, 8526, 60.29
2026/07/13 00:10:51.751, 4, 11, 8526, 64.11
2026/07/13 00:10:51.751, 5, 12, 8526, 134.91
2026/07/13 00:10:51.751, 6, 12, 8526, 66.19
2026/07/13 00:10:51.752, 7, 11, 8526, 60.75
2026/07/13 00:10:52.762, 0, 5, 8526, 74.69
2026/07/13 00:10:52.762, 1, 10, 8526, 57.74
2026/07/13 00:10:52.762, 2, 4, 8526, 73.70
2026/07/13 00:10:52.762, 3, 6, 8526, 69.93
2026/07/13 00:10:52.762, 4, 6, 8526, 71.76
2026/07/13 00:10:52.762, 5, 3, 8526, 72.15
2026/07/13 00:10:52.762, 6, 5, 8526, 80.33
2026/07/13 00:10:52.762, 7, 6, 8526, 76.59
2026/07/13 00:10:53.762, 0, 8, 8526, 64.23
2026/07/13 00:10:53.764, 1, 9, 8526, 58.07
2026/07/13 00:10:53.774, 2, 8, 8526, 75.44
2026/07/13 00:10:53.774, 3, 2, 8526, 70.53
2026/07/13 00:10:53.775, 4, 7, 8526, 72.04
2026/07/13 00:10:53.775, 5, 11, 8526, 59.54
2026/07/13 00:10:53.775, 6, 8, 8526, 80.66
2026/07/13 00:10:53.775, 7, 8, 8526, 76.92
2026/07/13 00:10:54.785, 0, 98, 8526, 86.41
2026/07/13 00:10:54.789, 1, 17, 8526, 59.15
2026/07/13 00:10:54.798, 2, 100, 8526, 83.09
2026/07/13 00:10:54.798, 3, 10, 8526, 61.43
2026/07/13 00:10:54.799, 4, 16, 8526, 67.66
2026/07/13 00:10:54.799, 5, 74, 8526, 84.75
2026/07/13 00:10:54.799, 6, 84, 8526, 84.39
2026/07/13 00:10:54.799, 7, 30, 8526, 61.62
2026/07/13 00:10:55.799, 0, 1, 8526, 84.07
2026/07/13 00:10:55.800, 1, 14, 8526, 61.49
2026/07/13 00:10:55.800, 2, 11, 8526, 79.54
2026/07/13 00:10:55.800, 3, 14, 8526, 59.09
2026/07/13 00:10:55.800, 4, 14, 8526, 66.79
2026/07/13 00:10:55.800, 5, 10, 8526, 79.79
2026/07/13 00:10:55.800, 6, 13, 8526, 86.41
2026/07/13 00:10:55.800, 7, 9, 8526, 59.88
2026/07/13 00:10:56.800, 0, 21, 8526, 66.58
2026/07/13 00:10:56.809, 1, 20, 8526, 61.88
2026/07/13 00:10:56.819, 2, 17, 8526, 63.70
2026/07/13 00:10:56.819, 3, 20, 8526, 64.10
2026/07/13 00:10:56.819, 4, 20, 8526, 67.33
2026/07/13 00:10:56.819, 5, 22, 8526, 64.23
2026/07/13 00:10:56.819, 6, 21, 8526, 68.33
2026/07/13 00:10:56.819, 7, 20, 8526, 63.97
2026/07/13 00:10:57.820, 0, 100, 8526, 226.60
2026/07/13 00:10:57.822, 1, 100, 8526, 209.74
2026/07/13 00:10:57.822, 2, 100, 8526, 218.67
2026/07/13 00:10:57.822, 3, 100, 8526, 207.18
2026/07/13 00:10:57.822, 4, 100, 8526, 207.38
2026/07/13 00:10:57.822, 5, 100, 8526, 217.24
2026/07/13 00:10:57.822, 6, 100, 8526, 220.18
2026/07/13 00:10:57.822, 7, 100, 8526, 205.48
2026/07/13 00:10:58.822, 0, 7, 8526, 79.71
2026/07/13 00:10:58.825, 1, 11, 8526, 73.22
2026/07/13 00:10:58.825, 2, 11, 8526, 74.85
2026/07/13 00:10:58.825, 3, 46, 8526, 76.08
2026/07/13 00:10:58.825, 4, 10, 8526, 82.39
2026/07/13 00:10:58.825, 5, 7, 8526, 75.09
2026/07/13 00:10:58.825, 6, 7, 8526, 82.05
2026/07/13 00:10:58.825, 7, 15, 8526, 77.52
2026/07/13 00:10:59.825, 0, 4, 8526, 80.25
2026/07/13 00:10:59.826, 1, 4, 8526, 71.47
2026/07/13 00:10:59.826, 2, 4, 8526, 75.44
2026/07/13 00:10:59.826, 3, 4, 8526, 74.34
2026/07/13 00:10:59.826, 4, 4, 8526, 80.91
2026/07/13 00:10:59.826, 5, 9, 8526, 75.64
2026/07/13 00:10:59.826, 6, 6, 8526, 82.32
2026/07/13 00:10:59.826, 7, 4, 8526, 76.05
2026/07/13 00:11:00.826, 0, 39, 8526, 75.56
2026/07/13 00:11:00.826, 1, 11, 8526, 58.34
2026/07/13 00:11:00.834, 2, 12, 8526, 62.23
2026/07/13 00:11:00.834, 3, 11, 8526, 60.56
2026/07/13 00:11:00.834, 4, 12, 8526, 64.11
2026/07/13 00:11:00.834, 5, 19, 8526, 63.36
2026/07/13 00:11:00.834, 6, 51, 8526, 81.81
2026/07/13 00:11:00.842, 7, 12, 8526, 60.75
2026/07/13 00:11:01.842, 0, 4, 8526, 61.29
2026/07/13 00:11:01.842, 1, 5, 8526, 66.51
2026/07/13 00:11:01.842, 2, 4, 8526, 73.97
2026/07/13 00:11:01.842, 3, 7, 8526, 59.69
2026/07/13 00:11:01.842, 4, 6, 8526, 63.55
2026/07/13 00:11:01.842, 5, 4, 8526, 63.64
2026/07/13 00:11:01.843, 6, 3, 8526, 79.79
2026/07/13 00:11:01.843, 7, 5, 8526, 76.05
2026/07/13 00:11:02.843, 0, 10, 8526, 61.56
2026/07/13 00:11:02.843, 1, 8, 8526, 67.12
2026/07/13 00:11:02.843, 2, 8, 8526, 58.73
2026/07/13 00:11:02.843, 3, 8, 8526, 59.96
2026/07/13 00:11:02.843, 4, 7, 8526, 63.55
2026/07/13 00:11:02.843, 5, 11, 8526, 59.21
2026/07/13 00:11:02.843, 6, 10, 8526, 63.64
2026/07/13 00:11:02.843, 7, 8, 8526, 76.92
2026/07/13 00:11:03.843, 0, 63, 8526, 97.86
2026/07/13 00:11:03.847, 1, 38, 8526, 63.29
2026/07/13 00:11:03.847, 2, 56, 8526, 79.27
2026/07/13 00:11:03.847, 3, 18, 8526, 68.46
2026/07/13 00:11:03.847, 4, 18, 8526, 85.62
2026/07/13 00:11:03.848, 5, 100, 8526, 82.68
2026/07/13 00:11:03.848, 6, 41, 8526, 91.10
2026/07/13 00:11:03.848, 7, 44, 8526, 81.29
2026/07/13 00:11:04.848, 0, 21, 8526, 84.67
2026/07/13 00:11:04.853, 1, 27, 8526, 61.49
2026/07/13 00:11:04.861, 2, 21, 8526, 73.37
2026/07/13 00:11:04.861, 3, 27, 8526, 63.78
2026/07/13 00:11:04.861, 4, 17, 8526, 68.81
2026/07/13 00:11:04.861, 5, 21, 8526, 73.29
2026/07/13 00:11:04.861, 6, 18, 8526, 86.74
2026/07/13 00:11:04.861, 7, 24, 8526, 68.67
2026/07/13 00:11:05.861, 0, 22, 8526, 66.58
2026/07/13 00:11:05.862, 1, 20, 8526, 62.76
2026/07/13 00:11:05.862, 2, 22, 8526, 125.98
2026/07/13 00:11:05.862, 3, 20, 8526, 64.65
2026/07/13 00:11:05.862, 4, 19, 8526, 67.94
2026/07/13 00:11:05.862, 5, 22, 8526, 64.23
2026/07/13 00:11:05.862, 6, 22, 8526, 68.60
2026/07/13 00:11:05.862, 7, 20, 8526, 64.85
2026/07/13 00:11:06.862, 0, 100, 8526, 211.42
2026/07/13 00:11:06.865, 1, 100, 8526, 195.64
2026/07/13 00:11:06.870, 2, 100, 8526, 191.16
2026/07/13 00:11:06.873, 3, 100, 8526, 189.29
2026/07/13 00:11:06.877, 4, 100, 8526, 201.43
2026/07/13 00:11:06.877, 5, 100, 8526, 183.21
2026/07/13 00:11:06.877, 6, 100, 8526, 212.34
2026/07/13 00:11:06.877, 7, 100, 8526, 209.57
2026/07/13 00:11:07.877, 0, 6, 8526, 79.11
2026/07/13 00:11:07.881, 1, 7, 8526, 72.95
2026/07/13 00:11:07.881, 2, 5, 8526, 74.57
2026/07/13 00:11:07.881, 3, 6, 8526, 75.48
2026/07/13 00:11:07.881, 4, 6, 8526, 81.79
2026/07/13 00:11:07.881, 5, 6, 8526, 73.62
2026/07/13 00:11:07.881, 6, 5, 8526, 81.72
2026/07/13 00:11:07.881, 7, 6, 8526, 77.52
2026/07/13 00:11:08.882, 0, 9, 8526, 79.98
2026/07/13 00:11:08.887, 1, 8, 8526, 73.54
2026/07/13 00:11:08.896, 2, 9, 8526, 59.27
2026/07/13 00:11:08.896, 3, 8, 8526, 76.35
2026/07/13 00:11:08.897, 4, 7, 8526, 82.06
2026/07/13 00:11:08.897, 5, 10, 8526, 66.26
2026/07/13 00:11:08.897, 6, 9, 8526, 65.38
2026/07/13 00:11:08.897, 7, 5, 8526, 78.07
2026/07/13 00:11:09.897, 0, 7, 8526, 79.11
2026/07/13 00:11:09.897, 1, 49, 8526, 67.06
2026/07/13 00:11:09.898, 2, 7, 8526, 62.83
2026/07/13 00:11:09.898, 3, 53, 8526, 73.47
2026/07/13 00:11:09.898, 4, 47, 8526, 72.04
2026/07/13 00:11:09.898, 5, 8, 8526, 73.62
2026/07/13 00:11:09.898, 6, 6, 8526, 74.50
2026/07/13 00:11:09.898, 7, 46, 8526, 67.19
2026/07/13 00:11:10.898, 0, 3, 8526, 79.11
2026/07/13 00:11:10.903, 1, 3, 8526, 67.38
2026/07/13 00:11:10.903, 2, 4, 8526, 63.70
2026/07/13 00:11:10.903, 3, 3, 8526, 75.21
2026/07/13 00:11:10.903, 4, 3, 8526, 72.37
2026/07/13 00:11:10.903, 5, 2, 8526, 73.89
2026/07/13 00:11:10.903, 6, 3, 8526, 74.50
2026/07/13 00:11:10.903, 7, 4, 8526, 66.92
2026/07/13 00:11:11.912, 0, 11, 8526, 65.04
2026/07/13 00:11:11.920, 1, 10, 8526, 58.07
2026/07/13 00:11:11.920, 2, 18, 8526, 59.88
2026/07/13 00:11:11.921, 3, 9, 8526, 59.96
2026/07/13 00:11:11.921, 4, 9, 8526, 63.83
2026/07/13 00:11:11.921, 5, 14, 8526, 71.82
2026/07/13 00:11:11.921, 6, 11, 8526, 63.03
2026/07/13 00:11:11.921, 7, 10, 8526, 60.47
2026/07/13 00:11:12.922, 0, 12, 8526, 83.46
2026/07/13 00:11:12.922, 1, 15, 8526, 60.63
2026/07/13 00:11:12.922, 2, 12, 8526, 79.54
2026/07/13 00:11:12.922, 3, 15, 8526, 62.90
2026/07/13 00:11:12.922, 4, 15, 8526, 66.18
2026/07/13 00:11:12.922, 5, 17, 8526, 78.31
2026/07/13 00:11:12.922, 6, 19, 8526, 85.27
2026/07/13 00:11:12.922, 7, 14, 8526, 81.29
2026/07/13 00:11:13.922, 0, 14, 8526, 86.41
2026/07/13 00:11:13.922, 1, 11, 8526, 63.29
2026/07/13 00:11:13.923, 2, 16, 8526, 84.84
2026/07/13 00:11:13.932, 3, 17, 8526, 65.57
2026/07/13 00:11:13.932, 4, 10, 8526, 68.54
2026/07/13 00:11:13.932, 5, 11, 8526, 81.54
2026/07/13 00:11:13.932, 6, 11, 8526, 88.16
2026/07/13 00:11:13.932, 7, 7, 8526, 85.11
2026/07/13 00:11:14.932, 0, 89, 8526, 203.80
2026/07/13 00:11:14.932, 1, 39, 8526, 139.04
2026/07/13 00:11:14.932, 2, 100, 8526, 144.02
2026/07/13 00:11:14.932, 3, 58, 8526, 173.21
2026/07/13 00:11:14.932, 4, 39, 8526, 141.82
2026/07/13 00:11:14.932, 5, 74, 8526, 194.05
2026/07/13 00:11:14.932, 6, 45, 8526, 197.38
2026/07/13 00:11:14.933, 7, 21, 8526, 137.44
2026/07/13 00:11:15.933, 0, 84, 8526, 82.32
2026/07/13 00:11:15.941, 1, 100, 8526, 89.36
2026/07/13 00:11:15.941, 2, 62, 8526, 82.13
2026/07/13 00:11:15.941, 3, 100, 8526, 203.80
2026/07/13 00:11:15.941, 4, 100, 8526, 187.79
2026/07/13 00:11:15.941, 5, 97, 8526, 75.56
2026/07/13 00:11:15.942, 6, 100, 8526, 84.07
2026/07/13 00:11:15.942, 7, 100, 8526, 128.74
2026/07/13 00:11:16.942, 0, 4, 8526, 79.11
2026/07/13 00:11:16.942, 1, 5, 8526, 72.67
2026/07/13 00:11:16.942, 2, 4, 8526, 74.57
2026/07/13 00:11:16.942, 3, 5, 8526, 75.21
2026/07/13 00:11:16.942, 4, 5, 8526, 81.79
2026/07/13 00:11:16.942, 5, 5, 8526, 73.89
2026/07/13 00:11:16.942, 6, 5, 8526, 81.13
2026/07/13 00:11:16.942, 7, 5, 8526, 76.92
2026/07/13 00:11:17.942, 0, 12, 8526, 62.44
2026/07/13 00:11:17.942, 1, 9, 8526, 58.34
2026/07/13 00:11:17.943, 2, 12, 8526, 59.27
2026/07/13 00:11:17.953, 3, 11, 8526, 60.56
2026/07/13 00:11:17.953, 4, 9, 8526, 66.18
2026/07/13 00:11:17.953, 5, 12, 8526, 59.81
2026/07/13 00:11:17.953, 6, 9, 8526, 64.23
2026/07/13 00:11:17.953, 7, 9, 8526, 60.75
2026/07/13 00:11:18.953, 0, 6, 8526, 66.58
2026/07/13 00:11:18.954, 1, 11, 8526, 57.19
2026/07/13 00:11:18.954, 2, 6, 8526, 74.57
2026/07/13 00:11:18.954, 3, 6, 8526, 64.37
2026/07/13 00:11:18.954, 4, 5, 8526, 64.11
2026/07/13 00:11:18.954, 5, 5, 8526, 69.20
2026/07/13 00:11:18.954, 6, 4, 8526, 80.25
2026/07/13 00:11:18.954, 7, 7, 8526, 76.59
2026/07/13 00:11:19.954, 0, 2, 8526, 66.19
2026/07/13 00:11:19.999, 1, 3, 8526, 57.68
2026/07/13 00:11:19.999, 2, 7, 8526, 74.85
2026/07/13 00:11:19.999, 3, 3, 8526, 63.78
2026/07/13 00:11:19.999, 4, 3, 8526, 64.11
2026/07/13 00:11:19.999, 5, 9, 8526, 62.76
2026/07/13 00:11:19.999, 6, 7, 8526, 80.93
2026/07/13 00:11:19.999, 7, 3, 8526, 75.44
2026/07/13 00:11:21.000, 0, 38, 8526, 61.56
2026/07/13 00:11:21.008, 1, 10, 8526, 58.67
2026/07/13 00:11:21.008, 2, 57, 8526, 81.62
2026/07/13 00:11:21.008, 3, 10, 8526, 59.96
2026/07/13 00:11:21.008, 4, 9, 8526, 63.55
2026/07/13 00:11:21.008, 5, 100, 8526, 74.50
2026/07/13 00:11:21.008, 6, 49, 8526, 82.32
2026/07/13 00:11:21.008, 7, 10, 8526, 60.47
2026/07/13 00:11:22.009, 0, 11, 8526, 83.46
2026/07/13 00:11:22.013, 1, 13, 8526, 62.10
2026/07/13 00:11:22.013, 2, 11, 8526, 78.94
2026/07/13 00:11:22.013, 3, 15, 8526, 62.63
2026/07/13 00:11:22.013, 4, 15, 8526, 65.91
2026/07/13 00:11:22.013, 5, 12, 8526, 78.31
2026/07/13 00:11:22.013, 6, 11, 8526, 84.94
2026/07/13 00:11:22.013, 7, 14, 8526, 62.83
2026/07/13 00:11:23.013, 0, 17, 8526, 86.14
2026/07/13 00:11:23.013, 1, 19, 8526, 63.57
2026/07/13 00:11:23.014, 2, 17, 8526, 81.89
2026/07/13 00:11:23.014, 3, 20, 8526, 64.10
2026/07/13 00:11:23.014, 4, 20, 8526, 67.33
2026/07/13 00:11:23.014, 5, 17, 8526, 81.21
2026/07/13 00:11:23.014, 6, 17, 8526, 88.48
2026/07/13 00:11:23.014, 7, 20, 8526, 64.30
2026/07/13 00:11:24.014, 0, 100, 8526, 213.16
2026/07/13 00:11:24.018, 1, 100, 8526, 194.71
2026/07/13 00:11:24.018, 2, 100, 8526, 208.42
2026/07/13 00:11:24.018, 3, 100, 8526, 191.90
2026/07/13 00:11:24.018, 4, 95, 8526, 196.45
2026/07/13 00:11:24.018, 5, 100, 8526, 203.14
2026/07/13 00:11:24.018, 6, 100, 8526, 207.34
2026/07/13 00:11:24.019, 7, 100, 8526, 197.86
2026/07/13 00:11:25.019, 0, 21, 8526, 79.98
2026/07/13 00:11:25.019, 1, 79, 8526, 72.34
2026/07/13 00:11:25.019, 2, 17, 8526, 74.85
2026/07/13 00:11:25.019, 3, 41, 8526, 75.48
2026/07/13 00:11:25.019, 4, 77, 8526, 83.26
2026/07/13 00:11:25.019, 5, 13, 8526, 74.50
2026/07/13 00:11:25.019, 6, 15, 8526, 82.68
2026/07/13 00:11:25.019, 7, 16, 8526, 82.22
2026/07/13 00:11:26.019, 0, 4, 8526, 78.23
2026/07/13 00:11:26.023, 1, 5, 8526, 72.95
2026/07/13 00:11:26.033, 2, 4, 8526, 73.37
2026/07/13 00:11:26.034, 3, 4, 8526, 75.48
2026/07/13 00:11:26.034, 4, 5, 8526, 80.91
2026/07/13 00:11:26.034, 5, 3, 8526, 74.50
2026/07/13 00:11:26.034, 6, 4, 8526, 81.13
2026/07/13 00:11:26.034, 7, 4, 8526, 77.20
2026/07/13 00:11:27.044, 0, 11, 8526, 62.16
2026/07/13 00:11:27.044, 1, 11, 8526, 58.28
2026/07/13 00:11:27.044, 2, 12, 8526, 79.54
2026/07/13 00:11:27.044, 3, 11, 8526, 60.56
2026/07/13 00:11:27.044, 4, 11, 8526, 64.11
2026/07/13 00:11:27.044, 5, 31, 8526, 123.17
2026/07/13 00:11:27.044, 6, 12, 8526, 63.91
2026/07/13 00:11:27.044, 7, 11, 8526, 61.08
2026/07/13 00:11:28.044, 0, 6, 8526, 62.37
2026/07/13 00:11:28.050, 1, 6, 8526, 72.67
2026/07/13 00:11:28.060, 2, 5, 8526, 67.52
2026/07/13 00:11:28.061, 3, 6, 8526, 65.25
2026/07/13 00:11:28.061, 4, 5, 8526, 81.46
2026/07/13 00:11:28.061, 5, 4, 8526, 58.67
2026/07/13 00:11:28.061, 6, 5, 8526, 75.64
2026/07/13 00:11:28.061, 7, 6, 8526, 70.48
2026/07/13 00:11:29.071, 0, 10, 8526, 63.29
2026/07/13 00:11:29.079, 1, 3, 8526, 73.54
2026/07/13 00:11:29.079, 2, 9, 8526, 58.40
2026/07/13 00:11:29.079, 3, 8, 8526, 65.84
2026/07/13 00:11:29.079, 4, 7, 8526, 81.46
2026/07/13 00:11:29.079, 5, 11, 8526, 59.21
2026/07/13 00:11:29.079, 6, 8, 8526, 64.50
2026/07/13 00:11:29.089, 7, 8, 8526, 71.02
2026/07/13 00:11:30.099, 0, 100, 8526, 86.14
2026/07/13 00:11:30.107, 1, 10, 8526, 59.15
2026/07/13 00:11:30.107, 2, 100, 8526, 81.89
2026/07/13 00:11:30.107, 3, 18, 8526, 62.03
2026/07/13 00:11:30.108, 4, 18, 8526, 69.14
2026/07/13 00:11:30.108, 5, 100, 8526, 78.59
2026/07/13 00:11:30.108, 6, 100, 8526, 86.41
2026/07/13 00:11:30.108, 7, 28, 8526, 62.83
2026/07/13 00:11:31.108, 0, 14, 8526, 84.39
2026/07/13 00:11:31.113, 1, 14, 8526, 61.49
2026/07/13 00:11:31.113, 2, 16, 8526, 80.14
2026/07/13 00:11:31.113, 3, 15, 8526, 81.04
2026/07/13 00:11:31.113, 4, 27, 8526, 66.79
2026/07/13 00:11:31.113, 5, 20, 8526, 79.19
2026/07/13 00:11:31.113, 6, 17, 8526, 86.14
2026/07/13 00:11:31.114, 7, 24, 8526, 63.70
2026/07/13 00:11:32.114, 0, 17, 8526, 66.51
2026/07/13 00:11:32.114, 1, 20, 8526, 62.69
2026/07/13 00:11:32.115, 2, 17, 8526, 63.97
2026/07/13 00:11:32.115, 3, 15, 8526, 64.65
2026/07/13 00:11:32.115, 4, 20, 8526, 67.94
2026/07/13 00:11:32.115, 5, 17, 8526, 63.91
2026/07/13 00:11:32.115, 6, 17, 8526, 68.60
2026/07/13 00:11:32.115, 7, 20, 8526, 65.18
2026/07/13 00:11:33.115, 0, 100, 8526, 206.74
2026/07/13 00:11:33.115, 1, 100, 8526, 219.30
2026/07/13 00:11:33.115, 2, 100, 8526, 193.77
2026/07/13 00:11:33.115, 3, 100, 8526, 221.42
2026/07/13 00:11:33.115, 4, 100, 8526, 218.79
2026/07/13 00:11:33.115, 5, 100, 8526, 184.22
2026/07/13 00:11:33.115, 6, 100, 8526, 202.33
2026/07/13 00:11:33.115, 7, 100, 8526, 216.59
2026/07/13 00:11:34.115, 0, 7, 8526, 78.78
2026/07/13 00:11:34.124, 1, 13, 8526, 73.22
2026/07/13 00:11:34.124, 2, 7, 8526, 74.57
2026/07/13 00:11:34.124, 3, 6, 8526, 76.08
2026/07/13 00:11:34.124, 4, 7, 8526, 82.66
2026/07/13 00:11:34.124, 5, 6, 8526, 74.50
2026/07/13 00:11:34.124, 6, 7, 8526, 82.60
2026/07/13 00:11:34.124, 7, 6, 8526, 77.52
2026/07/13 00:11:35.125, 0, 6, 8526, 80.58
2026/07/13 00:11:35.125, 1, 3, 8526, 74.09
2026/07/13 00:11:35.125, 2, 9, 8526, 75.44
2026/07/13 00:11:35.126, 3, 4, 8526, 76.35
2026/07/13 00:11:35.126, 4, 6, 8526, 82.39
2026/07/13 00:11:35.127, 5, 9, 8526, 75.09
2026/07/13 00:11:35.127, 6, 9, 8526, 82.32
2026/07/13 00:11:35.127, 7, 4, 8526, 77.20
2026/07/13 00:11:36.127, 0, 52, 8526, 78.51
2026/07/13 00:11:36.142, 1, 11, 8526, 71.20
2026/07/13 00:11:36.142, 2, 32, 8526, 58.40
2026/07/13 00:11:36.142, 3, 11, 8526, 75.21
2026/07/13 00:11:36.142, 4, 44, 8526, 121.95
2026/07/13 00:11:36.142, 5, 8, 8526, 74.16
2026/07/13 00:11:36.142, 6, 41, 8526, 64.50
2026/07/13 00:11:36.142, 7, 11, 8526, 91.02
2026/07/13 00:11:37.142, 0, 3, 8526, 78.51
2026/07/13 00:11:37.151, 1, 5, 8526, 62.69
2026/07/13 00:11:37.151, 2, 4, 8526, 58.73
2026/07/13 00:11:37.151, 3, 4, 8526, 74.94
2026/07/13 00:11:37.151, 4, 4, 8526, 67.33
2026/07/13 00:11:37.151, 5, 3, 8526, 73.02
2026/07/13 00:11:37.151, 6, 4, 8526, 63.91
2026/07/13 00:11:37.151, 7, 6, 8526, 59.88
2026/07/13 00:11:38.152, 0, 10, 8526, 61.88
2026/07/13 00:11:38.152, 1, 9, 8526, 58.34
2026/07/13 00:11:38.152, 2, 11, 8526, 61.62
2026/07/13 00:11:38.153, 3, 7, 8526, 60.29
2026/07/13 00:11:38.153, 4, 9, 8526, 63.55
2026/07/13 00:11:38.154, 5, 11, 8526, 63.91
2026/07/13 00:11:38.154, 6, 11, 8526, 63.64
2026/07/13 00:11:38.155, 7, 10, 8526, 60.47
2026/07/13 00:11:39.155, 0, 37, 8526, 83.80
2026/07/13 00:11:39.206, 1, 12, 8526, 77.90
2026/07/13 00:11:39.206, 2, 22, 8526, 79.27
2026/07/13 00:11:39.206, 3, 28, 8526, 62.90
2026/07/13 00:11:39.206, 4, 25, 8526, 66.18
2026/07/13 00:11:39.206, 5, 19, 8526, 78.59
2026/07/13 00:11:39.206, 6, 12, 8526, 84.94
2026/07/13 00:11:39.207, 7, 22, 8526, 63.42
2026/07/13 00:11:40.207, 0, 11, 8526, 88.48
2026/07/13 00:11:40.212, 1, 1, 8526, 72.67
2026/07/13 00:11:40.212, 2, 21, 8526, 75.17
2026/07/13 00:11:40.212, 3, 19, 8526, 65.25
2026/07/13 00:11:40.212, 4, 21, 8526, 62.95
2026/07/13 00:11:40.212, 5, 11, 8526, 83.01
2026/07/13 00:11:40.212, 6, 11, 8526, 80.33
2026/07/13 00:11:40.212, 7, 11, 8526, 65.45
2026/07/13 00:11:41.212, 0, 78, 8526, 185.88
2026/07/13 00:11:41.212, 1, 20, 8526, 62.69
2026/07/13 00:11:41.212, 2, 22, 8526, 129.94
2026/07/13 00:11:41.212, 3, 20, 8526, 175.73
2026/07/13 00:11:41.212, 4, 20, 8526, 67.87
2026/07/13 00:11:41.212, 5, 68, 8526, 185.20
2026/07/13 00:11:41.213, 6, 32, 8526, 68.53
2026/07/13 00:11:41.213, 7, 21, 8526, 137.85
2026/07/13 00:11:42.213, 0, 93, 8526, 91.60
2026/07/13 00:11:42.217, 1, 100, 8526, 197.38
2026/07/13 00:11:42.218, 2, 100, 8526, 186.34
2026/07/13 00:11:42.227, 3, 100, 8526, 189.84
2026/07/13 00:11:42.227, 4, 100, 8526, 202.29
2026/07/13 00:11:42.227, 5, 100, 8526, 78.51
2026/07/13 00:11:42.227, 6, 100, 8526, 206.41
2026/07/13 00:11:42.227, 7, 100, 8526, 124.52
2026/07/13 00:11:43.227, 0, 5, 8526, 78.78
2026/07/13 00:11:43.286, 1, 6, 8526, 73.54
2026/07/13 00:11:43.286, 2, 5, 8526, 74.24
2026/07/13 00:11:43.286, 3, 6, 8526, 75.48
2026/07/13 00:11:43.286, 4, 6, 8526, 81.46
2026/07/13 00:11:43.286, 5, 5, 8526, 73.89
2026/07/13 00:11:43.286, 6, 5, 8526, 82.05
2026/07/13 00:11:43.287, 7, 5, 8526, 76.59
2026/07/13 00:11:44.287, 0, 12, 8526, 62.10
2026/07/13 00:11:44.290, 1, 9, 8526, 73.82
2026/07/13 00:11:44.299, 2, 9, 8526, 59.60
2026/07/13 00:11:44.299, 3, 11, 8526, 60.56
2026/07/13 00:11:44.299, 4, 8, 8526, 82.06
2026/07/13 00:11:44.299, 5, 12, 8526, 59.81
2026/07/13 00:11:44.300, 6, 9, 8526, 65.11
2026/07/13 00:11:44.300, 7, 9, 8526, 61.08
2026/07/13 00:11:45.301, 0, 7, 8526, 64.72
2026/07/13 00:11:45.301, 1, 40, 8526, 58.28
2026/07/13 00:11:45.301, 2, 6, 8526, 73.97
2026/07/13 00:11:45.301, 3, 24, 8526, 60.56
2026/07/13 00:11:45.301, 4, 51, 8526, 78.23
2026/07/13 00:11:45.301, 5, 6, 8526, 67.45
2026/07/13 00:11:45.301, 6, 6, 8526, 77.71
2026/07/13 00:11:45.301, 7, 53, 8526, 77.79
2026/07/13 00:11:46.301, 0, 3, 8526, 65.11
2026/07/13 00:11:46.304, 1, 4, 8526, 58.01
2026/07/13 00:11:46.304, 2, 5, 8526, 75.44
2026/07/13 00:11:46.304, 3, 4, 8526, 59.69
2026/07/13 00:11:46.304, 4, 3, 8526, 77.95
2026/07/13 00:11:46.304, 5, 4, 8526, 67.73
2026/07/13 00:11:46.304, 6, 4, 8526, 77.99
2026/07/13 00:11:46.305, 7, 3, 8526, 77.79
2026/07/13 00:11:47.305, 0, 16, 8526, 64.50
2026/07/13 00:11:47.305, 1, 10, 8526, 58.34
2026/07/13 00:11:47.305, 2, 39, 8526, 61.62
2026/07/13 00:11:47.305, 3, 10, 8526, 59.96
2026/07/13 00:11:47.305, 4, 9, 8526, 63.83
2026/07/13 00:11:47.305, 5, 17, 8526, 75.64
2026/07/13 00:11:47.306, 6, 17, 8526, 66.26
2026/07/13 00:11:47.306, 7, 10, 8526, 60.75
2026/07/13 00:11:48.306, 0, 12, 8526, 83.19
2026/07/13 00:11:48.306, 1, 14, 8526, 62.69
2026/07/13 00:11:48.306, 2, 12, 8526, 78.67
2026/07/13 00:11:48.306, 3, 12, 8526, 77.28
2026/07/13 00:11:48.306, 4, 15, 8526, 66.18
2026/07/13 00:11:48.306, 5, 12, 8526, 78.59
2026/07/13 00:11:48.306, 6, 12, 8526, 84.94
2026/07/13 00:11:48.306, 7, 13, 8526, 71.90
2026/07/13 00:11:49.306, 0, 16, 8526, 86.14
2026/07/13 00:11:49.308, 1, 19, 8526, 64.17
2026/07/13 00:11:49.309, 2, 17, 8526, 82.49
2026/07/13 00:11:49.318, 3, 16, 8526, 80.17
2026/07/13 00:11:49.318, 4, 19, 8526, 67.66
2026/07/13 00:11:49.318, 5, 16, 8526, 81.21
2026/07/13 00:11:49.318, 6, 12, 8526, 87.61
2026/07/13 00:11:49.318, 7, 11, 8526, 74.85
2026/07/13 00:11:50.319, 0, 100, 8526, 208.76
2026/07/13 00:11:50.330, 1, 76, 8526, 189.49
2026/07/13 00:11:50.331, 2, 100, 8526, 200.41
2026/07/13 00:11:50.331, 3, 100, 8526, 184.30
2026/07/13 00:11:50.331, 4, 78, 8526, 196.72
2026/07/13 00:11:50.331, 5, 100, 8526, 199.33
2026/07/13 00:11:50.333, 6, 84, 8526, 206.14
2026/07/13 00:11:50.333, 7, 50, 8526, 180.51
2026/07/13 00:11:51.334, 0, 43, 8526, 79.71
2026/07/13 00:11:51.334, 1, 95, 8526, 73.22
2026/07/13 00:11:51.334, 2, 20, 8526, 77.52
2026/07/13 00:11:51.334, 3, 72, 8526, 81.64
2026/07/13 00:11:51.334, 4, 92, 8526, 92.68
2026/07/13 00:11:51.335, 5, 65, 8526, 82.68
2026/07/13 00:11:51.335, 6, 87, 8526, 82.92
2026/07/13 00:11:51.335, 7, 100, 8526, 83.64
2026/07/13 00:11:52.335, 0, 4, 8526, 78.51
2026/07/13 00:11:52.339, 1, 5, 8526, 72.34
2026/07/13 00:11:52.339, 2, 4, 8526, 74.24
2026/07/13 00:11:52.340, 3, 4, 8526, 74.94
2026/07/13 00:11:52.340, 4, 5, 8526, 81.46
2026/07/13 00:11:52.340, 5, 4, 8526, 74.16
2026/07/13 00:11:52.349, 6, 5, 8526, 80.93
2026/07/13 00:11:52.349, 7, 5, 8526, 76.92
2026/07/13 00:11:53.349, 0, 12, 8526, 61.88
2026/07/13 00:11:53.350, 1, 11, 8526, 58.34
2026/07/13 00:11:53.351, 2, 12, 8526, 59.00
2026/07/13 00:11:53.359, 3, 11, 8526, 60.29
2026/07/13 00:11:53.363, 4, 11, 8526, 64.11
2026/07/13 00:11:53.365, 5, 12, 8526, 128.20
2026/07/13 00:11:53.365, 6, 12, 8526, 63.91
2026/07/13 00:11:53.365, 7, 9, 8526, 60.75
2026/07/13 00:11:54.365, 0, 5, 8526, 79.11
2026/07/13 00:11:54.373, 1, 5, 8526, 71.20
2026/07/13 00:11:54.382, 2, 6, 8526, 59.00
2026/07/13 00:11:54.382, 3, 7, 8526, 59.69
2026/07/13 00:11:54.382, 4, 5, 8526, 81.79
2026/07/13 00:11:54.382, 5, 4, 8526, 63.91
2026/07/13 00:11:54.382, 6, 7, 8526, 65.71
2026/07/13 00:11:54.382, 7, 7, 8526, 63.97
2026/07/13 00:11:55.382, 0, 8, 8526, 79.98
2026/07/13 00:11:55.387, 1, 8, 8526, 71.75
2026/07/13 00:11:55.387, 2, 10, 8526, 58.73
2026/07/13 00:11:55.387, 3, 8, 8526, 59.96
2026/07/13 00:11:55.396, 4, 1, 8526, 81.79
2026/07/13 00:11:55.396, 5, 9, 8526, 61.02
2026/07/13 00:11:55.396, 6, 10, 8526, 63.64
2026/07/13 00:11:55.396, 7, 7, 8526, 64.30
2026/07/13 00:11:56.396, 0, 100, 8526, 83.46
2026/07/13 00:11:56.396, 1, 37, 8526, 57.68
2026/07/13 00:11:56.396, 2, 100, 8526, 82.22
2026/07/13 00:11:56.396, 3, 17, 8526, 62.90
2026/07/13 00:11:56.396, 4, 10, 8526, 64.11
2026/07/13 00:11:56.397, 5, 100, 8526, 81.21
2026/07/13 00:11:56.397, 6, 33, 8526, 85.36
2026/07/13 00:11:56.397, 7, 17, 8526, 62.50
2026/07/13 00:11:57.397, 0, 12, 8526, 84.67
2026/07/13 00:11:57.402, 1, 24, 8526, 61.82
2026/07/13 00:11:57.402, 2, 14, 8526, 80.42
2026/07/13 00:11:57.402, 3, 14, 8526, 80.76
2026/07/13 00:11:57.402, 4, 14, 8526, 66.79
2026/07/13 00:11:57.402, 5, 18, 8526, 79.79
2026/07/13 00:11:57.402, 6, 15, 8526, 86.14
2026/07/13 00:11:57.411, 7, 18, 8526, 70.14
2026/07/13 00:11:58.411, 0, 21, 8526, 66.78
2026/07/13 00:11:58.414, 1, 20, 8526, 62.10
2026/07/13 00:11:58.415, 2, 17, 8526, 63.97
2026/07/13 00:11:58.415, 3, 16, 8526, 64.65
2026/07/13 00:11:58.415, 4, 20, 8526, 67.66
2026/07/13 00:11:58.416, 5, 17, 8526, 68.93
2026/07/13 00:11:58.416, 6, 17, 8526, 69.47
2026/07/13 00:11:58.416, 7, 18, 8526, 65.18
2026/07/13 00:11:59.416, 0, 100, 8526, 228.43
2026/07/13 00:11:59.425, 1, 100, 8526, 210.60
2026/07/13 00:11:59.425, 2, 100, 8526, 227.76
2026/07/13 00:11:59.426, 3, 100, 8526, 221.19
2026/07/13 00:11:59.426, 4, 100, 8526, 216.44
2026/07/13 00:11:59.426, 5, 100, 8526, 214.90
2026/07/13 00:11:59.426, 6, 100, 8526, 223.72
2026/07/13 00:11:59.426, 7, 100, 8526, 215.73
2026/07/13 00:12:00.435, 0, 6, 8526, 79.11
2026/07/13 00:12:00.435, 1, 6, 8526, 73.54
2026/07/13 00:12:00.435, 2, 7, 8526, 74.57
2026/07/13 00:12:00.435, 3, 7, 8526, 76.35
2026/07/13 00:12:00.435, 4, 11, 8526, 82.06
2026/07/13 00:12:00.435, 5, 6, 8526, 74.16
2026/07/13 00:12:00.435, 6, 7, 8526, 82.05
2026/07/13 00:12:00.436, 7, 6, 8526, 77.20
2026/07/13 00:12:01.436, 0, 5, 8526, 79.98
2026/07/13 00:12:01.447, 1, 4, 8526, 73.54
2026/07/13 00:12:01.447, 2, 8, 8526, 75.44
2026/07/13 00:12:01.447, 3, 3, 8526, 76.68
2026/07/13 00:12:01.447, 4, 4, 8526, 82.06
2026/07/13 00:12:01.447, 5, 9, 8526, 74.77
2026/07/13 00:12:01.448, 6, 8, 8526, 82.92
2026/07/13 00:12:01.448, 7, 2, 8526, 77.20
2026/07/13 00:12:02.448, 0, 49, 8526, 75.89
2026/07/13 00:12:02.454, 1, 11, 8526, 58.28
2026/07/13 00:12:02.454, 2, 8, 8526, 74.24
2026/07/13 00:12:02.454, 3, 11, 8526, 121.18
2026/07/13 00:12:02.454, 4, 11, 8526, 64.11
2026/07/13 00:12:02.454, 5, 12, 8526, 70.40
2026/07/13 00:12:02.454, 6, 54, 8526, 80.25
2026/07/13 00:12:02.454, 7, 12, 8526, 137.85
2026/07/13 00:12:03.455, 0, 3, 8526, 72.95
2026/07/13 00:12:03.455, 1, 6, 8526, 57.41
2026/07/13 00:12:03.455, 2, 4, 8526, 74.24
2026/07/13 00:12:03.455, 3, 4, 8526, 75.21
2026/07/13 00:12:03.455, 4, 3, 8526, 63.55
2026/07/13 00:12:03.455, 5, 3, 8526, 69.47
2026/07/13 00:12:03.455, 6, 4, 8526, 79.71
2026/07/13 00:12:03.455, 7, 4, 8526, 76.92
2026/07/13 00:12:04.456, 0, 10, 8526, 61.49
2026/07/13 00:12:04.524, 1, 9, 8526, 57.74
2026/07/13 00:12:04.524, 2, 11, 8526, 59.00
2026/07/13 00:12:04.524, 3, 10, 8526, 60.29
2026/07/13 00:12:04.524, 4, 10, 8526, 63.55
2026/07/13 00:12:04.524, 5, 11, 8526, 60.09
2026/07/13 00:12:04.525, 6, 10, 8526, 63.64
2026/07/13 00:12:04.525, 7, 8, 8526, 61.35
2026/07/13 00:12:05.525, 0, 100, 8526, 85.54
2026/07/13 00:12:05.528, 1, 17, 8526, 90.50
2026/07/13 00:12:05.537, 2, 100, 8526, 81.89
2026/07/13 00:12:05.537, 3, 100, 8526, 83.98
2026/07/13 00:12:05.537, 4, 21, 8526, 69.14
2026/07/13 00:12:05.537, 5, 84, 8526, 79.46
2026/07/13 00:12:05.538, 6, 96, 8526, 92.84
2026/07/13 00:12:05.538, 7, 81, 8526, 84.24
2026/07/13 00:12:06.538, 0, 11, 8526, 84.07
2026/07/13 00:12:06.538, 1, 14, 8526, 78.51
2026/07/13 00:12:06.538, 2, 18, 8526, 80.14
2026/07/13 00:12:06.538, 3, 11, 8526, 80.49
2026/07/13 00:12:06.538, 4, 27, 8526, 66.79
2026/07/13 00:12:06.538, 5, 15, 8526, 78.86
2026/07/13 00:12:06.538, 6, 21, 8526, 81.45
2026/07/13 00:12:06.538, 7, 12, 8526, 81.89
2026/07/13 00:12:07.538, 0, 17, 8526, 66.51
2026/07/13 00:12:07.540, 1, 17, 8526, 62.97
2026/07/13 00:12:07.540, 2, 22, 8526, 64.30
2026/07/13 00:12:07.540, 3, 20, 8526, 64.10
2026/07/13 00:12:07.540, 4, 20, 8526, 67.66
2026/07/13 00:12:07.540, 5, 22, 8526, 64.23
2026/07/13 00:12:07.541, 6, 22, 8526, 68.33
2026/07/13 00:12:07.541, 7, 21, 8526, 64.57
2026/07/13 00:12:08.541, 0, 100, 8526, 273.39
2026/07/13 00:12:08.543, 1, 100, 8526, 195.64
2026/07/13 00:12:08.543, 2, 100, 8526, 196.72
2026/07/13 00:12:08.543, 3, 100, 8526, 211.26
2026/07/13 00:12:08.543, 4, 100, 8526, 191.83
2026/07/13 00:12:08.543, 5, 100, 8526, 215.77
2026/07/13 00:12:08.543, 6, 100, 8526, 221.65
2026/07/13 00:12:08.543, 7, 100, 8526, 211.31
2026/07/13 00:12:09.543, 0, 9, 8526, 79.11
2026/07/13 00:12:09.548, 1, 7, 8526, 73.22
2026/07/13 00:12:09.548, 2, 6, 8526, 74.85
2026/07/13 00:12:09.548, 3, 13, 8526, 75.81
2026/07/13 00:12:09.549, 4, 6, 8526, 82.39
2026/07/13 00:12:09.549, 5, 7, 8526, 74.50
2026/07/13 00:12:09.549, 6, 6, 8526, 81.45
2026/07/13 00:12:09.559, 7, 11, 8526, 77.52
2026/07/13 00:12:10.571, 0, 3, 8526, 79.98
2026/07/13 00:12:10.571, 1, 10, 8526, 74.09
2026/07/13 00:12:10.571, 2, 9, 8526, 75.44
2026/07/13 00:12:10.571, 3, 4, 8526, 76.08
2026/07/13 00:12:10.571, 4, 8, 8526, 82.66
2026/07/13 00:12:10.571, 5, 9, 8526, 74.77
2026/07/13 00:12:10.571, 6, 9, 8526, 82.05
2026/07/13 00:12:10.571, 7, 3, 8526, 75.44
2026/07/13 00:12:11.571, 0, 33, 8526, 61.56
2026/07/13 00:12:11.579, 1, 9, 8526, 72.95
2026/07/13 00:12:11.588, 2, 19, 8526, 62.83
2026/07/13 00:12:11.589, 3, 11, 8526, 144.87
2026/07/13 00:12:11.589, 4, 52, 8526, 80.58
2026/07/13 00:12:11.589, 5, 7, 8526, 63.64
2026/07/13 00:12:11.599, 6, 15, 8526, 71.75
2026/07/13 00:12:11.599, 7, 12, 8526, 122.90
2026/07/13 00:12:12.599, 0, 4, 8526, 61.22
2026/07/13 00:12:12.600, 1, 2, 8526, 73.54
2026/07/13 00:12:12.600, 2, 3, 8526, 62.50
2026/07/13 00:12:12.600, 3, 6, 8526, 60.89
2026/07/13 00:12:12.600, 4, 3, 8526, 81.18
2026/07/13 00:12:12.600, 5, 3, 8526, 63.36
2026/07/13 00:12:12.600, 6, 3, 8526, 72.15
2026/07/13 00:12:12.600, 7, 5, 8526, 71.02
2026/07/13 00:12:13.600, 0, 10, 8526, 61.88
2026/07/13 00:12:13.604, 1, 13, 8526, 60.63
2026/07/13 00:12:13.605, 2, 11, 8526, 60.47
2026/07/13 00:12:13.605, 3, 10, 8526, 60.56
2026/07/13 00:12:13.616, 4, 9, 8526, 63.83
2026/07/13 00:12:13.616, 5, 11, 8526, 62.16
2026/07/13 00:12:13.616, 6, 18, 8526, 65.98
2026/07/13 00:12:13.626, 7, 8, 8526, 60.75
2026/07/13 00:12:14.627, 0, 18, 8526, 84.94
2026/07/13 00:12:14.627, 1, 20, 8526, 78.23
2026/07/13 00:12:14.627, 2, 54, 8526, 79.54
2026/07/13 00:12:14.637, 3, 50, 8526, 78.15
2026/07/13 00:12:14.647, 4, 18, 8526, 85.89
2026/07/13 00:12:14.647, 5, 22, 8526, 78.59
2026/07/13 00:12:14.647, 6, 12, 8526, 85.54
2026/07/13 00:12:14.647, 7, 27, 8526, 63.10
2026/07/13 00:12:15.647, 0, 10, 8526, 88.75
2026/07/13 00:12:15.660, 1, 12, 8526, 82.60
2026/07/13 00:12:15.660, 2, 10, 8526, 83.97
2026/07/13 00:12:15.661, 3, 21, 8526, 81.37
2026/07/13 00:12:15.661, 4, 21, 8526, 89.45
2026/07/13 00:12:15.661, 5, 13, 8526, 83.28
2026/07/13 00:12:15.661, 6, 12, 8526, 89.95
2026/07/13 00:12:15.661, 7, 22, 8526, 64.30
2026/07/13 00:12:16.661, 0, 46, 8526, 159.79
2026/07/13 00:12:16.661, 1, 58, 8526, 176.51
2026/07/13 00:12:16.661, 2, 69, 8526, 191.36
2026/07/13 00:12:16.672, 3, 21, 8526, 140.22
2026/07/13 00:12:16.672, 4, 20, 8526, 68.19
2026/07/13 00:12:16.672, 5, 35, 8526, 137.44
2026/07/13 00:12:16.672, 6, 85, 8526, 139.79
2026/07/13 00:12:16.672, 7, 21, 8526, 65.11
2026/07/13 00:12:17.672, 0, 100, 8526, 204.61
2026/07/13 00:12:17.679, 1, 100, 8526, 80.25
2026/07/13 00:12:17.689, 2, 100, 8526, 82.40
2026/07/13 00:12:17.690, 3, 100, 8526, 101.14
2026/07/13 00:12:17.690, 4, 100, 8526, 188.67
2026/07/13 00:12:17.690, 5, 100, 8526, 74.09
2026/07/13 00:12:17.701, 6, 87, 8526, 207.01
2026/07/13 00:12:17.701, 7, 100, 8526, 183.04
2026/07/13 00:12:18.701, 0, 5, 8526, 79.11
2026/07/13 00:12:18.701, 1, 5, 8526, 72.95
2026/07/13 00:12:18.701, 2, 5, 8526, 74.57
2026/07/13 00:12:18.701, 3, 5, 8526, 76.08
2026/07/13 00:12:18.701, 4, 5, 8526, 81.79
2026/07/13 00:12:18.702, 5, 5, 8526, 73.62
2026/07/13 00:12:18.702, 6, 5, 8526, 81.45
2026/07/13 00:12:18.702, 7, 6, 8526, 76.92
2026/07/13 00:12:19.702, 0, 9, 8526, 63.57
2026/07/13 00:12:19.702, 1, 12, 8526, 58.34
2026/07/13 00:12:19.702, 2, 12, 8526, 59.27
2026/07/13 00:12:19.702, 3, 9, 8526, 62.63
2026/07/13 00:12:19.702, 4, 9, 8526, 64.43
2026/07/13 00:12:19.713, 5, 10, 8526, 59.81
2026/07/13 00:12:19.713, 6, 12, 8526, 64.23
2026/07/13 00:12:19.713, 7, 8, 8526, 61.62
2026/07/13 00:12:20.713, 0, 6, 8526, 78.78
2026/07/13 00:12:20.715, 1, 7, 8526, 58.34
2026/07/13 00:12:20.715, 2, 7, 8526, 58.73
2026/07/13 00:12:20.715, 3, 9, 8526, 59.96
2026/07/13 00:12:20.715, 4, 12, 8526, 75.00
2026/07/13 00:12:20.715, 5, 7, 8526, 58.94
2026/07/13 00:12:20.715, 6, 6, 8526, 73.62
2026/07/13 00:12:20.716, 7, 51, 8526, 74.85
2026/07/13 00:12:21.716, 0, 6, 8526, 79.38
2026/07/13 00:12:21.777, 1, 11, 8526, 58.28
2026/07/13 00:12:21.777, 2, 11, 8526, 59.00
2026/07/13 00:12:21.777, 3, 2, 8526, 60.29
2026/07/13 00:12:21.777, 4, 3, 8526, 73.85
2026/07/13 00:12:21.778, 5, 11, 8526, 59.21
2026/07/13 00:12:21.778, 6, 9, 8526, 75.09
2026/07/13 00:12:21.778, 7, 3, 8526, 74.57
2026/07/13 00:12:22.778, 0, 35, 8526, 64.44
2026/07/13 00:12:22.786, 1, 100, 8526, 79.38
2026/07/13 00:12:22.795, 2, 73, 8526, 81.01
2026/07/13 00:12:22.795, 3, 10, 8526, 63.51
2026/07/13 00:12:22.795, 4, 10, 8526, 65.58
2026/07/13 00:12:22.795, 5, 100, 8526, 80.06
2026/07/13 00:12:22.796, 6, 19, 8526, 85.27
2026/07/13 00:12:22.796, 7, 10, 8526, 60.75
2026/07/13 00:12:23.796, 0, 12, 8526, 83.46
2026/07/13 00:12:23.798, 1, 11, 8526, 77.63
2026/07/13 00:12:23.798, 2, 11, 8526, 79.27
2026/07/13 00:12:23.798, 3, 11, 8526, 79.90
2026/07/13 00:12:23.798, 4, 14, 8526, 66.18
2026/07/13 00:12:23.798, 5, 12, 8526, 79.19
2026/07/13 00:12:23.798, 6, 12, 8526, 86.14
2026/07/13 00:12:23.807, 7, 14, 8526, 63.10
2026/07/13 00:12:24.816, 0, 17, 8526, 67.99
2026/07/13 00:12:24.888, 1, 17, 8526, 81.13
2026/07/13 00:12:24.888, 2, 17, 8526, 78.07
2026/07/13 00:12:24.888, 3, 16, 8526, 66.12
2026/07/13 00:12:24.888, 4, 20, 8526, 67.66
2026/07/13 00:12:24.888, 5, 17, 8526, 81.54
2026/07/13 00:12:24.889, 6, 17, 8526, 87.89
2026/07/13 00:12:24.889, 7, 20, 8526, 64.85
2026/07/13 00:12:25.889, 0, 100, 8526, 221.05
2026/07/13 00:12:25.889, 1, 100, 8526, 219.08
2026/07/13 00:12:25.889, 2, 100, 8526, 219.81
2026/07/13 00:12:25.889, 3, 100, 8526, 210.11
2026/07/13 00:12:25.889, 4, 100, 8526, 209.73
2026/07/13 00:12:25.889, 5, 100, 8526, 212.56
2026/07/13 00:12:25.889, 6, 100, 8526, 215.77
2026/07/13 00:12:25.889, 7, 100, 8526, 204.89
2026/07/13 00:12:26.889, 0, 7, 8526, 79.98
2026/07/13 00:12:26.890, 1, 7, 8526, 73.22
2026/07/13 00:12:26.890, 2, 2, 8526, 73.97
2026/07/13 00:12:26.890, 3, 12, 8526, 76.35
2026/07/13 00:12:26.890, 4, 10, 8526, 81.46
2026/07/13 00:12:26.890, 5, 10, 8526, 74.50
2026/07/13 00:12:26.890, 6, 10, 8526, 82.05
2026/07/13 00:12:26.890, 7, 15, 8526, 77.79
2026/07/13 00:12:27.891, 0, 4, 8526, 78.23
2026/07/13 00:12:27.891, 1, 4, 8526, 73.82
2026/07/13 00:12:27.891, 2, 3, 8526, 73.97
2026/07/13 00:12:27.891, 3, 2, 8526, 75.21
2026/07/13 00:12:27.891, 4, 4, 8526, 81.18
2026/07/13 00:12:27.891, 5, 4, 8526, 73.02
2026/07/13 00:12:27.891, 6, 4, 8526, 80.58
2026/07/13 00:12:27.891, 7, 1, 8526, 76.32
2026/07/13 00:12:28.891, 0, 12, 8526, 62.10
2026/07/13 00:12:28.893, 1, 12, 8526, 73.82
2026/07/13 00:12:28.902, 2, 12, 8526, 59.27
2026/07/13 00:12:28.906, 3, 11, 8526, 60.56
2026/07/13 00:12:28.906, 4, 11, 8526, 64.11
2026/07/13 00:12:28.906, 5, 12, 8526, 113.19
2026/07/13 00:12:28.906, 6, 12, 8526, 141.80
2026/07/13 00:12:28.908, 7, 11, 8526, 60.75
2026/07/13 00:12:29.909, 0, 5, 8526, 72.34
2026/07/13 00:12:29.913, 1, 4, 8526, 72.34
2026/07/13 00:12:29.922, 2, 4, 8526, 74.24
2026/07/13 00:12:29.922, 3, 6, 8526, 62.63
2026/07/13 00:12:29.922, 4, 7, 8526, 63.23
2026/07/13 00:12:29.922, 5, 5, 8526, 64.23
2026/07/13 00:12:29.922, 6, 4, 8526, 80.33
2026/07/13 00:12:29.922, 7, 10, 8526, 60.15
2026/07/13 00:12:30.922, 0, 9, 8526, 63.03
2026/07/13 00:12:30.987, 1, 11, 8526, 58.07
2026/07/13 00:12:30.987, 2, 8, 8526, 59.00
2026/07/13 00:12:30.987, 3, 9, 8526, 62.90
2026/07/13 00:12:30.988, 4, 5, 8526, 63.55
2026/07/13 00:12:30.988, 5, 11, 8526, 59.21
2026/07/13 00:12:30.988, 6, 8, 8526, 81.54
2026/07/13 00:12:30.988, 7, 6, 8526, 60.47
2026/07/13 00:12:31.988, 0, 100, 8526, 85.54
2026/07/13 00:12:31.989, 1, 100, 8526, 79.98
2026/07/13 00:12:31.989, 2, 100, 8526, 81.01
2026/07/13 00:12:31.989, 3, 21, 8526, 62.90
2026/07/13 00:12:31.989, 4, 16, 8526, 66.46
2026/07/13 00:12:31.990, 5, 100, 8526, 80.06
2026/07/13 00:12:31.990, 6, 100, 8526, 87.01
2026/07/13 00:12:31.990, 7, 17, 8526, 59.88
2026/07/13 00:12:32.990, 0, 11, 8526, 85.27
2026/07/13 00:12:32.991, 1, 20, 8526, 79.38
2026/07/13 00:12:32.991, 2, 13, 8526, 80.14
2026/07/13 00:12:32.991, 3, 13, 8526, 81.04
2026/07/13 00:12:32.991, 4, 11, 8526, 86.49
2026/07/13 00:12:32.991, 5, 18, 8526, 79.46
2026/07/13 00:12:32.991, 6, 11, 8526, 86.74
2026/07/13 00:12:32.991, 7, 20, 8526, 63.42
2026/07/13 00:12:33.992, 0, 17, 8526, 67.66
2026/07/13 00:12:33.992, 1, 22, 8526, 62.97
2026/07/13 00:12:33.992, 2, 16, 8526, 63.97
2026/07/13 00:12:33.992, 3, 16, 8526, 64.97
2026/07/13 00:12:33.992, 4, 16, 8526, 68.27
2026/07/13 00:12:33.992, 5, 17, 8526, 66.58
2026/07/13 00:12:33.992, 6, 17, 8526, 88.75
2026/07/13 00:12:33.992, 7, 20, 8526, 64.85
2026/07/13 00:12:34.993, 0, 100, 8526, 223.39
2026/07/13 00:12:34.993, 1, 100, 8526, 221.15
2026/07/13 00:12:35.006, 2, 100, 8526, 224.49
2026/07/13 00:12:35.006, 3, 100, 8526, 221.19
2026/07/13 00:12:35.006, 4, 100, 8526, 218.51
2026/07/13 00:12:35.006, 5, 100, 8526, 208.21
2026/07/13 00:12:35.006, 6, 100, 8526, 229.62
2026/07/13 00:12:35.006, 7, 100, 8526, 213.38
2026/07/13 00:12:36.007, 0, 6, 8526, 78.78
2026/07/13 00:12:36.008, 1, 6, 8526, 73.22
2026/07/13 00:12:36.008, 2, 7, 8526, 74.57
2026/07/13 00:12:36.008, 3, 6, 8526, 76.08
2026/07/13 00:12:36.008, 4, 12, 8526, 82.06
2026/07/13 00:12:36.008, 5, 6, 8526, 74.16
2026/07/13 00:12:36.008, 6, 7, 8526, 82.13
2026/07/13 00:12:36.008, 7, 8, 8526, 76.92
2026/07/13 00:12:37.008, 0, 9, 8526, 79.71
2026/07/13 00:12:37.013, 1, 10, 8526, 73.82
2026/07/13 00:12:37.013, 2, 6, 8526, 75.44
2026/07/13 00:12:37.013, 3, 4, 8526, 76.96
2026/07/13 00:12:37.013, 4, 3, 8526, 82.06
2026/07/13 00:12:37.014, 5, 9, 8526, 75.09
2026/07/13 00:12:37.014, 6, 9, 8526, 82.92
2026/07/13 00:12:37.014, 7, 2, 8526, 77.79
2026/07/13 00:12:38.014, 0, 13, 8526, 74.42
2026/07/13 00:12:38.017, 1, 8, 8526, 73.02
2026/07/13 00:12:38.017, 2, 49, 8526, 66.32
2026/07/13 00:12:38.017, 3, 17, 8526, 142.26
2026/07/13 00:12:38.017, 4, 11, 8526, 74.39
2026/07/13 00:12:38.018, 5, 14, 8526, 68.60
2026/07/13 00:12:38.028, 6, 41, 8526, 65.38
2026/07/13 00:12:38.028, 7, 11, 8526, 60.75
2026/07/13 00:12:39.028, 0, 3, 8526, 71.20
2026/07/13 00:12:39.110, 1, 3, 8526, 71.75
2026/07/13 00:12:39.110, 2, 3, 8526, 68.67
2026/07/13 00:12:39.110, 3, 3, 8526, 66.12
2026/07/13 00:12:39.110, 4, 5, 8526, 63.23
2026/07/13 00:12:39.111, 5, 3, 8526, 68.60
2026/07/13 00:12:39.111, 6, 4, 8526, 63.91
2026/07/13 00:12:39.111, 7, 4, 8526, 74.57
2026/07/13 00:12:40.112, 0, 10, 8526, 61.56
2026/07/13 00:12:40.113, 1, 11, 8526, 61.88
2026/07/13 00:12:40.114, 2, 9, 8526, 58.73
2026/07/13 00:12:40.114, 3, 10, 8526, 60.56
2026/07/13 00:12:40.114, 4, 9, 8526, 63.55
2026/07/13 00:12:40.114, 5, 11, 8526, 62.16
2026/07/13 00:12:40.114, 6, 11, 8526, 63.64
2026/07/13 00:12:40.115, 7, 8, 8526, 61.08
2026/07/13 00:12:41.115, 0, 60, 8526, 83.80
2026/07/13 00:12:41.115, 1, 72, 8526, 77.90
2026/07/13 00:12:41.115, 2, 41, 8526, 78.94
2026/07/13 00:12:41.115, 3, 12, 8526, 80.49
2026/07/13 00:12:41.115, 4, 18, 8526, 66.46
2026/07/13 00:12:41.115, 5, 22, 8526, 78.59
2026/07/13 00:12:41.115, 6, 22, 8526, 85.63
2026/07/13 00:12:41.115, 7, 28, 8526, 63.42
2026/07/13 00:12:42.115, 0, 21, 8526, 87.89
2026/07/13 00:12:42.119, 1, 21, 8526, 82.60
2026/07/13 00:12:42.119, 2, 20, 8526, 83.37
2026/07/13 00:12:42.119, 3, 10, 8526, 84.58
2026/07/13 00:12:42.119, 4, 9, 8526, 63.23
2026/07/13 00:12:42.119, 5, 12, 8526, 83.28
2026/07/13 00:12:42.119, 6, 13, 8526, 89.63
2026/07/13 00:12:42.119, 7, 22, 8526, 59.88
2026/07/13 00:12:43.119, 0, 21, 8526, 190.83
2026/07/13 00:12:43.130, 1, 22, 8526, 179.99
2026/07/13 00:12:43.139, 2, 22, 8526, 135.51
2026/07/13 00:12:43.139, 3, 45, 8526, 64.10
2026/07/13 00:12:43.139, 4, 32, 8526, 68.47
2026/07/13 00:12:43.139, 5, 41, 8526, 142.13
2026/07/13 00:12:43.139, 6, 28, 8526, 143.12
2026/07/13 00:12:43.140, 7, 21, 8526, 65.11
2026/07/13 00:12:44.140, 0, 100, 8526, 134.03
2026/07/13 00:12:44.142, 1, 100, 8526, 127.61
2026/07/13 00:12:44.143, 2, 100, 8526, 199.26
2026/07/13 00:12:44.143, 3, 100, 8526, 191.04
2026/07/13 00:12:44.143, 4, 100, 8526, 188.40
2026/07/13 00:12:44.143, 5, 100, 8526, 180.87
2026/07/13 00:12:44.143, 6, 100, 8526, 97.76
2026/07/13 00:12:44.143, 7, 100, 8526, 207.22
2026/07/13 00:12:45.143, 0, 5, 8526, 78.78
2026/07/13 00:12:45.143, 1, 5, 8526, 72.95
2026/07/13 00:12:45.143, 2, 5, 8526, 74.24
2026/07/13 00:12:45.143, 3, 6, 8526, 76.08
2026/07/13 00:12:45.143, 4, 5, 8526, 81.79
2026/07/13 00:12:45.143, 5, 5, 8526, 74.16
2026/07/13 00:12:45.143, 6, 5, 8526, 81.45
2026/07/13 00:12:45.143, 7, 6, 8526, 77.20
2026/07/13 00:12:46.143, 0, 9, 8526, 62.16
2026/07/13 00:12:46.145, 1, 10, 8526, 58.67
2026/07/13 00:12:46.154, 2, 9, 8526, 59.27
2026/07/13 00:12:46.155, 3, 9, 8526, 75.81
2026/07/13 00:12:46.155, 4, 9, 8526, 82.66
2026/07/13 00:12:46.155, 5, 10, 8526, 61.56
2026/07/13 00:12:46.155, 6, 9, 8526, 64.50
2026/07/13 00:12:46.155, 7, 9, 8526, 77.79
2026/07/13 00:12:47.156, 0, 9, 8526, 67.73
2026/07/13 00:12:47.156, 1, 7, 8526, 58.34
2026/07/13 00:12:47.156, 2, 7, 8526, 62.83
2026/07/13 00:12:47.156, 3, 14, 8526, 68.18
2026/07/13 00:12:47.156, 4, 9, 8526, 64.98
2026/07/13 00:12:47.156, 5, 8, 8526, 59.21
2026/07/13 00:12:47.157, 6, 6, 8526, 79.46
2026/07/13 00:12:47.157, 7, 37, 8526, 61.62
2026/07/13 00:12:48.157, 0, 2, 8526, 68.33
2026/07/13 00:12:48.162, 1, 4, 8526, 58.67
2026/07/13 00:12:48.162, 2, 1, 8526, 62.83
2026/07/13 00:12:48.162, 3, 3, 8526, 66.99
2026/07/13 00:12:48.162, 4, 3, 8526, 64.70
2026/07/13 00:12:48.163, 5, 2, 8526, 59.21
2026/07/13 00:12:48.163, 6, 3, 8526, 78.86
2026/07/13 00:12:48.163, 7, 4, 8526, 60.15
2026/07/13 00:12:49.164, 0, 11, 8526, 63.36
2026/07/13 00:12:49.170, 1, 19, 8526, 79.71
2026/07/13 00:12:49.178, 2, 11, 8526, 61.95
2026/07/13 00:12:49.187, 3, 10, 8526, 59.96
2026/07/13 00:12:49.187, 4, 9, 8526, 63.83
2026/07/13 00:12:49.187, 5, 70, 8526, 80.06
2026/07/13 00:12:49.187, 6, 10, 8526, 63.64
2026/07/13 00:12:49.187, 7, 10, 8526, 60.47
2026/07/13 00:12:50.187, 0, 17, 8526, 83.80
2026/07/13 00:12:50.189, 1, 12, 8526, 73.54
2026/07/13 00:12:50.189, 2, 12, 8526, 79.27
2026/07/13 00:12:50.189, 3, 12, 8526, 79.90
2026/07/13 00:12:50.189, 4, 18, 8526, 66.46
2026/07/13 00:12:50.189, 5, 12, 8526, 78.31
2026/07/13 00:12:50.189, 6, 12, 8526, 85.81
2026/07/13 00:12:50.189, 7, 12, 8526, 80.74
2026/07/13 00:12:51.189, 0, 21, 8526, 88.48
2026/07/13 00:12:51.190, 1, 11, 8526, 82.92
2026/07/13 00:12:51.190, 2, 9, 8526, 81.89
2026/07/13 00:12:51.190, 3, 21, 8526, 83.71
2026/07/13 00:12:51.190, 4, 9, 8526, 69.14
2026/07/13 00:12:51.190, 5, 12, 8526, 83.01
2026/07/13 00:12:51.190, 6, 14, 8526, 90.22
2026/07/13 00:12:51.190, 7, 21, 8526, 83.37
2026/07/13 00:12:52.190, 0, 22, 8526, 132.61
2026/07/13 00:12:52.190, 1, 62, 8526, 180.33
2026/07/13 00:12:52.190, 2, 77, 8526, 202.15
2026/07/13 00:12:52.190, 3, 20, 8526, 134.68
2026/07/13 00:12:52.190, 4, 27, 8526, 190.83
2026/07/13 00:12:52.194, 5, 49, 8526, 169.15
2026/07/13 00:12:52.194, 6, 96, 8526, 193.50
2026/07/13 00:12:52.194, 7, 21, 8526, 65.11
2026/07/13 00:12:53.194, 0, 100, 8526, 191.16
2026/07/13 00:12:53.194, 1, 100, 8526, 123.79
2026/07/13 00:12:53.194, 2, 94, 8526, 74.16
2026/07/13 00:12:53.194, 3, 100, 8526, 190.63
2026/07/13 00:12:53.194, 4, 100, 8526, 82.06
2026/07/13 00:12:53.194, 5, 100, 8526, 81.72
2026/07/13 00:12:53.194, 6, 77, 8526, 83.71
2026/07/13 00:12:53.194, 7, 100, 8526, 191.90
2026/07/13 00:12:54.195, 0, 5, 8526, 79.11
2026/07/13 00:12:54.199, 1, 5, 8526, 73.54
2026/07/13 00:12:54.199, 2, 5, 8526, 74.57
2026/07/13 00:12:54.199, 3, 6, 8526, 75.48
2026/07/13 00:12:54.199, 4, 5, 8526, 81.18
2026/07/13 00:12:54.199, 5, 5, 8526, 73.89
2026/07/13 00:12:54.199, 6, 4, 8526, 81.13
2026/07/13 00:12:54.199, 7, 6, 8526, 77.79
2026/07/13 00:12:55.199, 0, 9, 8526, 62.16
2026/07/13 00:12:55.202, 1, 12, 8526, 58.67
2026/07/13 00:12:55.202, 2, 11, 8526, 59.27
2026/07/13 00:12:55.202, 3, 9, 8526, 76.35
2026/07/13 00:12:55.202, 4, 9, 8526, 64.43
2026/07/13 00:12:55.202, 5, 10, 8526, 60.09
2026/07/13 00:12:55.202, 6, 12, 8526, 64.23
2026/07/13 00:12:55.202, 7, 8, 8526, 78.07
2026/07/13 00:12:56.202, 0, 7, 8526, 78.51
2026/07/13 00:12:56.215, 1, 7, 8526, 57.74
2026/07/13 00:12:56.215, 2, 6, 8526, 74.24
2026/07/13 00:12:56.215, 3, 30, 8526, 59.96
2026/07/13 00:12:56.215, 4, 10, 8526, 63.55
2026/07/13 00:12:56.215, 5, 7, 8526, 64.23
2026/07/13 00:12:56.215, 6, 4, 8526, 80.25
2026/07/13 00:12:56.216, 7, 55, 8526, 76.32
2026/07/13 00:12:57.216, 0, 5, 8526, 79.11
2026/07/13 00:12:57.216, 1, 11, 8526, 58.01
2026/07/13 00:12:57.216, 2, 5, 8526, 75.17
2026/07/13 00:12:57.216, 3, 4, 8526, 59.69
2026/07/13 00:12:57.217, 4, 3, 8526, 63.83
2026/07/13 00:12:57.224, 5, 9, 8526, 64.50
2026/07/13 00:12:57.224, 6, 8, 8526, 80.93
2026/07/13 00:12:57.224, 7, 3, 8526, 76.05
2026/07/13 00:12:58.224, 0, 24, 8526, 64.44
2026/07/13 00:12:58.228, 1, 73, 8526, 77.90
2026/07/13 00:12:58.238, 2, 24, 8526, 61.62
2026/07/13 00:12:58.238, 3, 10, 8526, 60.29
2026/07/13 00:12:58.238, 4, 9, 8526, 63.55
2026/07/13 00:12:58.238, 5, 69, 8526, 80.66
2026/07/13 00:12:58.238, 6, 100, 8526, 86.83
2026/07/13 00:12:58.238, 7, 10, 8526, 60.75
2026/07/13 00:12:59.238, 0, 12, 8526, 83.46
2026/07/13 00:12:59.238, 1, 12, 8526, 77.36
2026/07/13 00:12:59.238, 2, 12, 8526, 78.67
2026/07/13 00:12:59.238, 3, 12, 8526, 79.29
2026/07/13 00:12:59.238, 4, 12, 8526, 85.29
2026/07/13 00:12:59.238, 5, 12, 8526, 78.31
2026/07/13 00:12:59.239, 6, 12, 8526, 84.94
2026/07/13 00:12:59.239, 7, 15, 8526, 63.42
2026/07/13 00:13:00.239, 0, 16, 8526, 86.14
2026/07/13 00:13:00.246, 1, 17, 8526, 80.25
2026/07/13 00:13:00.246, 2, 13, 8526, 82.77
2026/07/13 00:13:00.246, 3, 10, 8526, 83.98
2026/07/13 00:13:00.246, 4, 6, 8526, 90.60
2026/07/13 00:13:00.246, 5, 17, 8526, 81.81
2026/07/13 00:13:00.247, 6, 17, 8526, 87.89
2026/07/13 00:13:00.247, 7, 13, 8526, 65.45
2026/07/13 00:13:01.247, 0, 100, 8526, 205.00
2026/07/13 00:13:01.247, 1, 100, 8526, 196.79
2026/07/13 00:13:01.247, 2, 86, 8526, 196.92
2026/07/13 00:13:01.247, 3, 44, 8526, 156.25
2026/07/13 00:13:01.247, 4, 37, 8526, 141.50
2026/07/13 00:13:01.247, 5, 100, 8526, 186.48
2026/07/13 00:13:01.247, 6, 100, 8526, 205.27
2026/07/13 00:13:01.248, 7, 57, 8526, 182.85
2026/07/13 00:13:02.248, 0, 32, 8526, 83.46
2026/07/13 00:13:02.257, 1, 29, 8526, 77.90
2026/07/13 00:13:02.266, 2, 18, 8526, 76.32
2026/07/13 00:13:02.266, 3, 100, 8526, 83.71
2026/07/13 00:13:02.266, 4, 100, 8526, 91.21
2026/07/13 00:13:02.266, 5, 50, 8526, 76.51
2026/07/13 00:13:02.266, 6, 59, 8526, 82.92
2026/07/13 00:13:02.266, 7, 100, 8526, 110.57
2026/07/13 00:13:03.267, 0, 4, 8526, 78.51
2026/07/13 00:13:03.267, 1, 4, 8526, 72.67
2026/07/13 00:13:03.267, 2, 4, 8526, 74.24
2026/07/13 00:13:03.267, 3, 5, 8526, 75.21
2026/07/13 00:13:03.267, 4, 5, 8526, 81.79
2026/07/13 00:13:03.267, 5, 4, 8526, 74.16
2026/07/13 00:13:03.267, 6, 4, 8526, 80.85
2026/07/13 00:13:03.267, 7, 5, 8526, 76.32
2026/07/13 00:13:04.267, 0, 12, 8526, 61.88
2026/07/13 00:13:04.267, 1, 12, 8526, 58.34
2026/07/13 00:13:04.277, 2, 9, 8526, 58.73
2026/07/13 00:13:04.277, 3, 11, 8526, 60.29
2026/07/13 00:13:04.277, 4, 8, 8526, 66.79
2026/07/13 00:13:04.277, 5, 12, 8526, 59.81
2026/07/13 00:13:04.279, 6, 12, 8526, 63.91
2026/07/13 00:13:04.279, 7, 11, 8526, 60.75
2026/07/13 00:13:05.279, 0, 5, 8526, 78.23
2026/07/13 00:13:05.279, 1, 6, 8526, 57.47
2026/07/13 00:13:05.279, 2, 5, 8526, 74.57
2026/07/13 00:13:05.279, 3, 6, 8526, 64.37
2026/07/13 00:13:05.280, 4, 9, 8526, 63.55
2026/07/13 00:13:05.280, 5, 6, 8526, 60.09
2026/07/13 00:13:05.280, 6, 5, 8526, 80.66
2026/07/13 00:13:05.280, 7, 10, 8526, 60.15
2026/07/13 00:13:06.280, 0, 8, 8526, 79.19
2026/07/13 00:13:06.280, 1, 11, 8526, 58.07
2026/07/13 00:13:06.280, 2, 8, 8526, 74.85
2026/07/13 00:13:06.280, 3, 8, 8526, 64.37
2026/07/13 00:13:06.280, 4, 3, 8526, 63.83
2026/07/13 00:13:06.280, 5, 10, 8526, 60.41
2026/07/13 00:13:06.280, 6, 8, 8526, 82.13
2026/07/13 00:13:06.280, 7, 3, 8526, 60.15
2026/07/13 00:13:07.281, 0, 100, 8526, 64.44
2026/07/13 00:13:07.281, 1, 100, 8526, 79.38
2026/07/13 00:13:07.281, 2, 100, 8526, 67.19
2026/07/13 00:13:07.281, 3, 16, 8526, 62.90
2026/07/13 00:13:07.281, 4, 9, 8526, 63.55
2026/07/13 00:13:07.281, 5, 100, 8526, 80.93
2026/07/13 00:13:07.281, 6, 100, 8526, 87.10
2026/07/13 00:13:07.282, 7, 10, 8526, 60.47
2026/07/13 00:13:08.282, 0, 11, 8526, 84.39
2026/07/13 00:13:08.355, 1, 11, 8526, 78.51
2026/07/13 00:13:08.355, 2, 13, 8526, 80.14
2026/07/13 00:13:08.355, 3, 11, 8526, 79.63
2026/07/13 00:13:08.355, 4, 11, 8526, 80.91
2026/07/13 00:13:08.356, 5, 11, 8526, 79.19
2026/07/13 00:13:08.356, 6, 11, 8526, 86.14
2026/07/13 00:13:08.356, 7, 14, 8526, 63.10
2026/07/13 00:13:09.356, 0, 16, 8526, 67.66
2026/07/13 00:13:09.357, 1, 17, 8526, 81.13
2026/07/13 00:13:09.357, 2, 17, 8526, 74.85
2026/07/13 00:13:09.357, 3, 15, 8526, 65.25
2026/07/13 00:13:09.357, 4, 16, 8526, 68.54
2026/07/13 00:13:09.357, 5, 17, 8526, 81.81
2026/07/13 00:13:09.357, 6, 17, 8526, 88.48
2026/07/13 00:13:09.357, 7, 20, 8526, 64.30
2026/07/13 00:13:10.357, 0, 100, 8526, 221.38
2026/07/13 00:13:10.357, 1, 100, 8526, 212.89
2026/07/13 00:13:10.370, 2, 100, 8526, 224.49
2026/07/13 00:13:10.370, 3, 100, 8526, 210.38
2026/07/13 00:13:10.370, 4, 100, 8526, 209.13
2026/07/13 00:13:10.370, 5, 100, 8526, 213.16
2026/07/13 00:13:10.370, 6, 100, 8526, 221.05
2026/07/13 00:13:10.370, 7, 100, 8526, 205.48
2026/07/13 00:13:11.371, 0, 9, 8526, 80.25
2026/07/13 00:13:11.371, 1, 7, 8526, 73.82
2026/07/13 00:13:11.371, 2, 7, 8526, 75.71
2026/07/13 00:13:11.371, 3, 12, 8526, 76.08
2026/07/13 00:13:11.371, 4, 10, 8526, 82.39
2026/07/13 00:13:11.371, 5, 9, 8526, 74.77
2026/07/13 00:13:11.371, 6, 12, 8526, 82.32
2026/07/13 00:13:11.372, 7, 15, 8526, 76.92
2026/07/13 00:13:12.372, 0, 3, 8526, 79.98
2026/07/13 00:13:12.372, 1, 5, 8526, 74.09
2026/07/13 00:13:12.372, 2, 4, 8526, 74.85
2026/07/13 00:13:12.372, 3, 3, 8526, 76.08
2026/07/13 00:13:12.372, 4, 4, 8526, 81.46
2026/07/13 00:13:12.372, 5, 4, 8526, 76.51
2026/07/13 00:13:12.372, 6, 4, 8526, 80.33
2026/07/13 00:13:12.372, 7, 4, 8526, 75.44
2026/07/13 00:13:13.372, 0, 26, 8526, 82.32
2026/07/13 00:13:13.374, 1, 48, 8526, 70.60
2026/07/13 00:13:13.376, 2, 12, 8526, 59.60
2026/07/13 00:13:13.376, 3, 11, 8526, 60.89
2026/07/13 00:13:13.376, 4, 9, 8526, 64.11
2026/07/13 00:13:13.376, 5, 45, 8526, 63.03
2026/07/13 00:13:13.376, 6, 12, 8526, 117.48
2026/07/13 00:13:13.376, 7, 11, 8526, 60.75
2026/07/13 00:13:14.377, 0, 5, 8526, 61.22
2026/07/13 00:13:14.377, 1, 5, 8526, 65.98
2026/07/13 00:13:14.377, 2, 6, 8526, 64.30
2026/07/13 00:13:14.377, 3, 0, 8526, 69.65
2026/07/13 00:13:14.377, 4, 5, 8526, 81.18
2026/07/13 00:13:14.377, 5, 5, 8526, 63.36
2026/07/13 00:13:14.377, 6, 6, 8526, 63.03
2026/07/13 00:13:14.377, 7, 7, 8526, 61.62
2026/07/13 00:13:15.377, 0, 10, 8526, 61.56
2026/07/13 00:13:15.384, 1, 11, 8526, 58.07
2026/07/13 00:13:15.393, 2, 9, 8526, 62.23
2026/07/13 00:13:15.393, 3, 7, 8526, 61.76
2026/07/13 00:13:15.393, 4, 3, 8526, 82.06
2026/07/13 00:13:15.393, 5, 11, 8526, 59.54
2026/07/13 00:13:15.394, 6, 11, 8526, 63.64
2026/07/13 00:13:15.395, 7, 6, 8526, 60.75
2026/07/13 00:13:16.395, 0, 61, 8526, 85.54
2026/07/13 00:13:16.404, 1, 100, 8526, 79.38
2026/07/13 00:13:16.414, 2, 77, 8526, 82.49
2026/07/13 00:13:16.414, 3, 16, 8526, 62.63
2026/07/13 00:13:16.414, 4, 9, 8526, 67.06
2026/07/13 00:13:16.414, 5, 100, 8526, 80.06
2026/07/13 00:13:16.414, 6, 100, 8526, 87.01
2026/07/13 00:13:16.414, 7, 15, 8526, 61.08
2026/07/13 00:13:17.414, 0, 11, 8526, 84.39
2026/07/13 00:13:17.483, 1, 11, 8526, 78.51
2026/07/13 00:13:17.484, 2, 13, 8526, 80.14
2026/07/13 00:13:17.484, 3, 21, 8526, 80.49
2026/07/13 00:13:17.484, 4, 14, 8526, 66.79
2026/07/13 00:13:17.484, 5, 17, 8526, 79.79
2026/07/13 00:13:17.484, 6, 16, 8526, 86.14
2026/07/13 00:13:17.484, 7, 18, 8526, 64.30
2026/07/13 00:13:18.484, 0, 16, 8526, 66.51
2026/07/13 00:13:18.489, 1, 17, 8526, 64.17
2026/07/13 00:13:18.489, 2, 17, 8526, 62.50
2026/07/13 00:13:18.490, 3, 20, 8526, 64.97
2026/07/13 00:13:18.490, 4, 20, 8526, 67.66
2026/07/13 00:13:18.492, 5, 17, 8526, 65.98
2026/07/13 00:13:18.492, 6, 17, 8526, 69.47
2026/07/13 00:13:18.492, 7, 19, 8526, 63.97
2026/07/13 00:13:19.492, 0, 100, 8526, 226.05
2026/07/13 00:13:19.492, 1, 100, 8526, 189.17
2026/07/13 00:13:19.492, 2, 100, 8526, 225.09
2026/07/13 00:13:19.492, 3, 100, 8526, 217.66
2026/07/13 00:13:19.492, 4, 100, 8526, 215.89
2026/07/13 00:13:19.496, 5, 100, 8526, 234.21
2026/07/13 00:13:19.622, 6, 100, 8526, 232.20
2026/07/13 00:13:19.622, 7, 100, 8526, 216.59
2026/07/13 00:13:20.622, 0, 6, 8526, 79.38
2026/07/13 00:13:20.622, 1, 6, 8526, 73.22
2026/07/13 00:13:20.622, 2, 7, 8526, 74.57
2026/07/13 00:13:20.622, 3, 11, 8526, 75.81
2026/07/13 00:13:20.622, 4, 6, 8526, 82.39
2026/07/13 00:13:20.622, 5, 5, 8526, 74.50
2026/07/13 00:13:20.632, 6, 5, 8526, 81.72
2026/07/13 00:13:20.632, 7, 6, 8526, 76.92
2026/07/13 00:13:21.632, 0, 9, 8526, 79.71
2026/07/13 00:13:21.633, 1, 10, 8526, 73.82
2026/07/13 00:13:21.633, 2, 6, 8526, 75.44
2026/07/13 00:13:21.633, 3, 3, 8526, 76.08
2026/07/13 00:13:21.633, 4, 4, 8526, 82.39
2026/07/13 00:13:21.633, 5, 9, 8526, 74.77
2026/07/13 00:13:21.633, 6, 9, 8526, 82.68
2026/07/13 00:13:21.633, 7, 4, 8526, 76.92
2026/07/13 00:13:22.633, 0, 36, 8526, 61.56
2026/07/13 00:13:22.636, 1, 14, 8526, 67.99
2026/07/13 00:13:22.636, 2, 51, 8526, 74.57
2026/07/13 00:13:22.636, 3, 11, 8526, 70.26
2026/07/13 00:13:22.636, 4, 22, 8526, 93.23
2026/07/13 00:13:22.637, 5, 7, 8526, 61.88
2026/07/13 00:13:22.646, 6, 10, 8526, 63.64
2026/07/13 00:13:22.655, 7, 22, 8526, 60.75
2026/07/13 00:13:23.655, 0, 4, 8526, 61.02
2026/07/13 00:13:23.655, 1, 3, 8526, 68.33
2026/07/13 00:13:23.655, 2, 3, 8526, 73.97
2026/07/13 00:13:23.655, 3, 5, 8526, 64.10
2026/07/13 00:13:23.655, 4, 5, 8526, 64.11
2026/07/13 00:13:23.655, 5, 3, 8526, 61.29
2026/07/13 00:13:23.655, 6, 2, 8526, 63.03
2026/07/13 00:13:23.655, 7, 5, 8526, 61.35
2026/07/13 00:13:24.656, 0, 10, 8526, 61.56
2026/07/13 00:13:24.658, 1, 11, 8526, 61.29
2026/07/13 00:13:24.658, 2, 10, 8526, 58.73
2026/07/13 00:13:24.658, 3, 9, 8526, 59.96
2026/07/13 00:13:24.659, 4, 9, 8526, 63.83
2026/07/13 00:13:24.659, 5, 11, 8526, 62.76
2026/07/13 00:13:24.659, 6, 12, 8526, 63.64
2026/07/13 00:13:24.659, 7, 9, 8526, 61.62
2026/07/13 00:13:25.660, 0, 38, 8526, 85.81
2026/07/13 00:13:25.660, 1, 55, 8526, 77.63
2026/07/13 00:13:25.660, 2, 88, 8526, 78.94
2026/07/13 00:13:25.660, 3, 98, 8526, 79.90
2026/07/13 00:13:25.663, 4, 51, 8526, 85.89
2026/07/13 00:13:25.663, 5, 62, 8526, 78.31
2026/07/13 00:13:25.663, 6, 18, 8526, 85.81
2026/07/13 00:13:25.663, 7, 24, 8526, 63.10
2026/07/13 00:13:26.664, 0, 19, 8526, 77.90
2026/07/13 00:13:26.664, 1, 21, 8526, 82.32
2026/07/13 00:13:26.664, 2, 14, 8526, 84.24
2026/07/13 00:13:26.664, 3, 20, 8526, 74.01
2026/07/13 00:13:26.664, 4, 19, 8526, 80.31
2026/07/13 00:13:26.664, 5, 21, 8526, 81.81
2026/07/13 00:13:26.664, 6, 11, 8526, 86.83
2026/07/13 00:13:26.664, 7, 16, 8526, 59.88
2026/07/13 00:13:27.664, 0, 21, 8526, 66.78
2026/07/13 00:13:27.666, 1, 20, 8526, 129.48
2026/07/13 00:13:27.666, 2, 21, 8526, 137.58
2026/07/13 00:13:27.668, 3, 20, 8526, 64.37
2026/07/13 00:13:27.668, 4, 19, 8526, 68.27
2026/07/13 00:13:27.668, 5, 22, 8526, 130.82
2026/07/13 00:13:27.668, 6, 50, 8526, 131.55
2026/07/13 00:13:27.668, 7, 20, 8526, 64.30
2026/07/13 00:13:28.668, 0, 100, 8526, 215.50
2026/07/13 00:13:28.677, 1, 100, 8526, 183.02
2026/07/13 00:13:28.686, 2, 100, 8526, 192.23
2026/07/13 00:13:28.686, 3, 100, 8526, 191.90
2026/07/13 00:13:28.686, 4, 100, 8526, 207.38
2026/07/13 00:13:28.686, 5, 100, 8526, 100.70
2026/07/13 00:13:28.686, 6, 100, 8526, 190.97
2026/07/13 00:13:28.687, 7, 100, 8526, 211.64
2026/07/13 00:13:29.687, 0, 5, 8526, 79.11
2026/07/13 00:13:29.687, 1, 5, 8526, 73.22
2026/07/13 00:13:29.687, 2, 5, 8526, 75.17
2026/07/13 00:13:29.689, 3, 6, 8526, 75.81
2026/07/13 00:13:29.689, 4, 6, 8526, 82.06
2026/07/13 00:13:29.689, 5, 5, 8526, 73.62
2026/07/13 00:13:29.689, 6, 5, 8526, 81.45
2026/07/13 00:13:29.689, 7, 6, 8526, 76.59
2026/07/13 00:13:30.689, 0, 9, 8526, 62.97
2026/07/13 00:13:30.694, 1, 9, 8526, 58.34
2026/07/13 00:13:30.694, 2, 9, 8526, 66.65
2026/07/13 00:13:30.704, 3, 8, 8526, 76.68
2026/07/13 00:13:30.706, 4, 8, 8526, 82.39
2026/07/13 00:13:30.706, 5, 9, 8526, 59.81
2026/07/13 00:13:30.706, 6, 9, 8526, 82.60
2026/07/13 00:13:30.706, 7, 3, 8526, 76.92
2026/07/13 00:13:31.716, 0, 9, 8526, 68.06
2026/07/13 00:13:31.717, 1, 18, 8526, 62.44
2026/07/13 00:13:31.717, 2, 6, 8526, 67.19
2026/07/13 00:13:31.717, 3, 32, 8526, 61.76
2026/07/13 00:13:31.717, 4, 53, 8526, 81.18
2026/07/13 00:13:31.717, 5, 7, 8526, 59.21
2026/07/13 00:13:31.717, 6, 6, 8526, 70.07
2026/07/13 00:13:31.717, 7, 11, 8526, 75.17
2026/07/13 00:13:32.717, 0, 2, 8526, 67.99
2026/07/13 00:13:32.759, 1, 3, 8526, 61.88
2026/07/13 00:13:32.759, 2, 4, 8526, 67.80
2026/07/13 00:13:32.759, 3, 4, 8526, 59.69
2026/07/13 00:13:32.759, 4, 3, 8526, 81.46
2026/07/13 00:13:32.759, 5, 4, 8526, 59.21
2026/07/13 00:13:32.759, 6, 9, 8526, 70.07
2026/07/13 00:13:32.760, 7, 4, 8526, 76.05
2026/07/13 00:13:33.760, 0, 10, 8526, 62.16
2026/07/13 00:13:33.766, 1, 10, 8526, 58.34
2026/07/13 00:13:33.766, 2, 18, 8526, 58.13
2026/07/13 00:13:33.766, 3, 10, 8526, 60.29
2026/07/13 00:13:33.766, 4, 9, 8526, 64.11
2026/07/13 00:13:33.767, 5, 16, 8526, 61.88
2026/07/13 00:13:33.767, 6, 12, 8526, 85.90
2026/07/13 00:13:33.767, 7, 7, 8526, 60.47
2026/07/13 00:13:34.767, 0, 17, 8526, 84.07
2026/07/13 00:13:34.768, 1, 19, 8526, 77.63
2026/07/13 00:13:34.768, 2, 12, 8526, 78.67
2026/07/13 00:13:34.768, 3, 12, 8526, 79.90
2026/07/13 00:13:34.768, 4, 9, 8526, 80.31
2026/07/13 00:13:34.768, 5, 21, 8526, 78.59
2026/07/13 00:13:34.768, 6, 22, 8526, 84.67
2026/07/13 00:13:34.768, 7, 27, 8526, 63.10
2026/07/13 00:13:35.768, 0, 10, 8526, 88.48
2026/07/13 00:13:35.777, 1, 11, 8526, 82.32
2026/07/13 00:13:35.777, 2, 17, 8526, 84.84
2026/07/13 00:13:35.777, 3, 9, 8526, 83.98
2026/07/13 00:13:35.777, 4, 21, 8526, 81.18
2026/07/13 00:13:35.777, 5, 12, 8526, 83.01
2026/07/13 00:13:35.777, 6, 21, 8526, 89.95
2026/07/13 00:13:35.777, 7, 24, 8526, 65.18
2026/07/13 00:13:36.778, 0, 45, 8526, 161.26
2026/07/13 00:13:36.786, 1, 100, 8526, 191.43
2026/07/13 00:13:36.786, 2, 21, 8526, 136.65
2026/07/13 00:13:36.786, 3, 36, 8526, 142.11
2026/07/13 00:13:36.786, 4, 20, 8526, 67.87
2026/07/13 00:13:36.786, 5, 35, 8526, 185.47
2026/07/13 00:13:36.786, 6, 22, 8526, 139.64
2026/07/13 00:13:36.786, 7, 20, 8526, 64.85
2026/07/13 00:13:37.787, 0, 100, 8526, 86.65
2026/07/13 00:13:37.787, 1, 51, 8526, 74.69
2026/07/13 00:13:37.788, 2, 100, 8526, 190.43
2026/07/13 00:13:37.797, 3, 100, 8526, 88.57
2026/07/13 00:13:37.797, 4, 100, 8526, 196.72
2026/07/13 00:13:37.797, 5, 59, 8526, 74.09
2026/07/13 00:13:37.797, 6, 100, 8526, 200.20
2026/07/13 00:13:37.797, 7, 100, 8526, 186.67
2026/07/13 00:13:38.806, 0, 5, 8526, 78.78
2026/07/13 00:13:38.806, 1, 5, 8526, 72.95
2026/07/13 00:13:38.806, 2, 5, 8526, 74.24
2026/07/13 00:13:38.806, 3, 6, 8526, 75.81
2026/07/13 00:13:38.806, 4, 6, 8526, 81.79
2026/07/13 00:13:38.806, 5, 5, 8526, 73.62
2026/07/13 00:13:38.806, 6, 6, 8526, 81.54
2026/07/13 00:13:38.806, 7, 6, 8526, 76.59
2026/07/13 00:13:39.807, 0, 9, 8526, 62.16
2026/07/13 00:13:39.808, 1, 12, 8526, 58.34
2026/07/13 00:13:39.808, 2, 9, 8526, 58.73
2026/07/13 00:13:39.808, 3, 8, 8526, 60.89
2026/07/13 00:13:39.808, 4, 8, 8526, 82.39
2026/07/13 00:13:39.808, 5, 12, 8526, 59.81
2026/07/13 00:13:39.808, 6, 9, 8526, 82.68
2026/07/13 00:13:39.808, 7, 7, 8526, 61.62
2026/07/13 00:13:40.808, 0, 7, 8526, 78.78
2026/07/13 00:13:40.809, 1, 6, 8526, 72.67
2026/07/13 00:13:40.809, 2, 7, 8526, 58.40
2026/07/13 00:13:40.809, 3, 45, 8526, 65.25
2026/07/13 00:13:40.809, 4, 49, 8526, 79.11
2026/07/13 00:13:40.809, 5, 6, 8526, 73.62
2026/07/13 00:13:40.809, 6, 7, 8526, 81.13
2026/07/13 00:13:40.809, 7, 47, 8526, 71.62
2026/07/13 00:13:41.809, 0, 3, 8526, 79.38
2026/07/13 00:13:41.811, 1, 7, 8526, 73.22
2026/07/13 00:13:41.821, 2, 3, 8526, 58.73
2026/07/13 00:13:41.821, 3, 3, 8526, 65.25
2026/07/13 00:13:41.821, 4, 3, 8526, 77.08
2026/07/13 00:13:41.821, 5, 7, 8526, 74.50
2026/07/13 00:13:41.821, 6, 6, 8526, 81.13
2026/07/13 00:13:41.821, 7, 4, 8526, 66.92
2026/07/13 00:13:42.821, 0, 21, 8526, 64.50
2026/07/13 00:13:42.822, 1, 44, 8526, 65.64
2026/07/13 00:13:42.822, 2, 15, 8526, 61.62
2026/07/13 00:13:42.822, 3, 10, 8526, 60.29
2026/07/13 00:13:42.822, 4, 9, 8526, 63.83
2026/07/13 00:13:42.822, 5, 52, 8526, 78.86
2026/07/13 00:13:42.822, 6, 39, 8526, 66.58
2026/07/13 00:13:42.822, 7, 9, 8526, 60.47
2026/07/13 00:13:43.822, 0, 12, 8526, 84.07
2026/07/13 00:13:43.903, 1, 12, 8526, 77.36
2026/07/13 00:13:43.903, 2, 12, 8526, 78.67
2026/07/13 00:13:43.903, 3, 12, 8526, 79.29
2026/07/13 00:13:43.903, 4, 12, 8526, 85.29
2026/07/13 00:13:43.903, 5, 12, 8526, 77.99
2026/07/13 00:13:43.903, 6, 12, 8526, 86.14
2026/07/13 00:13:43.903, 7, 18, 8526, 63.42
2026/07/13 00:13:44.904, 0, 15, 8526, 88.48
2026/07/13 00:13:44.912, 1, 14, 8526, 80.25
2026/07/13 00:13:44.912, 2, 16, 8526, 81.62
2026/07/13 00:13:44.912, 3, 15, 8526, 83.98
2026/07/13 00:13:44.912, 4, 13, 8526, 89.45
2026/07/13 00:13:44.912, 5, 12, 8526, 81.21
2026/07/13 00:13:44.912, 6, 9, 8526, 89.95
2026/07/13 00:13:44.912, 7, 9, 8526, 65.18
2026/07/13 00:13:45.912, 0, 88, 8526, 140.79
2026/07/13 00:13:45.913, 1, 88, 8526, 194.71
2026/07/13 00:13:45.913, 2, 100, 8526, 186.67
2026/07/13 00:13:45.913, 3, 79, 8526, 186.09
2026/07/13 00:13:45.913, 4, 56, 8526, 185.58
2026/07/13 00:13:45.913, 5, 90, 8526, 191.43
2026/07/13 00:13:45.914, 6, 75, 8526, 189.96
2026/07/13 00:13:45.914, 7, 20, 8526, 135.09
2026/07/13 00:13:46.915, 0, 85, 8526, 86.41
2026/07/13 00:13:46.916, 1, 85, 8526, 80.25
2026/07/13 00:13:46.916, 2, 44, 8526, 87.10
2026/07/13 00:13:46.916, 3, 92, 8526, 85.18
2026/07/13 00:13:46.917, 4, 100, 8526, 111.79
2026/07/13 00:13:46.917, 5, 82, 8526, 77.63
2026/07/13 00:13:46.917, 6, 96, 8526, 90.40
2026/07/13 00:13:46.917, 7, 100, 8526, 182.71
2026/07/13 00:13:47.918, 0, 4, 8526, 78.51
2026/07/13 00:13:47.953, 1, 4, 8526, 73.82
2026/07/13 00:13:47.954, 2, 4, 8526, 74.24
2026/07/13 00:13:47.954, 3, 5, 8526, 75.48
2026/07/13 00:13:47.954, 4, 5, 8526, 81.46
2026/07/13 00:13:47.954, 5, 4, 8526, 73.62
2026/07/13 00:13:47.954, 6, 5, 8526, 81.45
2026/07/13 00:13:47.954, 7, 5, 8526, 76.92
2026/07/13 00:13:48.954, 0, 11, 8526, 62.16
2026/07/13 00:13:48.956, 1, 12, 8526, 58.67
2026/07/13 00:13:48.956, 2, 12, 8526, 59.27
2026/07/13 00:13:48.956, 3, 11, 8526, 60.89
2026/07/13 00:13:48.956, 4, 11, 8526, 64.11
2026/07/13 00:13:48.956, 5, 12, 8526, 59.81
2026/07/13 00:13:48.956, 6, 12, 8526, 64.23
2026/07/13 00:13:48.956, 7, 8, 8526, 60.75
2026/07/13 00:13:49.956, 0, 7, 8526, 61.29
2026/07/13 00:13:49.957, 1, 6, 8526, 63.29
2026/07/13 00:13:49.957, 2, 6, 8526, 74.57
2026/07/13 00:13:49.957, 3, 6, 8526, 75.81
2026/07/13 00:13:49.957, 4, 10, 8526, 63.83
2026/07/13 00:13:49.957, 5, 5, 8526, 73.62
2026/07/13 00:13:49.957, 6, 7, 8526, 65.98
2026/07/13 00:13:49.958, 7, 23, 8526, 60.15
2026/07/13 00:13:50.958, 0, 10, 8526, 61.49
2026/07/13 00:13:50.968, 1, 10, 8526, 64.23
2026/07/13 00:13:50.968, 2, 6, 8526, 74.85
2026/07/13 00:13:50.968, 3, 3, 8526, 75.48
2026/07/13 00:13:50.968, 4, 3, 8526, 63.55
2026/07/13 00:13:50.968, 5, 8, 8526, 74.16
2026/07/13 00:13:50.968, 6, 10, 8526, 66.58
2026/07/13 00:13:50.968, 7, 4, 8526, 59.88
2026/07/13 00:13:51.968, 0, 60, 8526, 84.07
2026/07/13 00:13:51.969, 1, 83, 8526, 78.78
2026/07/13 00:13:51.969, 2, 39, 8526, 72.49
2026/07/13 00:13:51.969, 3, 10, 8526, 60.29
2026/07/13 00:13:51.969, 4, 9, 8526, 63.83
2026/07/13 00:13:51.969, 5, 100, 8526, 80.06
2026/07/13 00:13:51.969, 6, 88, 8526, 86.83
2026/07/13 00:13:51.969, 7, 9, 8526, 60.47
2026/07/13 00:13:52.969, 0, 12, 8526, 83.19
2026/07/13 00:13:52.977, 1, 12, 8526, 77.63
2026/07/13 00:13:52.977, 2, 12, 8526, 78.67
2026/07/13 00:13:52.977, 3, 11, 8526, 79.63
2026/07/13 00:13:52.977, 4, 13, 8526, 70.62
2026/07/13 00:13:52.977, 5, 12, 8526, 78.59
2026/07/13 00:13:52.977, 6, 12, 8526, 86.14
2026/07/13 00:13:52.977, 7, 15, 8526, 62.83
2026/07/13 00:13:53.977, 0, 12, 8526, 86.14
2026/07/13 00:13:53.981, 1, 17, 8526, 80.58
2026/07/13 00:13:53.991, 2, 16, 8526, 81.89
2026/07/13 00:13:54.001, 3, 15, 8526, 81.64
2026/07/13 00:13:54.001, 4, 18, 8526, 71.76
2026/07/13 00:13:54.001, 5, 17, 8526, 81.54
2026/07/13 00:13:54.001, 6, 16, 8526, 88.16
2026/07/13 00:13:54.001, 7, 19, 8526, 64.57
2026/07/13 00:13:55.001, 0, 75, 8526, 209.68
2026/07/13 00:13:55.001, 1, 100, 8526, 205.54
2026/07/13 00:13:55.001, 2, 100, 8526, 207.56
2026/07/13 00:13:55.001, 3, 100, 8526, 199.58
2026/07/13 00:13:55.001, 4, 100, 8526, 180.55
2026/07/13 00:13:55.001, 5, 100, 8526, 202.87
2026/07/13 00:13:55.001, 6, 100, 8526, 211.42
2026/07/13 00:13:55.001, 7, 100, 8526, 191.43
2026/07/13 00:13:56.002, 0, 96, 8526, 79.98
2026/07/13 00:13:56.002, 1, 21, 8526, 73.54
2026/07/13 00:13:56.002, 2, 62, 8526, 74.85
2026/07/13 00:13:56.002, 3, 22, 8526, 78.70
2026/07/13 00:13:56.002, 4, 41, 8526, 83.81
2026/07/13 00:13:56.003, 5, 6, 8526, 75.36
2026/07/13 00:13:56.003, 6, 26, 8526, 82.92
2026/07/13 00:13:56.003, 7, 24, 8526, 77.79
2026/07/13 00:13:57.003, 0, 5, 8526, 78.51
2026/07/13 00:13:57.011, 1, 4, 8526, 72.34
2026/07/13 00:13:57.021, 2, 4, 8526, 73.10
2026/07/13 00:13:57.021, 3, 4, 8526, 75.48
2026/07/13 00:13:57.021, 4, 4, 8526, 80.58
2026/07/13 00:13:57.021, 5, 5, 8526, 74.77
2026/07/13 00:13:57.021, 6, 2, 8526, 82.05
2026/07/13 00:13:57.021, 7, 4, 8526, 77.52
2026/07/13 00:13:58.021, 0, 11, 8526, 61.82
2026/07/13 00:13:58.023, 1, 12, 8526, 105.16
2026/07/13 00:13:58.023, 2, 12, 8526, 59.00
2026/07/13 00:13:58.023, 3, 11, 8526, 60.29
2026/07/13 00:13:58.023, 4, 11, 8526, 64.11
2026/07/13 00:13:58.023, 5, 49, 8526, 134.91
2026/07/13 00:13:58.024, 6, 12, 8526, 64.23
2026/07/13 00:13:58.024, 7, 11, 8526, 60.75
2026/07/13 00:13:59.025, 0, 6, 8526, 61.02
2026/07/13 00:13:59.063, 1, 5, 8526, 59.54
2026/07/13 00:13:59.063, 2, 5, 8526, 73.97
2026/07/13 00:13:59.063, 3, 6, 8526, 66.71
2026/07/13 00:13:59.063, 4, 10, 8526, 63.55
2026/07/13 00:13:59.063, 5, 3, 8526, 68.60
2026/07/13 00:13:59.063, 6, 6, 8526, 63.36
2026/07/13 00:13:59.064, 7, 7, 8526, 62.50
2026/07/13 00:14:00.064, 0, 10, 8526, 61.56
2026/07/13 00:14:00.068, 1, 10, 8526, 58.34
2026/07/13 00:14:00.068, 2, 8, 8526, 58.40
2026/07/13 00:14:00.068, 3, 0, 8526, 66.12
2026/07/13 00:14:00.068, 4, 3, 8526, 62.95
2026/07/13 00:14:00.068, 5, 11, 8526, 59.54
2026/07/13 00:14:00.068, 6, 11, 8526, 63.64
2026/07/13 00:14:00.068, 7, 2, 8526, 61.95
2026/07/13 00:14:01.068, 0, 56, 8526, 84.39
2026/07/13 00:14:01.069, 1, 67, 8526, 79.38
2026/07/13 00:14:01.069, 2, 95, 8526, 81.62
2026/07/13 00:14:01.069, 3, 10, 8526, 59.96
2026/07/13 00:14:01.069, 4, 9, 8526, 63.83
2026/07/13 00:14:01.069, 5, 100, 8526, 80.06
2026/07/13 00:14:01.069, 6, 100, 8526, 86.74
2026/07/13 00:14:01.069, 7, 10, 8526, 60.47
2026/07/13 00:14:02.069, 0, 12, 8526, 83.46
2026/07/13 00:14:02.076, 1, 12, 8526, 77.63
2026/07/13 00:14:02.076, 2, 11, 8526, 79.54
2026/07/13 00:14:02.076, 3, 12, 8526, 79.63
2026/07/13 00:14:02.076, 4, 12, 8526, 85.89
2026/07/13 00:14:02.076, 5, 12, 8526, 78.31
2026/07/13 00:14:02.076, 6, 11, 8526, 84.94
2026/07/13 00:14:02.076, 7, 14, 8526, 62.83
2026/07/13 00:14:03.086, 0, 16, 8526, 86.41
2026/07/13 00:14:03.088, 1, 17, 8526, 80.25
2026/07/13 00:14:03.088, 2, 17, 8526, 82.22
2026/07/13 00:14:03.088, 3, 15, 8526, 81.96
2026/07/13 00:14:03.088, 4, 9, 8526, 87.64
2026/07/13 00:14:03.088, 5, 17, 8526, 81.54
2026/07/13 00:14:03.088, 6, 17, 8526, 87.89
2026/07/13 00:14:03.088, 7, 19, 8526, 64.57
2026/07/13 00:14:04.088, 0, 100, 8526, 207.61
2026/07/13 00:14:04.093, 1, 100, 8526, 209.68
2026/07/13 00:14:04.093, 2, 100, 8526, 205.48
2026/07/13 00:14:04.093, 3, 100, 8526, 203.98
2026/07/13 00:14:04.093, 4, 37, 8526, 195.05
2026/07/13 00:14:04.094, 5, 100, 8526, 199.33
2026/07/13 00:14:04.094, 6, 100, 8526, 207.34
2026/07/13 00:14:04.094, 7, 100, 8526, 196.39
2026/07/13 00:14:05.094, 0, 26, 8526, 82.32
2026/07/13 00:14:05.112, 1, 34, 8526, 73.82
2026/07/13 00:14:05.112, 2, 17, 8526, 75.44
2026/07/13 00:14:05.112, 3, 37, 8526, 76.08
2026/07/13 00:14:05.112, 4, 55, 8526, 84.42
2026/07/13 00:14:05.112, 5, 31, 8526, 75.09
2026/07/13 00:14:05.112, 6, 12, 8526, 82.60
2026/07/13 00:14:05.112, 7, 100, 8526, 76.92
2026/07/13 00:14:06.113, 0, 4, 8526, 77.90
2026/07/13 00:14:06.121, 1, 4, 8526, 73.22
2026/07/13 00:14:06.122, 2, 4, 8526, 74.57
2026/07/13 00:14:06.122, 3, 4, 8526, 75.21
2026/07/13 00:14:06.122, 4, 4, 8526, 81.46
2026/07/13 00:14:06.122, 5, 4, 8526, 75.09
2026/07/13 00:14:06.122, 6, 3, 8526, 80.58
2026/07/13 00:14:06.122, 7, 5, 8526, 76.92
2026/07/13 00:14:07.122, 0, 12, 8526, 61.82
2026/07/13 00:14:07.122, 1, 12, 8526, 58.07
2026/07/13 00:14:07.122, 2, 12, 8526, 59.27
2026/07/13 00:14:07.122, 3, 11, 8526, 60.29
2026/07/13 00:14:07.122, 4, 11, 8526, 64.43
2026/07/13 00:14:07.122, 5, 12, 8526, 80.93
2026/07/13 00:14:07.122, 6, 12, 8526, 63.91
2026/07/13 00:14:07.122, 7, 11, 8526, 60.75
2026/07/13 00:14:08.122, 0, 4, 8526, 78.23
2026/07/13 00:14:08.132, 1, 5, 8526, 72.95
2026/07/13 00:14:08.142, 2, 5, 8526, 66.92
2026/07/13 00:14:08.142, 3, 7, 8526, 59.96
2026/07/13 00:14:08.142, 4, 6, 8526, 77.36
2026/07/13 00:14:08.143, 5, 6, 8526, 58.94
2026/07/13 00:14:08.153, 6, 5, 8526, 80.06
2026/07/13 00:14:08.153, 7, 7, 8526, 76.59
2026/07/13 00:14:09.153, 0, 8, 8526, 79.11
2026/07/13 00:14:09.153, 1, 9, 8526, 73.54
2026/07/13 00:14:09.153, 2, 9, 8526, 61.35
2026/07/13 00:14:09.153, 3, 9, 8526, 60.29
2026/07/13 00:14:09.153, 4, 4, 8526, 77.68
2026/07/13 00:14:09.153, 5, 11, 8526, 59.21
2026/07/13 00:14:09.153, 6, 8, 8526, 64.23
2026/07/13 00:14:09.153, 7, 3, 8526, 76.92
2026/07/13 00:14:10.153, 0, 100, 8526, 85.54
2026/07/13 00:14:10.161, 1, 100, 8526, 79.38
2026/07/13 00:14:10.161, 2, 100, 8526, 81.29
2026/07/13 00:14:10.161, 3, 16, 8526, 62.90
2026/07/13 00:14:10.161, 4, 13, 8526, 64.70
2026/07/13 00:14:10.161, 5, 100, 8526, 80.06
2026/07/13 00:14:10.161, 6, 100, 8526, 87.01
2026/07/13 00:14:10.170, 7, 10, 8526, 64.85
2026/07/13 00:14:11.183, 0, 11, 8526, 84.39
2026/07/13 00:14:11.187, 1, 15, 8526, 78.23
2026/07/13 00:14:11.195, 2, 11, 8526, 80.42
2026/07/13 00:14:11.196, 3, 11, 8526, 81.04
2026/07/13 00:14:11.196, 4, 11, 8526, 84.74
2026/07/13 00:14:11.196, 5, 11, 8526, 79.46
2026/07/13 00:14:11.196, 6, 11, 8526, 85.54
2026/07/13 00:14:11.196, 7, 14, 8526, 63.70
2026/07/13 00:14:12.196, 0, 16, 8526, 86.41
2026/07/13 00:14:12.196, 1, 17, 8526, 64.17
2026/07/13 00:14:12.196, 2, 17, 8526, 63.97
2026/07/13 00:14:12.196, 3, 16, 8526, 81.96
2026/07/13 00:14:12.196, 4, 15, 8526, 68.81
2026/07/13 00:14:12.196, 5, 17, 8526, 81.54
2026/07/13 00:14:12.196, 6, 17, 8526, 69.20
2026/07/13 00:14:12.196, 7, 20, 8526, 63.97
2026/07/13 00:14:13.196, 0, 100, 8526, 222.88
2026/07/13 00:14:13.206, 1, 100, 8526, 219.36
2026/07/13 00:14:13.206, 2, 100, 8526, 223.95
2026/07/13 00:14:13.206, 3, 100, 8526, 213.59
2026/07/13 00:14:13.206, 4, 100, 8526, 210.88
2026/07/13 00:14:13.206, 5, 100, 8526, 215.77
2026/07/13 00:14:13.206, 6, 100, 8526, 225.19
2026/07/13 00:14:13.206, 7, 100, 8526, 208.10
2026/07/13 00:14:14.206, 0, 12, 8526, 79.38
2026/07/13 00:14:14.255, 1, 7, 8526, 72.95
2026/07/13 00:14:14.255, 2, 7, 8526, 74.85
2026/07/13 00:14:14.255, 3, 11, 8526, 75.81
2026/07/13 00:14:14.255, 4, 11, 8526, 82.39
2026/07/13 00:14:14.255, 5, 7, 8526, 74.50
2026/07/13 00:14:14.255, 6, 7, 8526, 82.60
2026/07/13 00:14:14.255, 7, 11, 8526, 77.79
2026/07/13 00:14:15.255, 0, 8, 8526, 79.38
2026/07/13 00:14:15.261, 1, 9, 8526, 73.82
2026/07/13 00:14:15.270, 2, 9, 8526, 75.17
2026/07/13 00:14:15.270, 3, 4, 8526, 76.08
2026/07/13 00:14:15.270, 4, 4, 8526, 82.39
2026/07/13 00:14:15.271, 5, 9, 8526, 75.09
2026/07/13 00:14:15.271, 6, 7, 8526, 82.60
2026/07/13 00:14:15.280, 7, 4, 8526, 76.59
2026/07/13 00:14:16.280, 0, 53, 8526, 77.36
2026/07/13 00:14:16.280, 1, 54, 8526, 74.69
2026/07/13 00:14:16.280, 2, 15, 8526, 65.18
2026/07/13 00:14:16.280, 3, 27, 8526, 81.96
2026/07/13 00:14:16.280, 4, 11, 8526, 64.11
2026/07/13 00:14:16.280, 5, 38, 8526, 59.54
2026/07/13 00:14:16.280, 6, 54, 8526, 82.13
2026/07/13 00:14:16.280, 7, 12, 8526, 60.75
2026/07/13 00:14:17.280, 0, 3, 8526, 78.23
2026/07/13 00:14:17.281, 1, 3, 8526, 72.07
2026/07/13 00:14:17.281, 2, 3, 8526, 64.85
2026/07/13 00:14:17.281, 3, 5, 8526, 59.42
2026/07/13 00:14:17.282, 4, 5, 8526, 76.21
2026/07/13 00:14:17.282, 5, 4, 8526, 58.94
2026/07/13 00:14:17.282, 6, 3, 8526, 80.33
2026/07/13 00:14:17.282, 7, 6, 8526, 60.47
2026/07/13 00:14:18.282, 0, 10, 8526, 61.56
2026/07/13 00:14:18.286, 1, 11, 8526, 58.07
2026/07/13 00:14:18.286, 2, 10, 8526, 58.73
2026/07/13 00:14:18.286, 3, 10, 8526, 59.96
2026/07/13 00:14:18.295, 4, 7, 8526, 76.75
2026/07/13 00:14:18.295, 5, 11, 8526, 59.54
2026/07/13 00:14:18.295, 6, 11, 8526, 63.64
2026/07/13 00:14:18.296, 7, 10, 8526, 60.47
2026/07/13 00:14:19.296, 0, 24, 8526, 94.31
2026/07/13 00:14:19.296, 1, 44, 8526, 77.90
2026/07/13 00:14:19.296, 2, 19, 8526, 79.54
2026/07/13 00:14:19.296, 3, 22, 8526, 79.63
2026/07/13 00:14:19.296, 4, 25, 8526, 66.46
2026/07/13 00:14:19.297, 5, 51, 8526, 79.46
2026/07/13 00:14:19.297, 6, 54, 8526, 85.27
2026/07/13 00:14:19.297, 7, 19, 8526, 63.10
2026/07/13 00:14:20.297, 0, 16, 8526, 81.13
2026/07/13 00:14:20.309, 1, 19, 8526, 82.32
2026/07/13 00:14:20.310, 2, 14, 8526, 80.14
2026/07/13 00:14:20.310, 3, 16, 8526, 74.01
2026/07/13 00:14:20.310, 4, 27, 8526, 67.06
2026/07/13 00:14:20.310, 5, 20, 8526, 82.68
2026/07/13 00:14:20.310, 6, 19, 8526, 86.14
2026/07/13 00:14:20.310, 7, 27, 8526, 59.88
2026/07/13 00:14:21.311, 0, 21, 8526, 66.51
2026/07/13 00:14:21.315, 1, 21, 8526, 135.97
2026/07/13 00:14:21.318, 2, 21, 8526, 63.70
2026/07/13 00:14:21.320, 3, 20, 8526, 64.65
2026/07/13 00:14:21.320, 4, 20, 8526, 68.19
2026/07/13 00:14:21.320, 5, 22, 8526, 134.50
2026/07/13 00:14:21.320, 6, 22, 8526, 68.60
2026/07/13 00:14:21.320, 7, 20, 8526, 64.57
2026/07/13 00:14:22.321, 0, 100, 8526, 208.76
2026/07/13 00:14:22.328, 1, 100, 8526, 190.63
2026/07/13 00:14:22.336, 2, 100, 8526, 191.03
2026/07/13 00:14:22.338, 3, 100, 8526, 215.33
2026/07/13 00:14:22.338, 4, 100, 8526, 215.02
2026/07/13 00:14:22.338, 5, 100, 8526, 184.68
2026/07/13 00:14:22.338, 6, 100, 8526, 217.24
2026/07/13 00:14:22.338, 7, 100, 8526, 205.75
2026/07/13 00:14:23.338, 0, 5, 8526, 78.23
2026/07/13 00:14:23.338, 1, 3, 8526, 72.67
2026/07/13 00:14:23.338, 2, 5, 8526, 74.85
2026/07/13 00:14:23.338, 3, 6, 8526, 75.48
2026/07/13 00:14:23.338, 4, 7, 8526, 81.79
2026/07/13 00:14:23.338, 5, 5, 8526, 72.75
2026/07/13 00:14:23.338, 6, 6, 8526, 81.72
2026/07/13 00:14:23.339, 7, 7, 8526, 76.32
2026/07/13 00:14:24.339, 0, 9, 8526, 62.76
2026/07/13 00:14:24.339, 1, 9, 8526, 59.15
2026/07/13 00:14:24.340, 2, 9, 8526, 76.05
2026/07/13 00:14:24.340, 3, 5, 8526, 61.16
2026/07/13 00:14:24.340, 4, 6, 8526, 82.39
2026/07/13 00:14:24.340, 5, 9, 8526, 59.81
2026/07/13 00:14:24.340, 6, 9, 8526, 82.40
2026/07/13 00:14:24.340, 7, 3, 8526, 77.52
2026/07/13 00:14:25.340, 0, 22, 8526, 63.29
2026/07/13 00:14:25.389, 1, 6, 8526, 63.29
2026/07/13 00:14:25.389, 2, 49, 8526, 69.27
2026/07/13 00:14:25.389, 3, 32, 8526, 59.96
2026/07/13 00:14:25.389, 4, 49, 8526, 85.89
2026/07/13 00:14:25.389, 5, 12, 8526, 71.27
2026/07/13 00:14:25.390, 6, 19, 8526, 70.60
2026/07/13 00:14:25.390, 7, 12, 8526, 65.45
2026/07/13 00:14:26.390, 0, 3, 8526, 62.97
2026/07/13 00:14:26.393, 1, 4, 8526, 63.29
2026/07/13 00:14:26.402, 2, 3, 8526, 69.00
2026/07/13 00:14:26.402, 3, 5, 8526, 59.69
2026/07/13 00:14:26.402, 4, 3, 8526, 74.73
2026/07/13 00:14:26.403, 5, 5, 8526, 71.54
2026/07/13 00:14:26.403, 6, 3, 8526, 70.68
2026/07/13 00:14:26.403, 7, 5, 8526, 59.88
2026/07/13 00:14:27.403, 0, 11, 8526, 61.56
2026/07/13 00:14:27.403, 1, 19, 8526, 61.88
2026/07/13 00:14:27.404, 2, 11, 8526, 60.15
2026/07/13 00:14:27.404, 3, 10, 8526, 60.29
2026/07/13 00:14:27.404, 4, 10, 8526, 64.11
2026/07/13 00:14:27.404, 5, 25, 8526, 62.16
2026/07/13 00:14:27.404, 6, 11, 8526, 66.58
2026/07/13 00:14:27.405, 7, 10, 8526, 60.15
2026/07/13 00:14:28.405, 0, 20, 8526, 83.80
2026/07/13 00:14:28.405, 1, 12, 8526, 78.23
2026/07/13 00:14:28.405, 2, 56, 8526, 79.54
2026/07/13 00:14:28.405, 3, 19, 8526, 81.04
2026/07/13 00:14:28.405, 4, 16, 8526, 86.17
2026/07/13 00:14:28.415, 5, 12, 8526, 78.59
2026/07/13 00:14:28.415, 6, 31, 8526, 85.27
2026/07/13 00:14:28.415, 7, 15, 8526, 63.10
2026/07/13 00:14:29.415, 0, 12, 8526, 88.75
2026/07/13 00:14:29.415, 1, 16, 8526, 82.92
2026/07/13 00:14:29.415, 2, 21, 8526, 84.57
2026/07/13 00:14:29.415, 3, 11, 8526, 84.31
2026/07/13 00:14:29.415, 4, 8, 8526, 89.73
2026/07/13 00:14:29.415, 5, 14, 8526, 83.01
2026/07/13 00:14:29.415, 6, 16, 8526, 89.63
2026/07/13 00:14:29.415, 7, 8, 8526, 65.18
2026/07/13 00:14:30.416, 0, 33, 8526, 139.04
2026/07/13 00:14:30.417, 1, 100, 8526, 139.64
2026/07/13 00:14:30.417, 2, 22, 8526, 172.46
2026/07/13 00:14:30.417, 3, 20, 8526, 64.97
2026/07/13 00:14:30.417, 4, 20, 8526, 111.07
2026/07/13 00:14:30.417, 5, 91, 8526, 136.24
2026/07/13 00:14:30.417, 6, 22, 8526, 142.40
2026/07/13 00:14:30.418, 7, 21, 8526, 64.78
2026/07/13 00:14:31.418, 0, 100, 8526, 89.36
2026/07/13 00:14:31.506, 1, 67, 8526, 72.95
2026/07/13 00:14:31.506, 2, 100, 8526, 77.99
2026/07/13 00:14:31.506, 3, 97, 8526, 185.09
2026/07/13 00:14:31.506, 4, 100, 8526, 203.71
2026/07/13 00:14:31.507, 5, 82, 8526, 81.45
2026/07/13 00:14:31.507, 6, 79, 8526, 104.19
2026/07/13 00:14:31.507, 7, 100, 8526, 190.43
2026/07/13 00:14:32.507, 0, 5, 8526, 78.78
2026/07/13 00:14:32.516, 1, 5, 8526, 72.67
2026/07/13 00:14:32.516, 2, 5, 8526, 74.57
2026/07/13 00:14:32.516, 3, 5, 8526, 75.21
2026/07/13 00:14:32.516, 4, 5, 8526, 81.79
2026/07/13 00:14:32.516, 5, 4, 8526, 73.89
2026/07/13 00:14:32.516, 6, 4, 8526, 81.45
2026/07/13 00:14:32.516, 7, 5, 8526, 76.59
2026/07/13 00:14:33.516, 0, 9, 8526, 62.16
2026/07/13 00:14:33.552, 1, 9, 8526, 58.61
2026/07/13 00:14:33.552, 2, 12, 8526, 59.00
2026/07/13 00:14:33.552, 3, 11, 8526, 60.56
2026/07/13 00:14:33.552, 4, 8, 8526, 64.70
2026/07/13 00:14:33.552, 5, 12, 8526, 61.88
2026/07/13 00:14:33.555, 6, 12, 8526, 64.23
2026/07/13 00:14:33.556, 7, 9, 8526, 61.35
2026/07/13 00:14:34.556, 0, 6, 8526, 78.51
2026/07/13 00:14:34.557, 1, 6, 8526, 72.34
2026/07/13 00:14:34.557, 2, 7, 8526, 58.40
2026/07/13 00:14:34.557, 3, 6, 8526, 75.48
2026/07/13 00:14:34.558, 4, 5, 8526, 76.75
2026/07/13 00:14:34.558, 5, 5, 8526, 68.33
2026/07/13 00:14:34.558, 6, 5, 8526, 80.66
2026/07/13 00:14:34.558, 7, 7, 8526, 76.05
2026/07/13 00:14:35.558, 0, 5, 8526, 79.71
2026/07/13 00:14:35.564, 1, 7, 8526, 73.54
2026/07/13 00:14:35.565, 2, 11, 8526, 58.73
2026/07/13 00:14:35.565, 3, 3, 8526, 75.48
2026/07/13 00:14:35.565, 4, 1, 8526, 75.87
2026/07/13 00:14:35.565, 5, 9, 8526, 68.93
2026/07/13 00:14:35.565, 6, 8, 8526, 81.21
2026/07/13 00:14:35.565, 7, 3, 8526, 75.44
2026/07/13 00:14:36.565, 0, 26, 8526, 84.39
2026/07/13 00:14:36.567, 1, 53, 8526, 79.38
2026/07/13 00:14:36.567, 2, 74, 8526, 81.01
2026/07/13 00:14:36.568, 3, 10, 8526, 61.16
2026/07/13 00:14:36.568, 4, 9, 8526, 63.83
2026/07/13 00:14:36.568, 5, 100, 8526, 79.46
2026/07/13 00:14:36.568, 6, 100, 8526, 85.90
2026/07/13 00:14:36.568, 7, 10, 8526, 60.47
2026/07/13 00:14:37.568, 0, 12, 8526, 83.80
2026/07/13 00:14:37.568, 1, 12, 8526, 77.63
2026/07/13 00:14:37.568, 2, 11, 8526, 79.87
2026/07/13 00:14:37.568, 3, 12, 8526, 80.17
2026/07/13 00:14:37.568, 4, 15, 8526, 66.46
2026/07/13 00:14:37.569, 5, 11, 8526, 78.59
2026/07/13 00:14:37.569, 6, 11, 8526, 85.27
2026/07/13 00:14:37.569, 7, 14, 8526, 63.10
2026/07/13 00:14:38.569, 0, 17, 8526, 87.01
2026/07/13 00:14:38.570, 1, 17, 8526, 80.58
2026/07/13 00:14:38.571, 2, 17, 8526, 67.52
2026/07/13 00:14:38.572, 3, 16, 8526, 82.23
2026/07/13 00:14:38.572, 4, 20, 8526, 67.66
2026/07/13 00:14:38.572, 5, 17, 8526, 80.93
2026/07/13 00:14:38.573, 6, 17, 8526, 87.89
2026/07/13 00:14:38.573, 7, 20, 8526, 64.30
2026/07/13 00:14:39.573, 0, 100, 8526, 214.04
2026/07/13 00:14:39.580, 1, 100, 8526, 211.09
2026/07/13 00:14:39.581, 2, 100, 8526, 213.65
2026/07/13 00:14:39.581, 3, 100, 8526, 205.45
2026/07/13 00:14:39.581, 4, 100, 8526, 203.84
2026/07/13 00:14:39.581, 5, 100, 8526, 205.54
2026/07/13 00:14:39.599, 6, 100, 8526, 214.90
2026/07/13 00:14:39.608, 7, 100, 8526, 204.01
2026/07/13 00:14:40.609, 0, 19, 8526, 79.98
2026/07/13 00:14:40.609, 1, 10, 8526, 73.82
2026/07/13 00:14:40.609, 2, 12, 8526, 75.44
2026/07/13 00:14:40.609, 3, 26, 8526, 76.08
2026/07/13 00:14:40.609, 4, 54, 8526, 83.54
2026/07/13 00:14:40.609, 5, 13, 8526, 74.50
2026/07/13 00:14:40.609, 6, 13, 8526, 82.32
2026/07/13 00:14:40.609, 7, 12, 8526, 77.20
2026/07/13 00:14:41.609, 0, 4, 8526, 77.90
2026/07/13 00:14:41.614, 1, 4, 8526, 74.42
2026/07/13 00:14:41.615, 2, 4, 8526, 76.05
2026/07/13 00:14:41.615, 3, 4, 8526, 76.35
2026/07/13 00:14:41.615, 4, 4, 8526, 80.31
2026/07/13 00:14:41.615, 5, 3, 8526, 75.36
2026/07/13 00:14:41.615, 6, 3, 8526, 82.68
2026/07/13 00:14:41.615, 7, 3, 8526, 75.71
2026/07/13 00:14:42.615, 0, 12, 8526, 116.62
2026/07/13 00:14:42.615, 1, 43, 8526, 67.38
2026/07/13 00:14:42.615, 2, 12, 8526, 79.27
2026/07/13 00:14:42.615, 3, 12, 8526, 83.11
2026/07/13 00:14:42.615, 4, 11, 8526, 64.43
2026/07/13 00:14:42.615, 5, 32, 8526, 59.21
2026/07/13 00:14:42.615, 6, 27, 8526, 72.75
2026/07/13 00:14:42.615, 7, 12, 8526, 60.75
2026/07/13 00:14:43.615, 0, 6, 8526, 61.29
2026/07/13 00:14:43.615, 1, 4, 8526, 60.41
2026/07/13 00:14:43.615, 2, 2, 8526, 74.24
2026/07/13 00:14:43.615, 3, 5, 8526, 75.21
2026/07/13 00:14:43.615, 4, 6, 8526, 66.18
2026/07/13 00:14:43.615, 5, 4, 8526, 58.67
2026/07/13 00:14:43.615, 6, 6, 8526, 63.03
2026/07/13 00:14:43.616, 7, 6, 8526, 65.77
2026/07/13 00:14:44.616, 0, 11, 8526, 61.88
2026/07/13 00:14:44.621, 1, 11, 8526, 58.07
2026/07/13 00:14:44.621, 2, 8, 8526, 58.73
2026/07/13 00:14:44.621, 3, 8, 8526, 76.08
2026/07/13 00:14:44.621, 4, 2, 8526, 67.06
2026/07/13 00:14:44.630, 5, 11, 8526, 59.21
2026/07/13 00:14:44.630, 6, 11, 8526, 63.64
2026/07/13 00:14:44.630, 7, 7, 8526, 66.04
2026/07/13 00:14:45.638, 0, 100, 8526, 85.54
2026/07/13 00:14:45.638, 1, 100, 8526, 79.38
2026/07/13 00:14:45.638, 2, 100, 8526, 81.01
2026/07/13 00:14:45.638, 3, 65, 8526, 81.64
2026/07/13 00:14:45.638, 4, 9, 8526, 67.33
2026/07/13 00:14:45.638, 5, 100, 8526, 80.93
2026/07/13 00:14:45.639, 6, 100, 8526, 87.01
2026/07/13 00:14:45.639, 7, 16, 8526, 63.10
2026/07/13 00:14:46.639, 0, 7, 8526, 83.46
2026/07/13 00:14:46.639, 1, 11, 8526, 77.36
2026/07/13 00:14:46.639, 2, 11, 8526, 79.87
2026/07/13 00:14:46.639, 3, 4, 8526, 80.49
2026/07/13 00:14:46.639, 4, 14, 8526, 67.06
2026/07/13 00:14:46.639, 5, 7, 8526, 78.31
2026/07/13 00:14:46.639, 6, 11, 8526, 86.74
2026/07/13 00:14:46.639, 7, 11, 8526, 75.71
2026/07/13 00:14:47.639, 0, 17, 8526, 66.85
2026/07/13 00:14:47.642, 1, 17, 8526, 63.29
2026/07/13 00:14:47.642, 2, 17, 8526, 82.77
2026/07/13 00:14:47.642, 3, 15, 8526, 82.51
2026/07/13 00:14:47.642, 4, 20, 8526, 67.66
2026/07/13 00:14:47.642, 5, 17, 8526, 63.64
2026/07/13 00:14:47.642, 6, 17, 8526, 68.60
2026/07/13 00:14:47.642, 7, 15, 8526, 82.49
2026/07/13 00:14:48.643, 0, 100, 8526, 217.24
2026/07/13 00:14:48.645, 1, 100, 8526, 207.01
2026/07/13 00:14:48.645, 2, 100, 8526, 220.68
2026/07/13 00:14:48.645, 3, 89, 8526, 197.84
2026/07/13 00:14:48.645, 4, 100, 8526, 212.08
2026/07/13 00:14:48.645, 5, 100, 8526, 201.46
2026/07/13 00:14:48.645, 6, 100, 8526, 221.65
2026/07/13 00:14:48.646, 7, 97, 8526, 190.24
2026/07/13 00:14:49.646, 0, 12, 8526, 79.38
2026/07/13 00:14:49.646, 1, 13, 8526, 74.09
2026/07/13 00:14:49.646, 2, 9, 8526, 74.85
2026/07/13 00:14:49.646, 3, 84, 8526, 77.82
2026/07/13 00:14:49.646, 4, 15, 8526, 82.39
2026/07/13 00:14:49.646, 5, 13, 8526, 74.77
2026/07/13 00:14:49.646, 6, 7, 8526, 82.60
2026/07/13 00:14:49.646, 7, 77, 8526, 78.07
2026/07/13 00:14:50.646, 0, 3, 8526, 79.71
2026/07/13 00:14:50.708, 1, 3, 8526, 74.09
2026/07/13 00:14:50.708, 2, 9, 8526, 75.44
2026/07/13 00:14:50.709, 3, 4, 8526, 75.48
2026/07/13 00:14:50.709, 4, 4, 8526, 80.31
2026/07/13 00:14:50.709, 5, 4, 8526, 75.09
2026/07/13 00:14:50.709, 6, 5, 8526, 83.80
2026/07/13 00:14:50.709, 7, 5, 8526, 76.92
2026/07/13 00:14:51.709, 0, 12, 8526, 128.06
2026/07/13 00:14:51.715, 1, 17, 8526, 61.88
2026/07/13 00:14:51.715, 2, 22, 8526, 60.75
2026/07/13 00:14:51.715, 3, 11, 8526, 60.56
2026/07/13 00:14:51.715, 4, 11, 8526, 64.11
2026/07/13 00:14:51.715, 5, 12, 8526, 70.07
2026/07/13 00:14:51.715, 6, 51, 8526, 80.25
2026/07/13 00:14:51.715, 7, 11, 8526, 61.08
2026/07/13 00:14:52.715, 0, 4, 8526, 77.90
2026/07/13 00:14:52.716, 1, 4, 8526, 65.64
2026/07/13 00:14:52.716, 2, 3, 8526, 60.47
2026/07/13 00:14:52.716, 3, 5, 8526, 75.21
2026/07/13 00:14:52.716, 4, 4, 8526, 79.11
2026/07/13 00:14:52.716, 5, 4, 8526, 73.29
2026/07/13 00:14:52.716, 6, 3, 8526, 80.25
2026/07/13 00:14:52.716, 7, 6, 8526, 73.97
2026/07/13 00:14:53.716, 0, 8, 8526, 62.16
2026/07/13 00:14:53.716, 1, 9, 8526, 57.47
2026/07/13 00:14:53.716, 2, 11, 8526, 58.73
2026/07/13 00:14:53.716, 3, 8, 8526, 76.08
2026/07/13 00:14:53.716, 4, 7, 8526, 64.11
2026/07/13 00:14:53.716, 5, 8, 8526, 59.54
2026/07/13 00:14:53.716, 6, 11, 8526, 63.91
2026/07/13 00:14:53.726, 7, 1, 8526, 73.97
2026/07/13 00:14:54.726, 0, 100, 8526, 81.72
2026/07/13 00:14:54.726, 1, 100, 8526, 81.45
2026/07/13 00:14:54.726, 2, 100, 8526, 83.09
2026/07/13 00:14:54.727, 3, 58, 8526, 81.37
2026/07/13 00:14:54.727, 4, 100, 8526, 83.81
2026/07/13 00:14:54.727, 5, 100, 8526, 80.33
2026/07/13 00:14:54.727, 6, 100, 8526, 87.01
2026/07/13 00:14:54.727, 7, 10, 8526, 59.88
2026/07/13 00:14:55.727, 0, 16, 8526, 85.27
2026/07/13 00:14:55.729, 1, 15, 8526, 78.78
2026/07/13 00:14:55.730, 2, 20, 8526, 80.42
2026/07/13 00:14:55.730, 3, 16, 8526, 81.37
2026/07/13 00:14:55.730, 4, 18, 8526, 86.17
2026/07/13 00:14:55.730, 5, 13, 8526, 79.79
2026/07/13 00:14:55.730, 6, 13, 8526, 86.22
2026/07/13 00:14:55.730, 7, 14, 8526, 63.70
2026/07/13 00:14:56.730, 0, 17, 8526, 67.99
2026/07/13 00:14:56.738, 1, 17, 8526, 63.29
2026/07/13 00:14:56.738, 2, 22, 8526, 64.30
2026/07/13 00:14:56.738, 3, 16, 8526, 65.57
2026/07/13 00:14:56.738, 4, 20, 8526, 68.27
2026/07/13 00:14:56.738, 5, 17, 8526, 64.23
2026/07/13 00:14:56.738, 6, 17, 8526, 68.93
2026/07/13 00:14:56.748, 7, 20, 8526, 64.57
2026/07/13 00:14:57.758, 0, 100, 8526, 231.60
2026/07/13 00:14:57.758, 1, 100, 8526, 189.49
2026/07/13 00:14:57.758, 2, 100, 8526, 223.07
2026/07/13 00:14:57.760, 3, 100, 8526, 218.26
2026/07/13 00:14:57.760, 4, 100, 8526, 221.13
2026/07/13 00:14:57.762, 5, 100, 8526, 185.01
2026/07/13 00:14:57.762, 6, 100, 8526, 191.83
2026/07/13 00:14:57.762, 7, 100, 8526, 212.78
2026/07/13 00:14:58.762, 0, 7, 8526, 79.11
2026/07/13 00:14:58.762, 1, 7, 8526, 73.82
2026/07/13 00:14:58.762, 2, 6, 8526, 75.44
2026/07/13 00:14:58.762, 3, 6, 8526, 76.35
2026/07/13 00:14:58.762, 4, 6, 8526, 82.06
2026/07/13 00:14:58.763, 5, 7, 8526, 74.16
2026/07/13 00:14:58.763, 6, 7, 8526, 81.45
2026/07/13 00:14:58.763, 7, 10, 8526, 77.20
2026/07/13 00:14:59.763, 0, 9, 8526, 80.25
2026/07/13 00:14:59.772, 1, 9, 8526, 74.69
2026/07/13 00:14:59.772, 2, 9, 8526, 75.44
2026/07/13 00:14:59.772, 3, 3, 8526, 76.08
2026/07/13 00:14:59.772, 4, 3, 8526, 82.66
2026/07/13 00:14:59.772, 5, 9, 8526, 75.36
2026/07/13 00:14:59.772, 6, 8, 8526, 82.05
2026/07/13 00:14:59.773, 7, 4, 8526, 77.52
2026/07/13 00:15:00.783, 0, 44, 8526, 65.64
2026/07/13 00:15:00.783, 1, 38, 8526, 58.34
2026/07/13 00:15:00.783, 2, 9, 8526, 74.24
2026/07/13 00:15:00.783, 3, 11, 8526, 63.51
2026/07/13 00:15:00.783, 4, 11, 8526, 64.11
2026/07/13 00:15:00.783, 5, 46, 8526, 65.38
2026/07/13 00:15:00.783, 6, 54, 8526, 80.58
2026/07/13 00:15:00.783, 7, 11, 8526, 60.75
2026/07/13 00:15:01.783, 0, 3, 8526, 65.71
2026/07/13 00:15:01.791, 1, 3, 8526, 57.47
2026/07/13 00:15:01.792, 2, 3, 8526, 73.10
2026/07/13 00:15:01.792, 3, 4, 8526, 74.61
2026/07/13 00:15:01.792, 4, 4, 8526, 81.46
2026/07/13 00:15:01.792, 5, 3, 8526, 65.11
2026/07/13 00:15:01.792, 6, 3, 8526, 79.71
2026/07/13 00:15:01.792, 7, 5, 8526, 77.20
2026/07/13 00:15:02.793, 0, 11, 8526, 61.56
2026/07/13 00:15:02.798, 1, 15, 8526, 58.34
2026/07/13 00:15:02.807, 2, 11, 8526, 58.73
2026/07/13 00:15:02.807, 3, 8, 8526, 60.89
2026/07/13 00:15:02.807, 4, 7, 8526, 81.79
2026/07/13 00:15:02.807, 5, 13, 8526, 62.44
2026/07/13 00:15:02.807, 6, 11, 8526, 63.64
2026/07/13 00:15:02.807, 7, 8, 8526, 61.08
2026/07/13 00:15:03.807, 0, 44, 8526, 83.46
2026/07/13 00:15:03.807, 1, 15, 8526, 77.90
2026/07/13 00:15:03.807, 2, 89, 8526, 79.27
2026/07/13 00:15:03.808, 3, 30, 8526, 79.29
2026/07/13 00:15:03.808, 4, 25, 8526, 72.04
2026/07/13 00:15:03.808, 5, 66, 8526, 78.59
2026/07/13 00:15:03.808, 6, 62, 8526, 85.54
2026/07/13 00:15:03.808, 7, 25, 8526, 63.10
2026/07/13 00:15:04.808, 0, 21, 8526, 77.36
2026/07/13 00:15:04.808, 1, 10, 8526, 82.05
2026/07/13 00:15:04.808, 2, 21, 8526, 82.77
2026/07/13 00:15:04.808, 3, 19, 8526, 74.34
2026/07/13 00:15:04.808, 4, 16, 8526, 67.33
2026/07/13 00:15:04.808, 5, 11, 8526, 83.55
2026/07/13 00:15:04.808, 6, 21, 8526, 89.63
2026/07/13 00:15:04.818, 7, 17, 8526, 63.97
2026/07/13 00:15:05.829, 0, 22, 8526, 139.31
2026/07/13 00:15:05.829, 1, 72, 8526, 135.09
2026/07/13 00:15:05.829, 2, 22, 8526, 135.78
2026/07/13 00:15:05.829, 3, 20, 8526, 64.97
2026/07/13 00:15:05.829, 4, 21, 8526, 68.19
2026/07/13 00:15:05.829, 5, 65, 8526, 181.19
2026/07/13 00:15:05.829, 6, 22, 8526, 138.86
2026/07/13 00:15:05.829, 7, 21, 8526, 65.11
2026/07/13 00:15:06.829, 0, 97, 8526, 199.72
2026/07/13 00:15:06.835, 1, 99, 8526, 183.35
2026/07/13 00:15:06.835, 2, 100, 8526, 196.99
2026/07/13 00:15:06.835, 3, 100, 8526, 213.59
2026/07/13 00:15:06.845, 4, 100, 8526, 205.31
2026/07/13 00:15:06.846, 5, 100, 8526, 192.30
2026/07/13 00:15:06.846, 6, 100, 8526, 191.51
2026/07/13 00:15:06.846, 7, 100, 8526, 191.16
2026/07/13 00:15:07.847, 0, 5, 8526, 78.51
2026/07/13 00:15:07.891, 1, 5, 8526, 72.95
2026/07/13 00:15:07.891, 2, 5, 8526, 74.57
2026/07/13 00:15:07.891, 3, 5, 8526, 75.48
2026/07/13 00:15:07.891, 4, 6, 8526, 81.79
2026/07/13 00:15:07.891, 5, 5, 8526, 75.09
2026/07/13 00:15:07.891, 6, 5, 8526, 81.45
2026/07/13 00:15:07.891, 7, 5, 8526, 78.07
2026/07/13 00:15:08.893, 0, 9, 8526, 62.10
2026/07/13 00:15:08.896, 1, 9, 8526, 58.67
2026/07/13 00:15:08.896, 2, 10, 8526, 59.60
2026/07/13 00:15:08.896, 3, 9, 8526, 76.08
2026/07/13 00:15:08.897, 4, 6, 8526, 64.98
2026/07/13 00:15:08.897, 5, 12, 8526, 60.09
2026/07/13 00:15:08.897, 6, 12, 8526, 64.23
2026/07/13 00:15:08.897, 7, 9, 8526, 78.07
2026/07/13 00:15:09.897, 0, 6, 8526, 61.22
2026/07/13 00:15:09.897, 1, 1, 8526, 63.03
2026/07/13 00:15:09.897, 2, 9, 8526, 60.75
2026/07/13 00:15:09.897, 3, 6, 8526, 64.37
2026/07/13 00:15:09.897, 4, 46, 8526, 75.87
2026/07/13 00:15:09.897, 5, 6, 8526, 63.03
2026/07/13 00:15:09.897, 6, 7, 8526, 63.36
2026/07/13 00:15:09.897, 7, 27, 8526, 60.75
2026/07/13 00:15:10.897, 0, 4, 8526, 61.29
2026/07/13 00:15:10.905, 1, 3, 8526, 63.36
2026/07/13 00:15:10.905, 2, 2, 8526, 61.08
2026/07/13 00:15:10.905, 3, 3, 8526, 64.37
2026/07/13 00:15:10.905, 4, 4, 8526, 70.62
2026/07/13 00:15:10.905, 5, 5, 8526, 63.36
2026/07/13 00:15:10.905, 6, 3, 8526, 62.76
2026/07/13 00:15:10.905, 7, 5, 8526, 60.15
2026/07/13 00:15:11.905, 0, 11, 8526, 64.78
2026/07/13 00:15:11.905, 1, 11, 8526, 61.02
2026/07/13 00:15:11.905, 2, 15, 8526, 61.62
2026/07/13 00:15:11.905, 3, 10, 8526, 59.96
2026/07/13 00:15:11.905, 4, 8, 8526, 63.83
2026/07/13 00:15:11.905, 5, 28, 8526, 60.09
2026/07/13 00:15:11.905, 6, 16, 8526, 68.33
2026/07/13 00:15:11.905, 7, 10, 8526, 60.47
2026/07/13 00:15:12.905, 0, 22, 8526, 83.46
2026/07/13 00:15:12.908, 1, 36, 8526, 77.36
2026/07/13 00:15:12.918, 2, 18, 8526, 79.27
2026/07/13 00:15:12.919, 3, 12, 8526, 79.90
2026/07/13 00:15:12.919, 4, 18, 8526, 85.89
2026/07/13 00:15:12.920, 5, 12, 8526, 79.19
2026/07/13 00:15:12.929, 6, 12, 8526, 84.94
2026/07/13 00:15:12.929, 7, 18, 8526, 63.10
2026/07/13 00:15:13.929, 0, 14, 8526, 89.36
2026/07/13 00:15:13.933, 1, 17, 8526, 83.19
2026/07/13 00:15:13.943, 2, 11, 8526, 83.97
2026/07/13 00:15:13.943, 3, 13, 8526, 83.71
2026/07/13 00:15:13.943, 4, 8, 8526, 89.73
2026/07/13 00:15:13.943, 5, 11, 8526, 83.28
2026/07/13 00:15:13.943, 6, 11, 8526, 89.63
2026/07/13 00:15:13.944, 7, 12, 8526, 65.18
2026/07/13 00:15:14.944, 0, 24, 8526, 143.12
2026/07/13 00:15:14.983, 1, 22, 8526, 189.09
2026/07/13 00:15:14.983, 2, 31, 8526, 189.02
2026/07/13 00:15:14.983, 3, 20, 8526, 136.83
2026/07/13 00:15:14.983, 4, 21, 8526, 140.35
2026/07/13 00:15:14.984, 5, 92, 8526, 184.41
2026/07/13 00:15:14.985, 6, 75, 8526, 191.43
2026/07/13 00:15:14.985, 7, 21, 8526, 83.55
2026/07/13 00:15:15.985, 0, 100, 8526, 95.09
2026/07/13 00:15:15.988, 1, 100, 8526, 78.78
2026/07/13 00:15:15.998, 2, 100, 8526, 95.29
2026/07/13 00:15:15.998, 3, 100, 8526, 90.31
2026/07/13 00:15:15.998, 4, 100, 8526, 97.66
2026/07/13 00:15:15.998, 5, 81, 8526, 78.51
2026/07/13 00:15:15.998, 6, 96, 8526, 88.75
2026/07/13 00:15:15.998, 7, 99, 8526, 191.23
2026/07/13 00:15:16.998, 0, 5, 8526, 78.78
2026/07/13 00:15:17.075, 1, 4, 8526, 73.22
2026/07/13 00:15:17.075, 2, 4, 8526, 74.57
2026/07/13 00:15:17.075, 3, 5, 8526, 75.21
2026/07/13 00:15:17.075, 4, 5, 8526, 82.06
2026/07/13 00:15:17.075, 5, 4, 8526, 74.16
2026/07/13 00:15:17.075, 6, 4, 8526, 80.58
2026/07/13 00:15:17.075, 7, 5, 8526, 76.59
2026/07/13 00:15:18.076, 0, 12, 8526, 62.16
2026/07/13 00:15:18.086, 1, 12, 8526, 58.67
2026/07/13 00:15:18.086, 2, 12, 8526, 59.00
2026/07/13 00:15:18.086, 3, 9, 8526, 60.56
2026/07/13 00:15:18.088, 4, 9, 8526, 64.43
2026/07/13 00:15:18.088, 5, 12, 8526, 59.81
2026/07/13 00:15:18.088, 6, 12, 8526, 63.91
2026/07/13 00:15:18.088, 7, 11, 8526, 60.75
2026/07/13 00:15:19.089, 0, 5, 8526, 78.51
2026/07/13 00:15:19.089, 1, 5, 8526, 72.67
2026/07/13 00:15:19.089, 2, 5, 8526, 69.87
2026/07/13 00:15:19.089, 3, 6, 8526, 74.94
2026/07/13 00:15:19.089, 4, 6, 8526, 81.46
2026/07/13 00:15:19.089, 5, 5, 8526, 73.89
2026/07/13 00:15:19.089, 6, 5, 8526, 69.20
2026/07/13 00:15:19.089, 7, 10, 8526, 60.47
2026/07/13 00:15:20.089, 0, 8, 8526, 79.11
2026/07/13 00:15:20.089, 1, 9, 8526, 73.22
2026/07/13 00:15:20.089, 2, 8, 8526, 70.48
2026/07/13 00:15:20.089, 3, 4, 8526, 75.81
2026/07/13 00:15:20.090, 4, 3, 8526, 81.46
2026/07/13 00:15:20.090, 5, 8, 8526, 74.50
2026/07/13 00:15:20.090, 6, 9, 8526, 69.47
2026/07/13 00:15:20.090, 7, 3, 8526, 59.60
2026/07/13 00:15:21.090, 0, 100, 8526, 84.39
2026/07/13 00:15:21.090, 1, 100, 8526, 79.38
2026/07/13 00:15:21.090, 2, 79, 8526, 78.07
2026/07/13 00:15:21.090, 3, 13, 8526, 60.89
2026/07/13 00:15:21.090, 4, 10, 8526, 64.11
2026/07/13 00:15:21.090, 5, 100, 8526, 80.33
2026/07/13 00:15:21.090, 6, 83, 8526, 86.74
2026/07/13 00:15:21.090, 7, 10, 8526, 60.47
2026/07/13 00:15:22.090, 0, 11, 8526, 83.19
2026/07/13 00:15:22.093, 1, 12, 8526, 77.04
2026/07/13 00:15:22.093, 2, 11, 8526, 79.27
2026/07/13 00:15:22.093, 3, 11, 8526, 80.17
2026/07/13 00:15:22.093, 4, 12, 8526, 85.89
2026/07/13 00:15:22.094, 5, 12, 8526, 78.59
2026/07/13 00:15:22.094, 6, 12, 8526, 85.27
2026/07/13 00:15:22.094, 7, 15, 8526, 62.83
2026/07/13 00:15:23.094, 0, 17, 8526, 86.41
2026/07/13 00:15:23.094, 1, 17, 8526, 80.58
2026/07/13 00:15:23.094, 2, 16, 8526, 80.74
2026/07/13 00:15:23.094, 3, 16, 8526, 82.23
2026/07/13 00:15:23.094, 4, 15, 8526, 88.25
2026/07/13 00:15:23.094, 5, 17, 8526, 81.21
2026/07/13 00:15:23.094, 6, 17, 8526, 87.61
2026/07/13 00:15:23.094, 7, 20, 8526, 64.57
2026/07/13 00:15:24.095, 0, 100, 8526, 215.23
2026/07/13 00:15:24.111, 1, 100, 8526, 210.23
2026/07/13 00:15:24.121, 2, 100, 8526, 207.22
2026/07/13 00:15:24.121, 3, 100, 8526, 203.11
2026/07/13 00:15:24.122, 4, 87, 8526, 205.91
2026/07/13 00:15:24.123, 5, 100, 8526, 205.75
2026/07/13 00:15:24.124, 6, 100, 8526, 209.68
2026/07/13 00:15:24.135, 7, 100, 8526, 204.29
2026/07/13 00:15:25.135, 0, 12, 8526, 79.38
2026/07/13 00:15:25.196, 1, 7, 8526, 73.54
2026/07/13 00:15:25.196, 2, 12, 8526, 75.17
2026/07/13 00:15:25.196, 3, 17, 8526, 76.08
2026/07/13 00:15:25.197, 4, 15, 8526, 82.66
2026/07/13 00:15:25.197, 5, 14, 8526, 75.97
2026/07/13 00:15:25.197, 6, 16, 8526, 82.32
2026/07/13 00:15:25.197, 7, 13, 8526, 78.07
2026/07/13 00:15:26.197, 0, 4, 8526, 79.98
2026/07/13 00:15:26.199, 1, 7, 8526, 73.82
2026/07/13 00:15:26.199, 2, 4, 8526, 75.44
2026/07/13 00:15:26.200, 3, 4, 8526, 74.61
2026/07/13 00:15:26.200, 4, 4, 8526, 81.79
2026/07/13 00:15:26.200, 5, 4, 8526, 75.64
2026/07/13 00:15:26.200, 6, 4, 8526, 81.72
2026/07/13 00:15:26.200, 7, 4, 8526, 76.32
2026/07/13 00:15:27.200, 0, 12, 8526, 65.71
2026/07/13 00:15:27.200, 1, 52, 8526, 74.42
2026/07/13 00:15:27.200, 2, 11, 8526, 113.63
2026/07/13 00:15:27.200, 3, 11, 8526, 60.56
2026/07/13 00:15:27.200, 4, 11, 8526, 64.98
2026/07/13 00:15:27.200, 5, 12, 8526, 64.50
2026/07/13 00:15:27.200, 6, 12, 8526, 75.64
2026/07/13 00:15:27.200, 7, 11, 8526, 60.75
2026/07/13 00:15:28.200, 0, 4, 8526, 77.90
2026/07/13 00:15:28.205, 1, 3, 8526, 72.07
2026/07/13 00:15:28.205, 2, 5, 8526, 61.35
2026/07/13 00:15:28.205, 3, 5, 8526, 75.21
2026/07/13 00:15:28.205, 4, 5, 8526, 81.18
2026/07/13 00:15:28.215, 5, 3, 8526, 73.29
2026/07/13 00:15:28.224, 6, 5, 8526, 75.97
2026/07/13 00:15:28.224, 7, 5, 8526, 76.05
2026/07/13 00:15:29.224, 0, 8, 8526, 62.16
2026/07/13 00:15:29.226, 1, 11, 8526, 58.34
2026/07/13 00:15:29.235, 2, 9, 8526, 58.73
2026/07/13 00:15:29.244, 3, 8, 8526, 75.48
2026/07/13 00:15:29.244, 4, 2, 8526, 82.06
2026/07/13 00:15:29.244, 5, 11, 8526, 59.54
2026/07/13 00:15:29.244, 6, 11, 8526, 63.64
2026/07/13 00:15:29.244, 7, 8, 8526, 76.32
2026/07/13 00:15:30.244, 0, 100, 8526, 81.72
2026/07/13 00:15:30.244, 1, 100, 8526, 79.71
2026/07/13 00:15:30.244, 2, 100, 8526, 81.29
2026/07/13 00:15:30.244, 3, 48, 8526, 73.14
2026/07/13 00:15:30.244, 4, 10, 8526, 66.46
2026/07/13 00:15:30.244, 5, 100, 8526, 80.33
2026/07/13 00:15:30.244, 6, 100, 8526, 87.01
2026/07/13 00:15:30.244, 7, 35, 8526, 63.10
2026/07/13 00:15:31.244, 0, 19, 8526, 84.39
2026/07/13 00:15:31.245, 1, 9, 8526, 71.47
2026/07/13 00:15:31.245, 2, 11, 8526, 77.79
2026/07/13 00:15:31.245, 3, 11, 8526, 81.64
2026/07/13 00:15:31.245, 4, 14, 8526, 67.33
2026/07/13 00:15:31.245, 5, 17, 8526, 79.19
2026/07/13 00:15:31.245, 6, 17, 8526, 86.14
2026/07/13 00:15:31.245, 7, 12, 8526, 81.62
2026/07/13 00:15:32.246, 0, 21, 8526, 66.58
2026/07/13 00:15:32.252, 1, 17, 8526, 62.97
2026/07/13 00:15:32.260, 2, 16, 8526, 63.10
2026/07/13 00:15:32.260, 3, 15, 8526, 64.37
2026/07/13 00:15:32.260, 4, 20, 8526, 68.54
2026/07/13 00:15:32.260, 5, 17, 8526, 65.11
2026/07/13 00:15:32.260, 6, 17, 8526, 69.47
2026/07/13 00:15:32.260, 7, 16, 8526, 64.85
2026/07/13 00:15:33.260, 0, 100, 8526, 219.04
2026/07/13 00:15:33.268, 1, 100, 8526, 213.76
2026/07/13 00:15:33.278, 2, 100, 8526, 218.94
2026/07/13 00:15:33.278, 3, 100, 8526, 205.45
2026/07/13 00:15:33.278, 4, 100, 8526, 222.61
2026/07/13 00:15:33.278, 5, 100, 8526, 214.04
2026/07/13 00:15:33.278, 6, 100, 8526, 192.71
2026/07/13 00:15:33.279, 7, 100, 8526, 213.65
2026/07/13 00:15:34.279, 0, 7, 8526, 79.98
2026/07/13 00:15:34.283, 1, 7, 8526, 74.09
2026/07/13 00:15:34.283, 2, 7, 8526, 75.44
2026/07/13 00:15:34.283, 3, 40, 8526, 76.08
2026/07/13 00:15:34.283, 4, 11, 8526, 82.66
2026/07/13 00:15:34.283, 5, 1, 8526, 74.16
2026/07/13 00:15:34.283, 6, 7, 8526, 81.13
2026/07/13 00:15:34.283, 7, 11, 8526, 75.71
2026/07/13 00:15:35.283, 0, 5, 8526, 79.98
2026/07/13 00:15:35.342, 1, 5, 8526, 74.09
2026/07/13 00:15:35.342, 2, 5, 8526, 75.44
2026/07/13 00:15:35.342, 3, 4, 8526, 74.61
2026/07/13 00:15:35.342, 4, 7, 8526, 82.94
2026/07/13 00:15:35.342, 5, 5, 8526, 75.09
2026/07/13 00:15:35.342, 6, 9, 8526, 81.72
2026/07/13 00:15:35.345, 7, 4, 8526, 75.71
2026/07/13 00:15:36.345, 0, 48, 8526, 72.34
2026/07/13 00:15:36.347, 1, 50, 8526, 71.75
2026/07/13 00:15:36.347, 2, 41, 8526, 59.27
2026/07/13 00:15:36.348, 3, 11, 8526, 60.56
2026/07/13 00:15:36.348, 4, 51, 8526, 72.37
2026/07/13 00:15:36.348, 5, 47, 8526, 67.73
2026/07/13 00:15:36.357, 6, 27, 8526, 63.36
2026/07/13 00:15:36.367, 7, 12, 8526, 60.75
2026/07/13 00:15:37.367, 0, 3, 8526, 70.60
2026/07/13 00:15:37.367, 1, 3, 8526, 70.00
2026/07/13 00:15:37.367, 2, 4, 8526, 59.60
2026/07/13 00:15:37.367, 3, 6, 8526, 59.69
2026/07/13 00:15:37.367, 4, 3, 8526, 80.31
2026/07/13 00:15:37.367, 5, 3, 8526, 66.26
2026/07/13 00:15:37.368, 6, 4, 8526, 63.36
2026/07/13 00:15:37.368, 7, 5, 8526, 76.05
2026/07/13 00:15:38.368, 0, 11, 8526, 61.56
2026/07/13 00:15:38.395, 1, 11, 8526, 58.34
2026/07/13 00:15:38.395, 2, 10, 8526, 58.73
2026/07/13 00:15:38.395, 3, 10, 8526, 59.96
2026/07/13 00:15:38.395, 4, 8, 8526, 64.11
2026/07/13 00:15:38.395, 5, 11, 8526, 59.21
2026/07/13 00:15:38.395, 6, 11, 8526, 66.58
2026/07/13 00:15:38.395, 7, 8, 8526, 61.08
2026/07/13 00:15:39.396, 0, 56, 8526, 83.80
2026/07/13 00:15:39.396, 1, 18, 8526, 77.90
2026/07/13 00:15:39.396, 2, 26, 8526, 79.54
2026/07/13 00:15:39.396, 3, 24, 8526, 62.63
2026/07/13 00:15:39.396, 4, 21, 8526, 88.52
2026/07/13 00:15:39.396, 5, 74, 8526, 78.59
2026/07/13 00:15:39.396, 6, 73, 8526, 85.27
2026/07/13 00:15:39.396, 7, 22, 8526, 63.10
2026/07/13 00:15:40.396, 0, 21, 8526, 77.90
2026/07/13 00:15:40.396, 1, 11, 8526, 81.13
2026/07/13 00:15:40.397, 2, 20, 8526, 73.37
2026/07/13 00:15:40.397, 3, 27, 8526, 59.69
2026/07/13 00:15:40.397, 4, 17, 8526, 82.66
2026/07/13 00:15:40.397, 5, 21, 8526, 80.33
2026/07/13 00:15:40.397, 6, 21, 8526, 89.08
2026/07/13 00:15:40.397, 7, 26, 8526, 62.50
2026/07/13 00:15:41.397, 0, 22, 8526, 66.78
2026/07/13 00:15:41.397, 1, 61, 8526, 133.89
2026/07/13 00:15:41.397, 2, 21, 8526, 63.70
2026/07/13 00:15:41.397, 3, 20, 8526, 64.65
2026/07/13 00:15:41.397, 4, 18, 8526, 67.33
2026/07/13 00:15:41.397, 5, 22, 8526, 64.23
2026/07/13 00:15:41.397, 6, 22, 8526, 136.51
2026/07/13 00:15:41.397, 7, 20, 8526, 64.78
2026/07/13 00:15:42.399, 0, 100, 8526, 194.44
2026/07/13 00:15:42.399, 1, 100, 8526, 193.57
2026/07/13 00:15:42.399, 2, 100, 8526, 193.10
2026/07/13 00:15:42.399, 3, 100, 8526, 203.98
2026/07/13 00:15:42.399, 4, 100, 8526, 192.63
2026/07/13 00:15:42.399, 5, 100, 8526, 214.36
2026/07/13 00:15:42.399, 6, 100, 8526, 219.04
2026/07/13 00:15:42.399, 7, 100, 8526, 221.28
2026/07/13 00:15:43.399, 0, 5, 8526, 79.11
2026/07/13 00:15:43.400, 1, 5, 8526, 72.67
2026/07/13 00:15:43.401, 2, 6, 8526, 74.85
2026/07/13 00:15:43.401, 3, 6, 8526, 75.81
2026/07/13 00:15:43.401, 4, 6, 8526, 82.39
2026/07/13 00:15:43.401, 5, 5, 8526, 74.50
2026/07/13 00:15:43.401, 6, 5, 8526, 81.45
2026/07/13 00:15:43.401, 7, 6, 8526, 77.52
2026/07/13 00:15:44.401, 0, 9, 8526, 62.69
2026/07/13 00:15:44.401, 1, 12, 8526, 58.28
2026/07/13 00:15:44.401, 2, 9, 8526, 60.75
2026/07/13 00:15:44.401, 3, 9, 8526, 76.08
2026/07/13 00:15:44.401, 4, 9, 8526, 82.66
2026/07/13 00:15:44.401, 5, 9, 8526, 60.41
2026/07/13 00:15:44.401, 6, 9, 8526, 81.72
2026/07/13 00:15:44.401, 7, 9, 8526, 78.07
2026/07/13 00:15:45.401, 0, 32, 8526, 61.56
2026/07/13 00:15:45.404, 1, 8, 8526, 57.74
2026/07/13 00:15:45.404, 2, 14, 8526, 67.19
2026/07/13 00:15:45.404, 3, 26, 8526, 59.96
2026/07/13 00:15:45.404, 4, 20, 8526, 66.18
2026/07/13 00:15:45.404, 5, 7, 8526, 59.21
2026/07/13 00:15:45.404, 6, 11, 8526, 63.91
2026/07/13 00:15:45.404, 7, 39, 8526, 60.15
2026/07/13 00:15:46.405, 0, 4, 8526, 61.82
2026/07/13 00:15:46.413, 1, 4, 8526, 58.07
2026/07/13 00:15:46.413, 2, 3, 8526, 67.52
2026/07/13 00:15:46.413, 3, 4, 8526, 59.69
2026/07/13 00:15:46.423, 4, 4, 8526, 66.18
2026/07/13 00:15:46.433, 5, 11, 8526, 59.54
2026/07/13 00:15:46.433, 6, 2, 8526, 64.23
2026/07/13 00:15:46.433, 7, 4, 8526, 60.15
2026/07/13 00:15:47.433, 0, 15, 8526, 64.44
2026/07/13 00:15:47.434, 1, 19, 8526, 61.02
2026/07/13 00:15:47.434, 2, 11, 8526, 61.35
2026/07/13 00:15:47.434, 3, 10, 8526, 60.56
2026/07/13 00:15:47.434, 4, 9, 8526, 63.83
2026/07/13 00:15:47.434, 5, 81, 8526, 62.16
2026/07/13 00:15:47.434, 6, 13, 8526, 63.36
2026/07/13 00:15:47.434, 7, 10, 8526, 60.75
2026/07/13 00:15:48.435, 0, 12, 8526, 83.46
2026/07/13 00:15:48.435, 1, 12, 8526, 77.36
2026/07/13 00:15:48.435, 2, 17, 8526, 79.27
2026/07/13 00:15:48.435, 3, 12, 8526, 79.29
2026/07/13 00:15:48.435, 4, 16, 8526, 80.31
2026/07/13 00:15:48.435, 5, 12, 8526, 77.99
2026/07/13 00:15:48.435, 6, 12, 8526, 85.27
2026/07/13 00:15:48.435, 7, 15, 8526, 62.50
2026/07/13 00:15:49.436, 0, 16, 8526, 87.28
2026/07/13 00:15:49.436, 1, 15, 8526, 80.58
2026/07/13 00:15:49.436, 2, 11, 8526, 82.22
2026/07/13 00:15:49.437, 3, 15, 8526, 84.31
2026/07/13 00:15:49.437, 4, 8, 8526, 82.39
2026/07/13 00:15:49.438, 5, 17, 8526, 81.21
2026/07/13 00:15:49.439, 6, 13, 8526, 89.95
2026/07/13 00:15:49.439, 7, 20, 8526, 65.45
2026/07/13 00:15:50.439, 0, 100, 8526, 200.87
2026/07/13 00:15:50.439, 1, 100, 8526, 197.65
2026/07/13 00:15:50.440, 2, 56, 8526, 200.73
2026/07/13 00:15:50.440, 3, 79, 8526, 191.90
2026/07/13 00:15:50.440, 4, 20, 8526, 140.35
2026/07/13 00:15:50.440, 5, 100, 8526, 193.77
2026/07/13 00:15:50.440, 6, 99, 8526, 197.38
2026/07/13 00:15:50.440, 7, 89, 8526, 137.98
2026/07/13 00:15:51.440, 0, 67, 8526, 82.05
2026/07/13 00:15:51.441, 1, 74, 8526, 76.43
2026/07/13 00:15:51.441, 2, 100, 8526, 77.79
2026/07/13 00:15:51.441, 3, 100, 8526, 82.84
2026/07/13 00:15:51.441, 4, 100, 8526, 106.21
2026/07/13 00:15:51.441, 5, 16, 8526, 79.19
2026/07/13 00:15:51.441, 6, 75, 8526, 84.39
2026/07/13 00:15:51.444, 7, 85, 8526, 101.01
2026/07/13 00:15:52.446, 0, 4, 8526, 79.11
2026/07/13 00:15:52.447, 1, 4, 8526, 73.54
2026/07/13 00:15:52.447, 2, 5, 8526, 73.97
2026/07/13 00:15:52.447, 3, 5, 8526, 75.48
2026/07/13 00:15:52.447, 4, 1, 8526, 81.79
2026/07/13 00:15:52.447, 5, 4, 8526, 73.89
2026/07/13 00:15:52.448, 6, 4, 8526, 80.85
2026/07/13 00:15:52.448, 7, 5, 8526, 76.92
2026/07/13 00:15:53.448, 0, 12, 8526, 62.16
2026/07/13 00:15:53.532, 1, 12, 8526, 58.67
2026/07/13 00:15:53.532, 2, 12, 8526, 59.27
2026/07/13 00:15:53.532, 3, 11, 8526, 60.56
2026/07/13 00:15:53.533, 4, 11, 8526, 64.43
2026/07/13 00:15:53.533, 5, 12, 8526, 59.81
2026/07/13 00:15:53.533, 6, 12, 8526, 64.23
2026/07/13 00:15:53.533, 7, 11, 8526, 61.08
2026/07/13 00:15:54.533, 0, 5, 8526, 76.76
2026/07/13 00:15:54.539, 1, 5, 8526, 72.95
2026/07/13 00:15:54.539, 2, 7, 8526, 58.40
2026/07/13 00:15:54.539, 3, 6, 8526, 75.48
2026/07/13 00:15:54.539, 4, 12, 8526, 76.48
2026/07/13 00:15:54.539, 5, 5, 8526, 72.15
2026/07/13 00:15:54.539, 6, 5, 8526, 80.25
2026/07/13 00:15:54.539, 7, 5, 8526, 74.85
2026/07/13 00:15:55.539, 0, 5, 8526, 77.36
2026/07/13 00:15:55.540, 1, 7, 8526, 73.54
2026/07/13 00:15:55.540, 2, 11, 8526, 58.73
2026/07/13 00:15:55.540, 3, 3, 8526, 75.81
2026/07/13 00:15:55.540, 4, 3, 8526, 75.60
2026/07/13 00:15:55.540, 5, 6, 8526, 60.09
2026/07/13 00:15:55.540, 6, 8, 8526, 81.21
2026/07/13 00:15:55.540, 7, 1, 8526, 74.24
2026/07/13 00:15:56.540, 0, 21, 8526, 64.44
2026/07/13 00:15:56.544, 1, 61, 8526, 79.38
2026/07/13 00:15:56.544, 2, 68, 8526, 79.54
2026/07/13 00:15:56.545, 3, 9, 8526, 64.97
2026/07/13 00:15:56.545, 4, 10, 8526, 63.83
2026/07/13 00:15:56.545, 5, 36, 8526, 79.79
2026/07/13 00:15:56.545, 6, 100, 8526, 85.81
2026/07/13 00:15:56.546, 7, 10, 8526, 60.47
2026/07/13 00:15:57.556, 0, 12, 8526, 83.19
2026/07/13 00:15:57.556, 1, 12, 8526, 77.63
2026/07/13 00:15:57.556, 2, 12, 8526, 78.67
2026/07/13 00:15:57.556, 3, 12, 8526, 79.90
2026/07/13 00:15:57.556, 4, 15, 8526, 66.18
2026/07/13 00:15:57.556, 5, 12, 8526, 78.31
2026/07/13 00:15:57.556, 6, 12, 8526, 85.27
2026/07/13 00:15:57.556, 7, 15, 8526, 62.83
2026/07/13 00:15:58.556, 0, 16, 8526, 86.14
2026/07/13 00:15:58.641, 1, 17, 8526, 80.58
2026/07/13 00:15:58.641, 2, 17, 8526, 81.89
2026/07/13 00:15:58.641, 3, 15, 8526, 82.51
2026/07/13 00:15:58.641, 4, 20, 8526, 67.66
2026/07/13 00:15:58.641, 5, 17, 8526, 81.21
2026/07/13 00:15:58.641, 6, 16, 8526, 87.89
2026/07/13 00:15:58.641, 7, 20, 8526, 64.30
2026/07/13 00:15:59.642, 0, 100, 8526, 217.24
2026/07/13 00:15:59.644, 1, 100, 8526, 208.48
2026/07/13 00:15:59.644, 2, 100, 8526, 209.57
2026/07/13 00:15:59.644, 3, 83, 8526, 197.45
2026/07/13 00:15:59.644, 4, 100, 8526, 204.16
2026/07/13 00:15:59.644, 5, 100, 8526, 203.21
2026/07/13 00:15:59.644, 6, 100, 8526, 213.43
2026/07/13 00:15:59.644, 7, 100, 8526, 200.80
2026/07/13 00:16:00.644, 0, 12, 8526, 79.38
2026/07/13 00:16:00.645, 1, 13, 8526, 73.54
2026/07/13 00:16:00.645, 2, 20, 8526, 75.17
2026/07/13 00:16:00.645, 3, 89, 8526, 78.70
2026/07/13 00:16:00.645, 4, 59, 8526, 83.26
2026/07/13 00:16:00.645, 5, 11, 8526, 75.09
2026/07/13 00:16:00.645, 6, 64, 8526, 82.05
2026/07/13 00:16:00.646, 7, 69, 8526, 77.52
2026/07/13 00:16:01.646, 0, 3, 8526, 79.71
2026/07/13 00:16:01.647, 1, 3, 8526, 74.09
2026/07/13 00:16:01.647, 2, 4, 8526, 73.37
2026/07/13 00:16:01.647, 3, 5, 8526, 76.08
2026/07/13 00:16:01.647, 4, 4, 8526, 81.18
2026/07/13 00:16:01.647, 5, 3, 8526, 74.77
2026/07/13 00:16:01.647, 6, 4, 8526, 82.60
2026/07/13 00:16:01.647, 7, 5, 8526, 76.92
2026/07/13 00:16:02.647, 0, 12, 8526, 140.33
2026/07/13 00:16:02.647, 1, 25, 8526, 72.67
2026/07/13 00:16:02.647, 2, 12, 8526, 61.62
2026/07/13 00:16:02.647, 3, 11, 8526, 60.56
2026/07/13 00:16:02.647, 4, 11, 8526, 64.11
2026/07/13 00:16:02.648, 5, 12, 8526, 130.22
2026/07/13 00:16:02.648, 6, 12, 8526, 145.02
2026/07/13 00:16:02.648, 7, 11, 8526, 61.35
2026/07/13 00:16:03.648, 0, 4, 8526, 77.90
2026/07/13 00:16:03.648, 1, 4, 8526, 59.21
2026/07/13 00:16:03.648, 2, 6, 8526, 59.00
2026/07/13 00:16:03.648, 3, 6, 8526, 75.48
2026/07/13 00:16:03.648, 4, 6, 8526, 65.58
2026/07/13 00:16:03.648, 5, 4, 8526, 73.29
2026/07/13 00:16:03.648, 6, 4, 8526, 80.93
2026/07/13 00:16:03.648, 7, 6, 8526, 76.32
2026/07/13 00:16:04.649, 0, 8, 8526, 61.88
2026/07/13 00:16:04.650, 1, 10, 8526, 58.34
2026/07/13 00:16:04.650, 2, 10, 8526, 58.73
2026/07/13 00:16:04.650, 3, 2, 8526, 76.35
2026/07/13 00:16:04.650, 4, 4, 8526, 65.91
2026/07/13 00:16:04.650, 5, 8, 8526, 59.81
2026/07/13 00:16:04.650, 6, 8, 8526, 64.23
2026/07/13 00:16:04.651, 7, 2, 8526, 76.92
2026/07/13 00:16:05.651, 0, 100, 8526, 84.07
2026/07/13 00:16:05.651, 1, 100, 8526, 79.71
2026/07/13 00:16:05.651, 2, 100, 8526, 81.89
2026/07/13 00:16:05.651, 3, 10, 8526, 61.76
2026/07/13 00:16:05.651, 4, 8, 8526, 70.29
2026/07/13 00:16:05.651, 5, 100, 8526, 81.21
2026/07/13 00:16:05.651, 6, 100, 8526, 87.01
2026/07/13 00:16:05.651, 7, 10, 8526, 63.42
2026/07/13 00:16:06.651, 0, 18, 8526, 84.67
2026/07/13 00:16:06.655, 1, 16, 8526, 78.23
2026/07/13 00:16:06.655, 2, 11, 8526, 80.14
2026/07/13 00:16:06.655, 3, 12, 8526, 69.65
2026/07/13 00:16:06.655, 4, 12, 8526, 73.25
2026/07/13 00:16:06.655, 5, 16, 8526, 79.79
2026/07/13 00:16:06.655, 6, 16, 8526, 87.01
2026/07/13 00:16:06.655, 7, 14, 8526, 63.70
2026/07/13 00:16:07.655, 0, 17, 8526, 87.28
2026/07/13 00:16:07.663, 1, 17, 8526, 63.64
2026/07/13 00:16:07.663, 2, 17, 8526, 63.70
2026/07/13 00:16:07.663, 3, 18, 8526, 70.26
2026/07/13 00:16:07.663, 4, 18, 8526, 67.94
2026/07/13 00:16:07.663, 5, 17, 8526, 64.50
2026/07/13 00:16:07.663, 6, 17, 8526, 69.47
2026/07/13 00:16:07.663, 7, 22, 8526, 64.85
2026/07/13 00:16:08.663, 0, 100, 8526, 228.39
2026/07/13 00:16:08.666, 1, 100, 8526, 205.27
2026/07/13 00:16:08.666, 2, 100, 8526, 225.69
2026/07/13 00:16:08.666, 3, 100, 8526, 213.59
2026/07/13 00:16:08.666, 4, 100, 8526, 212.95
2026/07/13 00:16:08.666, 5, 100, 8526, 219.58
2026/07/13 00:16:08.666, 6, 100, 8526, 199.40
2026/07/13 00:16:08.666, 7, 100, 8526, 210.77
2026/07/13 00:16:09.667, 0, 6, 8526, 79.38
2026/07/13 00:16:09.676, 1, 7, 8526, 73.54
2026/07/13 00:16:09.686, 2, 6, 8526, 75.17
2026/07/13 00:16:09.686, 3, 12, 8526, 76.08
2026/07/13 00:16:09.686, 4, 12, 8526, 82.39
2026/07/13 00:16:09.686, 5, 7, 8526, 74.50
2026/07/13 00:16:09.686, 6, 7, 8526, 81.72
2026/07/13 00:16:09.686, 7, 12, 8526, 77.20
2026/07/13 00:16:10.686, 0, 9, 8526, 79.98
2026/07/13 00:16:10.715, 1, 10, 8526, 74.42
2026/07/13 00:16:10.715, 2, 9, 8526, 75.71
2026/07/13 00:16:10.715, 3, 4, 8526, 76.35
2026/07/13 00:16:10.715, 4, 3, 8526, 81.46
2026/07/13 00:16:10.715, 5, 9, 8526, 75.09
2026/07/13 00:16:10.715, 6, 9, 8526, 81.72
2026/07/13 00:16:10.715, 7, 3, 8526, 77.52
2026/07/13 00:16:11.715, 0, 44, 8526, 61.56
2026/07/13 00:16:11.721, 1, 23, 8526, 60.95
2026/07/13 00:16:11.721, 2, 11, 8526, 73.10
2026/07/13 00:16:11.721, 3, 23, 8526, 74.94
2026/07/13 00:16:11.721, 4, 11, 8526, 64.11
2026/07/13 00:16:11.721, 5, 30, 8526, 59.21
2026/07/13 00:16:11.721, 6, 33, 8526, 63.57
2026/07/13 00:16:11.731, 7, 11, 8526, 133.90
2026/07/13 00:16:12.741, 0, 3, 8526, 64.78
2026/07/13 00:16:12.741, 1, 3, 8526, 60.09
2026/07/13 00:16:12.741, 2, 3, 8526, 71.90
2026/07/13 00:16:12.741, 3, 5, 8526, 59.42
2026/07/13 00:16:12.741, 4, 4, 8526, 67.06
2026/07/13 00:16:12.741, 5, 4, 8526, 58.94
2026/07/13 00:16:12.741, 6, 4, 8526, 63.03
2026/07/13 00:16:12.741, 7, 5, 8526, 60.15
2026/07/13 00:16:13.741, 0, 11, 8526, 61.49
2026/07/13 00:16:13.747, 1, 11, 8526, 58.67
2026/07/13 00:16:13.747, 2, 11, 8526, 58.73
2026/07/13 00:16:13.747, 3, 10, 8526, 59.96
2026/07/13 00:16:13.747, 4, 10, 8526, 63.83
2026/07/13 00:16:13.747, 5, 11, 8526, 63.03
2026/07/13 00:16:13.747, 6, 11, 8526, 67.12
2026/07/13 00:16:13.747, 7, 10, 8526, 60.75
2026/07/13 00:16:14.747, 0, 22, 8526, 83.80
2026/07/13 00:16:14.747, 1, 34, 8526, 77.90
2026/07/13 00:16:14.747, 2, 17, 8526, 78.67
2026/07/13 00:16:14.747, 3, 21, 8526, 79.63
2026/07/13 00:16:14.747, 4, 11, 8526, 80.58
2026/07/13 00:16:14.748, 5, 42, 8526, 78.59
2026/07/13 00:16:14.748, 6, 36, 8526, 79.11
2026/07/13 00:16:14.748, 7, 18, 8526, 63.10
2026/07/13 00:16:15.748, 0, 13, 8526, 88.16
2026/07/13 00:16:15.751, 1, 16, 8526, 82.32
2026/07/13 00:16:15.752, 2, 21, 8526, 79.54
2026/07/13 00:16:15.752, 3, 14, 8526, 74.94
2026/07/13 00:16:15.752, 4, 21, 8526, 86.76
2026/07/13 00:16:15.752, 5, 18, 8526, 83.55
2026/07/13 00:16:15.752, 6, 21, 8526, 79.38
2026/07/13 00:16:15.752, 7, 27, 8526, 62.23
2026/07/13 00:16:16.761, 0, 21, 8526, 138.32
2026/07/13 00:16:16.761, 1, 24, 8526, 134.50
2026/07/13 00:16:16.761, 2, 22, 8526, 63.70
2026/07/13 00:16:16.761, 3, 20, 8526, 65.25
2026/07/13 00:16:16.762, 4, 20, 8526, 68.27
2026/07/13 00:16:16.762, 5, 22, 8526, 136.84
2026/07/13 00:16:16.762, 6, 22, 8526, 68.33
2026/07/13 00:16:16.762, 7, 21, 8526, 64.85
2026/07/13 00:16:17.762, 0, 100, 8526, 192.71
2026/07/13 00:16:17.762, 1, 100, 8526, 187.70
2026/07/13 00:16:17.762, 2, 100, 8526, 196.99
2026/07/13 00:16:17.762, 3, 100, 8526, 199.52
2026/07/13 00:16:17.762, 4, 100, 8526, 217.92
2026/07/13 00:16:17.762, 5, 100, 8526, 185.01
2026/07/13 00:16:17.762, 6, 100, 8526, 205.27
2026/07/13 00:16:17.762, 7, 100, 8526, 216.92
2026/07/13 00:16:18.763, 0, 2, 8526, 78.78
2026/07/13 00:16:18.786, 1, 6, 8526, 73.22
2026/07/13 00:16:18.786, 2, 7, 8526, 74.57
2026/07/13 00:16:18.786, 3, 5, 8526, 76.08
2026/07/13 00:16:18.787, 4, 6, 8526, 82.06
2026/07/13 00:16:18.787, 5, 5, 8526, 74.50
2026/07/13 00:16:18.787, 6, 6, 8526, 81.45
2026/07/13 00:16:18.787, 7, 6, 8526, 77.20
2026/07/13 00:16:19.787, 0, 9, 8526, 62.37
2026/07/13 00:16:19.793, 1, 10, 8526, 58.67
2026/07/13 00:16:19.804, 2, 9, 8526, 60.15
2026/07/13 00:16:19.804, 3, 5, 8526, 60.89
2026/07/13 00:16:19.804, 4, 8, 8526, 82.39
2026/07/13 00:16:19.804, 5, 9, 8526, 60.09
2026/07/13 00:16:19.814, 6, 9, 8526, 81.72
2026/07/13 00:16:19.814, 7, 7, 8526, 78.39
2026/07/13 00:16:20.814, 0, 54, 8526, 78.51
2026/07/13 00:16:20.814, 1, 7, 8526, 63.29
2026/07/13 00:16:20.814, 2, 35, 8526, 58.40
2026/07/13 00:16:20.814, 3, 39, 8526, 65.25
2026/07/13 00:16:20.814, 4, 25, 8526, 63.55
2026/07/13 00:16:20.814, 5, 7, 8526, 74.16
2026/07/13 00:16:20.814, 6, 12, 8526, 77.04
2026/07/13 00:16:20.814, 7, 47, 8526, 73.37
2026/07/13 00:16:21.814, 0, 3, 8526, 78.78
2026/07/13 00:16:21.816, 1, 10, 8526, 63.84
2026/07/13 00:16:21.816, 2, 4, 8526, 58.73
2026/07/13 00:16:21.816, 3, 5, 8526, 59.96
2026/07/13 00:16:21.826, 4, 5, 8526, 63.23
2026/07/13 00:16:21.826, 5, 7, 8526, 74.50
2026/07/13 00:16:21.826, 6, 3, 8526, 75.97
2026/07/13 00:16:21.837, 7, 4, 8526, 68.40
2026/07/13 00:16:22.837, 0, 11, 8526, 63.91
2026/07/13 00:16:22.839, 1, 16, 8526, 61.02
2026/07/13 00:16:22.839, 2, 11, 8526, 62.23
2026/07/13 00:16:22.839, 3, 10, 8526, 59.96
2026/07/13 00:16:22.839, 4, 10, 8526, 63.83
2026/07/13 00:16:22.839, 5, 50, 8526, 62.16
2026/07/13 00:16:22.839, 6, 11, 8526, 63.64
2026/07/13 00:16:22.839, 7, 10, 8526, 60.47
2026/07/13 00:16:23.840, 0, 19, 8526, 84.07
2026/07/13 00:16:23.911, 1, 23, 8526, 77.04
2026/07/13 00:16:23.911, 2, 12, 8526, 78.94
2026/07/13 00:16:23.911, 3, 14, 8526, 66.99
2026/07/13 00:16:23.911, 4, 35, 8526, 86.17
2026/07/13 00:16:23.911, 5, 12, 8526, 78.59
2026/07/13 00:16:23.912, 6, 12, 8526, 85.54
2026/07/13 00:16:23.912, 7, 15, 8526, 63.10
2026/07/13 00:16:24.912, 0, 11, 8526, 88.16
2026/07/13 00:16:24.920, 1, 12, 8526, 80.58
2026/07/13 00:16:24.930, 2, 10, 8526, 85.11
2026/07/13 00:16:24.930, 3, 18, 8526, 70.53
2026/07/13 00:16:24.931, 4, 20, 8526, 90.00
2026/07/13 00:16:24.931, 5, 17, 8526, 81.81
2026/07/13 00:16:24.931, 6, 16, 8526, 89.63
2026/07/13 00:16:24.931, 7, 8, 8526, 65.18
2026/07/13 00:16:25.931, 0, 41, 8526, 148.41
2026/07/13 00:16:25.997, 1, 45, 8526, 195.32
2026/07/13 00:16:25.997, 2, 73, 8526, 203.63
2026/07/13 00:16:25.997, 3, 78, 8526, 190.44
2026/07/13 00:16:25.997, 4, 34, 8526, 138.60
2026/07/13 00:16:25.997, 5, 100, 8526, 188.82
2026/07/13 00:16:25.997, 6, 100, 8526, 197.38
2026/07/13 00:16:25.997, 7, 24, 8526, 135.64
2026/07/13 00:16:26.999, 0, 100, 8526, 86.74
2026/07/13 00:16:27.001, 1, 48, 8526, 73.82
2026/07/13 00:16:27.001, 2, 98, 8526, 76.32
2026/07/13 00:16:27.001, 3, 93, 8526, 82.84
2026/07/13 00:16:27.001, 4, 100, 8526, 202.23
2026/07/13 00:16:27.001, 5, 72, 8526, 75.09
2026/07/13 00:16:27.001, 6, 65, 8526, 84.39
2026/07/13 00:16:27.001, 7, 100, 8526, 85.11
2026/07/13 00:16:28.003, 0, 5, 8526, 78.78
2026/07/13 00:16:28.008, 1, 4, 8526, 71.75
2026/07/13 00:16:28.008, 2, 5, 8526, 75.17
2026/07/13 00:16:28.018, 3, 5, 8526, 75.21
2026/07/13 00:16:28.028, 4, 5, 8526, 81.79
2026/07/13 00:16:28.028, 5, 3, 8526, 74.50
2026/07/13 00:16:28.029, 6, 4, 8526, 80.58
2026/07/13 00:16:28.029, 7, 5, 8526, 76.59
2026/07/13 00:16:29.039, 0, 12, 8526, 62.16
2026/07/13 00:16:29.041, 1, 12, 8526, 58.67
2026/07/13 00:16:29.041, 2, 12, 8526, 59.27
2026/07/13 00:16:29.041, 3, 8, 8526, 60.56
2026/07/13 00:16:29.041, 4, 9, 8526, 64.43
2026/07/13 00:16:29.041, 5, 12, 8526, 60.09
2026/07/13 00:16:29.041, 6, 12, 8526, 63.91
2026/07/13 00:16:29.041, 7, 11, 8526, 60.75
2026/07/13 00:16:30.042, 0, 5, 8526, 78.51
2026/07/13 00:16:30.048, 1, 6, 8526, 57.68
2026/07/13 00:16:30.048, 2, 6, 8526, 61.62
2026/07/13 00:16:30.048, 3, 12, 8526, 70.26
2026/07/13 00:16:30.048, 4, 7, 8526, 73.52
2026/07/13 00:16:30.049, 5, 5, 8526, 73.62
2026/07/13 00:16:30.049, 6, 5, 8526, 80.06
2026/07/13 00:16:30.049, 7, 6, 8526, 76.05
2026/07/13 00:16:31.049, 0, 8, 8526, 79.38
2026/07/13 00:16:31.055, 1, 11, 8526, 58.34
2026/07/13 00:16:31.055, 2, 10, 8526, 62.23
2026/07/13 00:16:31.056, 3, 3, 8526, 70.80
2026/07/13 00:16:31.056, 4, 3, 8526, 73.85
2026/07/13 00:16:31.056, 5, 8, 8526, 74.50
2026/07/13 00:16:31.056, 6, 8, 8526, 80.93
2026/07/13 00:16:31.056, 7, 2, 8526, 76.32
2026/07/13 00:16:32.056, 0, 100, 8526, 84.67
2026/07/13 00:16:32.107, 1, 100, 8526, 79.38
2026/07/13 00:16:32.107, 2, 100, 8526, 80.14
2026/07/13 00:16:32.107, 3, 10, 8526, 61.76
2026/07/13 00:16:32.107, 4, 10, 8526, 63.83
2026/07/13 00:16:32.107, 5, 100, 8526, 80.33
2026/07/13 00:16:32.107, 6, 100, 8526, 86.74
2026/07/13 00:16:32.107, 7, 9, 8526, 63.42
