timestamp, index, power.draw [W], utilization.gpu [%], memory.used [MiB]
2026/08/05 19:41:39.253, 0, 66.34 W, 0 %, 549 MiB
2026/08/05 19:41:39.255, 1, 66.28 W, 0 %, 549 MiB
2026/08/05 19:41:39.256, 2, 66.40 W, 0 %, 549 MiB
2026/08/05 19:41:39.258, 3, 65.72 W, 0 %, 549 MiB
2026/08/05 19:41:39.260, 4, 66.40 W, 0 %, 549 MiB
2026/08/05 19:41:39.261, 5, 67.23 W, 0 %, 549 MiB
2026/08/05 19:41:39.262, 6, 67.02 W, 0 %, 549 MiB
2026/08/05 19:41:39.263, 7, 68.15 W, 0 %, 549 MiB
2026/08/05 19:41:39.465, 0, 66.34 W, 0 %, 549 MiB
2026/08/05 19:41:39.465, 1, 65.99 W, 0 %, 549 MiB
2026/08/05 19:41:39.465, 2, 66.40 W, 0 %, 549 MiB
2026/08/05 19:41:39.465, 3, 65.72 W, 0 %, 549 MiB
2026/08/05 19:41:39.465, 4, 66.40 W, 0 %, 549 MiB
2026/08/05 19:41:39.465, 5, 66.61 W, 0 %, 549 MiB
2026/08/05 19:41:39.465, 6, 67.35 W, 0 %, 549 MiB
2026/08/05 19:41:39.465, 7, 68.15 W, 0 %, 549 MiB
2026/08/05 19:41:39.665, 0, 66.61 W, 0 %, 549 MiB
2026/08/05 19:41:39.665, 1, 66.28 W, 0 %, 549 MiB
2026/08/05 19:41:39.665, 2, 66.68 W, 0 %, 549 MiB
2026/08/05 19:41:39.666, 3, 65.72 W, 0 %, 549 MiB
2026/08/05 19:41:39.666, 4, 66.40 W, 0 %, 549 MiB
2026/08/05 19:41:39.666, 5, 66.94 W, 0 %, 549 MiB
2026/08/05 19:41:39.666, 6, 67.02 W, 0 %, 549 MiB
2026/08/05 19:41:39.666, 7, 68.15 W, 0 %, 549 MiB
2026/08/05 19:41:39.866, 0, 66.01 W, 0 %, 549 MiB
2026/08/05 19:41:39.866, 1, 66.28 W, 0 %, 549 MiB
2026/08/05 19:41:39.866, 2, 66.40 W, 0 %, 549 MiB
2026/08/05 19:41:39.866, 3, 65.72 W, 0 %, 549 MiB
2026/08/05 19:41:39.866, 4, 66.40 W, 0 %, 549 MiB
2026/08/05 19:41:39.866, 5, 66.94 W, 0 %, 549 MiB
2026/08/05 19:41:39.866, 6, 67.02 W, 0 %, 549 MiB
2026/08/05 19:41:39.866, 7, 68.15 W, 0 %, 549 MiB
2026/08/05 19:41:40.067, 0, 66.61 W, 0 %, 549 MiB
2026/08/05 19:41:40.067, 1, 66.28 W, 0 %, 549 MiB
2026/08/05 19:41:40.068, 2, 66.68 W, 0 %, 549 MiB
2026/08/05 19:41:40.068, 3, 65.72 W, 0 %, 549 MiB
2026/08/05 19:41:40.068, 4, 66.40 W, 0 %, 549 MiB
2026/08/05 19:41:40.068, 5, 66.94 W, 0 %, 549 MiB
2026/08/05 19:41:40.068, 6, 67.02 W, 0 %, 549 MiB
2026/08/05 19:41:40.068, 7, 68.15 W, 0 %, 549 MiB
2026/08/05 19:41:40.269, 0, 66.34 W, 0 %, 549 MiB
2026/08/05 19:41:40.269, 1, 65.99 W, 0 %, 549 MiB
2026/08/05 19:41:40.269, 2, 66.40 W, 0 %, 549 MiB
2026/08/05 19:41:40.270, 3, 65.72 W, 0 %, 549 MiB
2026/08/05 19:41:40.270, 4, 66.40 W, 0 %, 549 MiB
2026/08/05 19:41:40.270, 5, 66.61 W, 0 %, 549 MiB
2026/08/05 19:41:40.270, 6, 67.02 W, 0 %, 549 MiB
2026/08/05 19:41:40.270, 7, 68.15 W, 0 %, 549 MiB
2026/08/05 19:41:40.470, 0, 66.34 W, 0 %, 549 MiB
2026/08/05 19:41:40.470, 1, 65.99 W, 0 %, 549 MiB
2026/08/05 19:41:40.470, 2, 66.40 W, 0 %, 549 MiB
2026/08/05 19:41:40.470, 3, 65.72 W, 0 %, 549 MiB
2026/08/05 19:41:40.470, 4, 66.40 W, 0 %, 549 MiB
2026/08/05 19:41:40.470, 5, 66.61 W, 0 %, 549 MiB
2026/08/05 19:41:40.470, 6, 67.02 W, 0 %, 549 MiB
2026/08/05 19:41:40.470, 7, 68.15 W, 0 %, 549 MiB
2026/08/05 19:41:40.671, 0, 66.34 W, 0 %, 549 MiB
2026/08/05 19:41:40.671, 1, 65.99 W, 0 %, 549 MiB
2026/08/05 19:41:40.671, 2, 66.40 W, 0 %, 549 MiB
2026/08/05 19:41:40.671, 3, 65.72 W, 0 %, 549 MiB
2026/08/05 19:41:40.671, 4, 66.40 W, 0 %, 549 MiB
2026/08/05 19:41:40.671, 5, 66.94 W, 0 %, 549 MiB
2026/08/05 19:41:40.671, 6, 67.02 W, 0 %, 549 MiB
2026/08/05 19:41:40.671, 7, 68.15 W, 0 %, 549 MiB
2026/08/05 19:41:40.871, 0, 66.34 W, 0 %, 549 MiB
2026/08/05 19:41:40.871, 1, 66.28 W, 0 %, 549 MiB
2026/08/05 19:41:40.871, 2, 66.40 W, 0 %, 549 MiB
2026/08/05 19:41:40.871, 3, 65.72 W, 0 %, 549 MiB
2026/08/05 19:41:40.872, 4, 66.40 W, 0 %, 549 MiB
2026/08/05 19:41:40.872, 5, 66.94 W, 0 %, 549 MiB
2026/08/05 19:41:40.872, 6, 67.02 W, 0 %, 549 MiB
2026/08/05 19:41:40.872, 7, 68.15 W, 0 %, 549 MiB
2026/08/05 19:41:41.072, 0, 66.34 W, 0 %, 549 MiB
2026/08/05 19:41:41.072, 1, 65.99 W, 0 %, 549 MiB
2026/08/05 19:41:41.072, 2, 66.40 W, 0 %, 549 MiB
2026/08/05 19:41:41.072, 3, 65.72 W, 0 %, 549 MiB
2026/08/05 19:41:41.073, 4, 66.40 W, 0 %, 549 MiB
2026/08/05 19:41:41.073, 5, 66.61 W, 0 %, 549 MiB
2026/08/05 19:41:41.073, 6, 67.02 W, 0 %, 549 MiB
2026/08/05 19:41:41.073, 7, 68.15 W, 0 %, 549 MiB
2026/08/05 19:41:41.273, 0, 66.34 W, 0 %, 549 MiB
2026/08/05 19:41:41.273, 1, 66.28 W, 0 %, 549 MiB
2026/08/05 19:41:41.273, 2, 66.40 W, 0 %, 549 MiB
2026/08/05 19:41:41.273, 3, 65.72 W, 0 %, 549 MiB
2026/08/05 19:41:41.273, 4, 66.68 W, 0 %, 549 MiB
2026/08/05 19:41:41.273, 5, 66.94 W, 0 %, 549 MiB
2026/08/05 19:41:41.273, 6, 67.35 W, 0 %, 549 MiB
2026/08/05 19:41:41.273, 7, 68.15 W, 0 %, 549 MiB
2026/08/05 19:41:41.474, 0, 66.34 W, 0 %, 549 MiB
2026/08/05 19:41:41.474, 1, 66.28 W, 0 %, 549 MiB
2026/08/05 19:41:41.474, 2, 66.40 W, 0 %, 549 MiB
2026/08/05 19:41:41.474, 3, 65.72 W, 0 %, 549 MiB
2026/08/05 19:41:41.474, 4, 66.40 W, 0 %, 549 MiB
2026/08/05 19:41:41.474, 5, 66.94 W, 0 %, 549 MiB
2026/08/05 19:41:41.474, 6, 67.02 W, 0 %, 549 MiB
2026/08/05 19:41:41.474, 7, 68.15 W, 0 %, 549 MiB
2026/08/05 19:41:41.674, 0, 66.61 W, 0 %, 549 MiB
2026/08/05 19:41:41.675, 1, 66.28 W, 0 %, 549 MiB
2026/08/05 19:41:41.675, 2, 66.68 W, 0 %, 549 MiB
2026/08/05 19:41:41.675, 3, 65.72 W, 0 %, 549 MiB
2026/08/05 19:41:41.675, 4, 66.40 W, 0 %, 549 MiB
2026/08/05 19:41:41.675, 5, 66.94 W, 0 %, 549 MiB
2026/08/05 19:41:41.676, 6, 67.02 W, 0 %, 549 MiB
2026/08/05 19:41:41.676, 7, 68.15 W, 0 %, 549 MiB
2026/08/05 19:41:41.877, 0, 66.34 W, 0 %, 549 MiB
2026/08/05 19:41:41.877, 1, 65.99 W, 0 %, 549 MiB
2026/08/05 19:41:41.877, 2, 66.40 W, 0 %, 549 MiB
2026/08/05 19:41:41.877, 3, 65.72 W, 0 %, 549 MiB
2026/08/05 19:41:41.877, 4, 66.40 W, 0 %, 549 MiB
2026/08/05 19:41:41.877, 5, 66.61 W, 0 %, 549 MiB
2026/08/05 19:41:41.877, 6, 67.02 W, 0 %, 549 MiB
2026/08/05 19:41:41.877, 7, 68.15 W, 0 %, 549 MiB
2026/08/05 19:41:42.077, 0, 66.34 W, 0 %, 549 MiB
2026/08/05 19:41:42.077, 1, 66.28 W, 0 %, 549 MiB
2026/08/05 19:41:42.077, 2, 66.40 W, 0 %, 549 MiB
2026/08/05 19:41:42.078, 3, 65.72 W, 0 %, 549 MiB
2026/08/05 19:41:42.078, 4, 66.40 W, 0 %, 549 MiB
2026/08/05 19:41:42.078, 5, 66.61 W, 0 %, 549 MiB
2026/08/05 19:41:42.078, 6, 67.68 W, 0 %, 549 MiB
2026/08/05 19:41:42.078, 7, 68.15 W, 0 %, 549 MiB
2026/08/05 19:41:42.278, 0, 66.34 W, 0 %, 549 MiB
2026/08/05 19:41:42.278, 1, 66.28 W, 0 %, 549 MiB
2026/08/05 19:41:42.278, 2, 66.40 W, 0 %, 549 MiB
2026/08/05 19:41:42.278, 3, 65.72 W, 0 %, 549 MiB
2026/08/05 19:41:42.278, 4, 66.40 W, 0 %, 549 MiB
2026/08/05 19:41:42.278, 5, 66.94 W, 0 %, 549 MiB
2026/08/05 19:41:42.278, 6, 67.02 W, 0 %, 549 MiB
2026/08/05 19:41:42.278, 7, 68.15 W, 0 %, 549 MiB
2026/08/05 19:41:42.479, 0, 66.34 W, 0 %, 549 MiB
2026/08/05 19:41:42.479, 1, 66.28 W, 0 %, 549 MiB
2026/08/05 19:41:42.479, 2, 66.40 W, 0 %, 549 MiB
2026/08/05 19:41:42.479, 3, 65.72 W, 0 %, 549 MiB
2026/08/05 19:41:42.479, 4, 66.40 W, 0 %, 549 MiB
2026/08/05 19:41:42.479, 5, 66.94 W, 0 %, 549 MiB
2026/08/05 19:41:42.480, 6, 67.02 W, 0 %, 549 MiB
2026/08/05 19:41:42.481, 7, 68.15 W, 0 %, 549 MiB
2026/08/05 19:41:42.681, 0, 66.34 W, 0 %, 549 MiB
2026/08/05 19:41:42.681, 1, 66.28 W, 0 %, 549 MiB
2026/08/05 19:41:42.681, 2, 66.40 W, 0 %, 549 MiB
2026/08/05 19:41:42.681, 3, 65.72 W, 0 %, 549 MiB
2026/08/05 19:41:42.681, 4, 66.40 W, 0 %, 549 MiB
2026/08/05 19:41:42.682, 5, 66.94 W, 0 %, 549 MiB
2026/08/05 19:41:42.682, 6, 67.02 W, 0 %, 549 MiB
2026/08/05 19:41:42.682, 7, 68.15 W, 0 %, 549 MiB
2026/08/05 19:41:42.882, 0, 66.34 W, 0 %, 549 MiB
2026/08/05 19:41:42.882, 1, 66.28 W, 0 %, 549 MiB
2026/08/05 19:41:42.882, 2, 66.68 W, 0 %, 549 MiB
2026/08/05 19:41:42.882, 3, 65.72 W, 0 %, 549 MiB
2026/08/05 19:41:42.883, 4, 66.68 W, 0 %, 549 MiB
2026/08/05 19:41:42.883, 5, 67.23 W, 0 %, 549 MiB
2026/08/05 19:41:42.883, 6, 67.02 W, 0 %, 549 MiB
2026/08/05 19:41:42.883, 7, 68.15 W, 0 %, 549 MiB
2026/08/05 19:41:43.083, 0, 66.34 W, 0 %, 549 MiB
2026/08/05 19:41:43.083, 1, 66.28 W, 0 %, 549 MiB
2026/08/05 19:41:43.083, 2, 66.40 W, 0 %, 549 MiB
2026/08/05 19:41:43.083, 3, 65.72 W, 0 %, 549 MiB
2026/08/05 19:41:43.083, 4, 66.40 W, 0 %, 549 MiB
2026/08/05 19:41:43.083, 5, 66.61 W, 0 %, 549 MiB
2026/08/05 19:41:43.083, 6, 67.02 W, 0 %, 549 MiB
2026/08/05 19:41:43.083, 7, 68.15 W, 0 %, 549 MiB
2026/08/05 19:41:43.284, 0, 66.34 W, 0 %, 549 MiB
2026/08/05 19:41:43.284, 1, 66.28 W, 0 %, 549 MiB
2026/08/05 19:41:43.284, 2, 66.40 W, 0 %, 549 MiB
2026/08/05 19:41:43.284, 3, 65.72 W, 0 %, 549 MiB
2026/08/05 19:41:43.284, 4, 66.40 W, 0 %, 549 MiB
2026/08/05 19:41:43.284, 5, 66.94 W, 0 %, 549 MiB
2026/08/05 19:41:43.284, 6, 67.02 W, 0 %, 549 MiB
2026/08/05 19:41:43.284, 7, 68.15 W, 0 %, 549 MiB
2026/08/05 19:41:43.484, 0, 66.34 W, 0 %, 549 MiB
2026/08/05 19:41:43.484, 1, 66.61 W, 0 %, 549 MiB
2026/08/05 19:41:43.485, 2, 66.40 W, 0 %, 549 MiB
2026/08/05 19:41:43.485, 3, 65.72 W, 0 %, 549 MiB
2026/08/05 19:41:43.485, 4, 66.40 W, 0 %, 549 MiB
2026/08/05 19:41:43.485, 5, 66.61 W, 0 %, 549 MiB
2026/08/05 19:41:43.485, 6, 67.02 W, 0 %, 549 MiB
2026/08/05 19:41:43.485, 7, 68.15 W, 0 %, 549 MiB
2026/08/05 19:41:43.685, 0, 66.34 W, 0 %, 549 MiB
2026/08/05 19:41:43.685, 1, 66.28 W, 0 %, 549 MiB
2026/08/05 19:41:43.685, 2, 66.68 W, 0 %, 549 MiB
2026/08/05 19:41:43.685, 3, 65.72 W, 0 %, 549 MiB
2026/08/05 19:41:43.685, 4, 66.40 W, 0 %, 549 MiB
2026/08/05 19:41:43.686, 5, 66.94 W, 0 %, 549 MiB
2026/08/05 19:41:43.686, 6, 67.02 W, 0 %, 549 MiB
2026/08/05 19:41:43.686, 7, 68.15 W, 0 %, 549 MiB
2026/08/05 19:41:43.886, 0, 66.34 W, 0 %, 549 MiB
2026/08/05 19:41:43.886, 1, 66.28 W, 0 %, 549 MiB
2026/08/05 19:41:43.886, 2, 66.40 W, 0 %, 549 MiB
2026/08/05 19:41:43.886, 3, 65.72 W, 0 %, 549 MiB
2026/08/05 19:41:43.886, 4, 66.40 W, 0 %, 549 MiB
2026/08/05 19:41:43.886, 5, 66.94 W, 0 %, 549 MiB
2026/08/05 19:41:43.886, 6, 67.02 W, 0 %, 549 MiB
2026/08/05 19:41:43.886, 7, 68.15 W, 0 %, 549 MiB
2026/08/05 19:41:44.086, 0, 66.34 W, 0 %, 549 MiB
2026/08/05 19:41:44.086, 1, 66.28 W, 0 %, 549 MiB
2026/08/05 19:41:44.087, 2, 66.40 W, 0 %, 549 MiB
2026/08/05 19:41:44.087, 3, 65.72 W, 0 %, 549 MiB
2026/08/05 19:41:44.087, 4, 66.40 W, 0 %, 549 MiB
2026/08/05 19:41:44.087, 5, 66.94 W, 0 %, 549 MiB
2026/08/05 19:41:44.087, 6, 67.02 W, 0 %, 549 MiB
2026/08/05 19:41:44.087, 7, 68.15 W, 0 %, 549 MiB
2026/08/05 19:41:44.287, 0, 66.34 W, 0 %, 549 MiB
2026/08/05 19:41:44.287, 1, 66.61 W, 0 %, 549 MiB
2026/08/05 19:41:44.287, 2, 66.40 W, 0 %, 549 MiB
2026/08/05 19:41:44.287, 3, 65.72 W, 0 %, 549 MiB
2026/08/05 19:41:44.287, 4, 66.40 W, 0 %, 549 MiB
2026/08/05 19:41:44.288, 5, 66.94 W, 0 %, 549 MiB
2026/08/05 19:41:44.288, 6, 67.02 W, 0 %, 549 MiB
2026/08/05 19:41:44.288, 7, 68.15 W, 0 %, 549 MiB
2026/08/05 19:41:44.488, 0, 66.34 W, 0 %, 549 MiB
2026/08/05 19:41:44.488, 1, 66.28 W, 0 %, 549 MiB
2026/08/05 19:41:44.488, 2, 66.61 W, 0 %, 549 MiB
2026/08/05 19:41:44.488, 3, 65.72 W, 0 %, 549 MiB
2026/08/05 19:41:44.488, 4, 66.40 W, 0 %, 549 MiB
2026/08/05 19:41:44.489, 5, 67.23 W, 0 %, 549 MiB
2026/08/05 19:41:44.489, 6, 67.02 W, 0 %, 549 MiB
2026/08/05 19:41:44.489, 7, 68.15 W, 0 %, 549 MiB
2026/08/05 19:41:44.689, 0, 66.34 W, 0 %, 549 MiB
2026/08/05 19:41:44.689, 1, 66.28 W, 0 %, 549 MiB
2026/08/05 19:41:44.689, 2, 66.40 W, 0 %, 549 MiB
2026/08/05 19:41:44.689, 3, 65.72 W, 0 %, 549 MiB
2026/08/05 19:41:44.689, 4, 66.40 W, 0 %, 549 MiB
2026/08/05 19:41:44.689, 5, 66.94 W, 0 %, 549 MiB
2026/08/05 19:41:44.689, 6, 67.02 W, 0 %, 549 MiB
2026/08/05 19:41:44.689, 7, 68.15 W, 0 %, 549 MiB
2026/08/05 19:41:44.889, 0, 66.34 W, 0 %, 549 MiB
2026/08/05 19:41:44.890, 1, 66.28 W, 0 %, 549 MiB
2026/08/05 19:41:44.891, 2, 66.40 W, 0 %, 549 MiB
2026/08/05 19:41:44.891, 3, 65.72 W, 0 %, 549 MiB
2026/08/05 19:41:44.891, 4, 66.40 W, 0 %, 549 MiB
2026/08/05 19:41:44.891, 5, 66.61 W, 0 %, 549 MiB
2026/08/05 19:41:44.891, 6, 67.02 W, 0 %, 549 MiB
2026/08/05 19:41:44.891, 7, 68.15 W, 0 %, 549 MiB
2026/08/05 19:41:45.091, 0, 66.34 W, 0 %, 549 MiB
2026/08/05 19:41:45.092, 1, 66.61 W, 0 %, 549 MiB
2026/08/05 19:41:45.092, 2, 66.40 W, 0 %, 549 MiB
2026/08/05 19:41:45.092, 3, 65.72 W, 0 %, 549 MiB
2026/08/05 19:41:45.092, 4, 66.40 W, 0 %, 549 MiB
2026/08/05 19:41:45.092, 5, 66.94 W, 0 %, 549 MiB
2026/08/05 19:41:45.092, 6, 67.02 W, 0 %, 549 MiB
2026/08/05 19:41:45.092, 7, 68.15 W, 0 %, 549 MiB
2026/08/05 19:41:45.292, 0, 66.34 W, 0 %, 549 MiB
2026/08/05 19:41:45.292, 1, 66.28 W, 0 %, 549 MiB
2026/08/05 19:41:45.293, 2, 66.40 W, 0 %, 549 MiB
2026/08/05 19:41:45.293, 3, 66.01 W, 0 %, 549 MiB
2026/08/05 19:41:45.293, 4, 66.40 W, 0 %, 549 MiB
2026/08/05 19:41:45.293, 5, 66.94 W, 0 %, 549 MiB
2026/08/05 19:41:45.293, 6, 67.02 W, 0 %, 549 MiB
2026/08/05 19:41:45.293, 7, 68.15 W, 0 %, 549 MiB
2026/08/05 19:41:45.493, 0, 66.34 W, 0 %, 549 MiB
2026/08/05 19:41:45.493, 1, 66.28 W, 0 %, 549 MiB
2026/08/05 19:41:45.493, 2, 66.40 W, 0 %, 549 MiB
2026/08/05 19:41:45.493, 3, 65.72 W, 0 %, 549 MiB
2026/08/05 19:41:45.493, 4, 66.40 W, 0 %, 549 MiB
2026/08/05 19:41:45.493, 5, 66.94 W, 0 %, 549 MiB
2026/08/05 19:41:45.494, 6, 66.74 W, 0 %, 549 MiB
2026/08/05 19:41:45.494, 7, 68.15 W, 0 %, 549 MiB
2026/08/05 19:41:45.694, 0, 66.34 W, 0 %, 549 MiB
2026/08/05 19:41:45.694, 1, 66.28 W, 0 %, 549 MiB
2026/08/05 19:41:45.694, 2, 66.68 W, 0 %, 549 MiB
2026/08/05 19:41:45.694, 3, 65.72 W, 0 %, 549 MiB
2026/08/05 19:41:45.694, 4, 66.68 W, 0 %, 549 MiB
2026/08/05 19:41:45.703, 5, 67.23 W, 0 %, 549 MiB
2026/08/05 19:41:45.703, 6, 67.02 W, 0 %, 549 MiB
2026/08/05 19:41:45.703, 7, 68.43 W, 0 %, 549 MiB
2026/08/05 19:41:45.903, 0, 66.34 W, 0 %, 549 MiB
2026/08/05 19:41:45.903, 1, 66.28 W, 0 %, 549 MiB
2026/08/05 19:41:45.903, 2, 66.40 W, 0 %, 549 MiB
2026/08/05 19:41:45.903, 3, 65.72 W, 0 %, 549 MiB
2026/08/05 19:41:45.903, 4, 66.40 W, 0 %, 549 MiB
2026/08/05 19:41:45.903, 5, 66.94 W, 0 %, 549 MiB
2026/08/05 19:41:45.903, 6, 67.02 W, 0 %, 549 MiB
2026/08/05 19:41:45.904, 7, 68.15 W, 0 %, 549 MiB
2026/08/05 19:41:46.104, 0, 66.34 W, 0 %, 549 MiB
2026/08/05 19:41:46.104, 1, 66.28 W, 0 %, 549 MiB
2026/08/05 19:41:46.104, 2, 66.40 W, 0 %, 549 MiB
2026/08/05 19:41:46.104, 3, 65.72 W, 0 %, 549 MiB
2026/08/05 19:41:46.104, 4, 66.40 W, 0 %, 549 MiB
2026/08/05 19:41:46.104, 5, 66.94 W, 0 %, 549 MiB
2026/08/05 19:41:46.104, 6, 67.02 W, 0 %, 549 MiB
2026/08/05 19:41:46.104, 7, 68.15 W, 0 %, 549 MiB
2026/08/05 19:41:46.304, 0, 66.34 W, 0 %, 549 MiB
2026/08/05 19:41:46.305, 1, 66.28 W, 0 %, 549 MiB
2026/08/05 19:41:46.305, 2, 66.40 W, 0 %, 549 MiB
2026/08/05 19:41:46.305, 3, 65.72 W, 0 %, 549 MiB
2026/08/05 19:41:46.305, 4, 66.40 W, 0 %, 549 MiB
2026/08/05 19:41:46.305, 5, 67.23 W, 0 %, 549 MiB
2026/08/05 19:41:46.305, 6, 67.02 W, 0 %, 549 MiB
2026/08/05 19:41:46.305, 7, 68.15 W, 0 %, 549 MiB
2026/08/05 19:41:46.505, 0, 66.34 W, 0 %, 549 MiB
2026/08/05 19:41:46.505, 1, 66.28 W, 0 %, 549 MiB
2026/08/05 19:41:46.505, 2, 66.40 W, 0 %, 549 MiB
2026/08/05 19:41:46.505, 3, 65.72 W, 0 %, 549 MiB
2026/08/05 19:41:46.505, 4, 66.68 W, 0 %, 549 MiB
2026/08/05 19:41:46.505, 5, 67.23 W, 0 %, 549 MiB
2026/08/05 19:41:46.505, 6, 67.02 W, 0 %, 549 MiB
2026/08/05 19:41:46.506, 7, 68.15 W, 0 %, 549 MiB
2026/08/05 19:41:46.706, 0, 66.34 W, 0 %, 549 MiB
2026/08/05 19:41:46.706, 1, 66.28 W, 0 %, 549 MiB
2026/08/05 19:41:46.706, 2, 66.40 W, 0 %, 549 MiB
2026/08/05 19:41:46.706, 3, 65.72 W, 0 %, 549 MiB
2026/08/05 19:41:46.707, 4, 66.40 W, 0 %, 549 MiB
2026/08/05 19:41:46.707, 5, 67.23 W, 0 %, 549 MiB
2026/08/05 19:41:46.707, 6, 67.02 W, 0 %, 549 MiB
2026/08/05 19:41:46.707, 7, 68.15 W, 0 %, 549 MiB
2026/08/05 19:41:46.907, 0, 66.34 W, 0 %, 549 MiB
2026/08/05 19:41:46.907, 1, 66.28 W, 0 %, 549 MiB
2026/08/05 19:41:46.907, 2, 66.40 W, 0 %, 549 MiB
2026/08/05 19:41:46.907, 3, 65.72 W, 0 %, 549 MiB
2026/08/05 19:41:46.907, 4, 66.40 W, 0 %, 549 MiB
2026/08/05 19:41:46.907, 5, 67.23 W, 0 %, 549 MiB
2026/08/05 19:41:46.908, 6, 67.02 W, 0 %, 549 MiB
2026/08/05 19:41:46.908, 7, 68.15 W, 0 %, 549 MiB
2026/08/05 19:41:47.108, 0, 66.34 W, 0 %, 549 MiB
2026/08/05 19:41:47.108, 1, 66.28 W, 0 %, 549 MiB
2026/08/05 19:41:47.109, 2, 66.40 W, 0 %, 549 MiB
2026/08/05 19:41:47.109, 3, 65.72 W, 0 %, 549 MiB
2026/08/05 19:41:47.109, 4, 66.40 W, 0 %, 549 MiB
2026/08/05 19:41:47.109, 5, 67.23 W, 0 %, 549 MiB
2026/08/05 19:41:47.109, 6, 67.02 W, 0 %, 549 MiB
2026/08/05 19:41:47.109, 7, 68.15 W, 0 %, 549 MiB
2026/08/05 19:41:47.309, 0, 66.34 W, 0 %, 549 MiB
2026/08/05 19:41:47.309, 1, 66.28 W, 0 %, 549 MiB
2026/08/05 19:41:47.310, 2, 66.40 W, 0 %, 549 MiB
2026/08/05 19:41:47.310, 3, 65.72 W, 0 %, 549 MiB
2026/08/05 19:41:47.310, 4, 66.40 W, 0 %, 549 MiB
2026/08/05 19:41:47.310, 5, 66.94 W, 0 %, 549 MiB
2026/08/05 19:41:47.310, 6, 67.02 W, 0 %, 549 MiB
2026/08/05 19:41:47.310, 7, 68.15 W, 0 %, 549 MiB
2026/08/05 19:41:47.510, 0, 66.34 W, 0 %, 549 MiB
2026/08/05 19:41:47.510, 1, 66.28 W, 0 %, 549 MiB
2026/08/05 19:41:47.511, 2, 66.40 W, 0 %, 549 MiB
2026/08/05 19:41:47.511, 3, 66.34 W, 0 %, 549 MiB
2026/08/05 19:41:47.511, 4, 66.40 W, 0 %, 549 MiB
2026/08/05 19:41:47.511, 5, 67.23 W, 0 %, 549 MiB
2026/08/05 19:41:47.511, 6, 67.02 W, 0 %, 549 MiB
2026/08/05 19:41:47.511, 7, 68.15 W, 0 %, 549 MiB
2026/08/05 19:41:47.711, 0, 66.34 W, 0 %, 549 MiB
2026/08/05 19:41:47.711, 1, 66.28 W, 0 %, 549 MiB
2026/08/05 19:41:47.711, 2, 66.40 W, 0 %, 549 MiB
2026/08/05 19:41:47.712, 3, 65.72 W, 0 %, 549 MiB
2026/08/05 19:41:47.712, 4, 66.68 W, 0 %, 549 MiB
2026/08/05 19:41:47.712, 5, 67.23 W, 0 %, 549 MiB
2026/08/05 19:41:47.712, 6, 67.02 W, 0 %, 549 MiB
2026/08/05 19:41:47.712, 7, 68.15 W, 0 %, 549 MiB
2026/08/05 19:41:47.912, 0, 66.34 W, 0 %, 549 MiB
2026/08/05 19:41:47.912, 1, 66.28 W, 0 %, 549 MiB
2026/08/05 19:41:47.912, 2, 66.40 W, 0 %, 549 MiB
2026/08/05 19:41:47.912, 3, 66.01 W, 0 %, 549 MiB
2026/08/05 19:41:47.912, 4, 66.40 W, 0 %, 549 MiB
2026/08/05 19:41:47.912, 5, 66.94 W, 0 %, 549 MiB
2026/08/05 19:41:47.912, 6, 67.02 W, 0 %, 549 MiB
2026/08/05 19:41:47.913, 7, 68.15 W, 0 %, 549 MiB
2026/08/05 19:41:48.113, 0, 66.34 W, 0 %, 549 MiB
2026/08/05 19:41:48.113, 1, 66.28 W, 0 %, 549 MiB
2026/08/05 19:41:48.113, 2, 66.34 W, 0 %, 549 MiB
2026/08/05 19:41:48.113, 3, 65.72 W, 0 %, 549 MiB
2026/08/05 19:41:48.113, 4, 66.40 W, 0 %, 549 MiB
2026/08/05 19:41:48.113, 5, 67.23 W, 0 %, 549 MiB
2026/08/05 19:41:48.114, 6, 67.02 W, 0 %, 549 MiB
2026/08/05 19:41:48.114, 7, 68.15 W, 0 %, 549 MiB
2026/08/05 19:41:48.314, 0, 66.34 W, 0 %, 549 MiB
2026/08/05 19:41:48.314, 1, 66.28 W, 0 %, 549 MiB
2026/08/05 19:41:48.314, 2, 66.68 W, 0 %, 549 MiB
2026/08/05 19:41:48.314, 3, 66.01 W, 0 %, 549 MiB
2026/08/05 19:41:48.314, 4, 66.40 W, 0 %, 549 MiB
2026/08/05 19:41:48.314, 5, 67.23 W, 0 %, 549 MiB
2026/08/05 19:41:48.314, 6, 67.02 W, 0 %, 549 MiB
2026/08/05 19:41:48.314, 7, 68.15 W, 0 %, 549 MiB
2026/08/05 19:41:48.515, 0, 66.34 W, 0 %, 549 MiB
2026/08/05 19:41:48.515, 1, 66.28 W, 0 %, 549 MiB
2026/08/05 19:41:48.515, 2, 66.40 W, 0 %, 549 MiB
2026/08/05 19:41:48.515, 3, 66.01 W, 0 %, 549 MiB
2026/08/05 19:41:48.515, 4, 66.40 W, 0 %, 549 MiB
2026/08/05 19:41:48.515, 5, 67.23 W, 0 %, 549 MiB
2026/08/05 19:41:48.515, 6, 67.02 W, 0 %, 549 MiB
2026/08/05 19:41:48.515, 7, 68.15 W, 0 %, 549 MiB
2026/08/05 19:41:48.715, 0, 66.61 W, 0 %, 549 MiB
2026/08/05 19:41:48.715, 1, 66.28 W, 0 %, 549 MiB
2026/08/05 19:41:48.715, 2, 66.68 W, 0 %, 549 MiB
2026/08/05 19:41:48.715, 3, 65.72 W, 0 %, 549 MiB
2026/08/05 19:41:48.716, 4, 66.40 W, 0 %, 549 MiB
2026/08/05 19:41:48.716, 5, 66.94 W, 0 %, 549 MiB
2026/08/05 19:41:48.716, 6, 67.02 W, 0 %, 549 MiB
2026/08/05 19:41:48.716, 7, 68.15 W, 0 %, 549 MiB
2026/08/05 19:41:48.916, 0, 66.34 W, 0 %, 549 MiB
2026/08/05 19:41:48.916, 1, 66.28 W, 0 %, 549 MiB
2026/08/05 19:41:48.917, 2, 66.68 W, 0 %, 549 MiB
2026/08/05 19:41:48.917, 3, 65.72 W, 0 %, 549 MiB
2026/08/05 19:41:48.917, 4, 66.40 W, 0 %, 549 MiB
2026/08/05 19:41:48.917, 5, 67.23 W, 0 %, 549 MiB
2026/08/05 19:41:48.918, 6, 67.02 W, 0 %, 549 MiB
2026/08/05 19:41:48.918, 7, 68.15 W, 0 %, 549 MiB
2026/08/05 19:41:49.118, 0, 66.34 W, 0 %, 549 MiB
2026/08/05 19:41:49.118, 1, 66.28 W, 0 %, 549 MiB
2026/08/05 19:41:49.118, 2, 67.01 W, 0 %, 549 MiB
2026/08/05 19:41:49.118, 3, 66.01 W, 0 %, 549 MiB
2026/08/05 19:41:49.118, 4, 66.40 W, 0 %, 549 MiB
2026/08/05 19:41:49.118, 5, 67.56 W, 0 %, 549 MiB
2026/08/05 19:41:49.118, 6, 67.02 W, 0 %, 549 MiB
2026/08/05 19:41:49.118, 7, 68.15 W, 0 %, 549 MiB
2026/08/05 19:41:49.318, 0, 66.34 W, 0 %, 549 MiB
2026/08/05 19:41:49.319, 1, 66.28 W, 0 %, 549 MiB
2026/08/05 19:41:49.319, 2, 66.68 W, 0 %, 549 MiB
2026/08/05 19:41:49.319, 3, 65.72 W, 0 %, 549 MiB
2026/08/05 19:41:49.319, 4, 66.40 W, 0 %, 549 MiB
2026/08/05 19:41:49.319, 5, 67.23 W, 0 %, 549 MiB
2026/08/05 19:41:49.319, 6, 67.02 W, 0 %, 549 MiB
2026/08/05 19:41:49.319, 7, 69.03 W, 0 %, 549 MiB
2026/08/05 19:41:49.519, 0, 66.34 W, 0 %, 549 MiB
2026/08/05 19:41:49.519, 1, 66.61 W, 0 %, 549 MiB
2026/08/05 19:41:49.519, 2, 66.40 W, 0 %, 549 MiB
2026/08/05 19:41:49.519, 3, 66.01 W, 0 %, 549 MiB
2026/08/05 19:41:49.519, 4, 66.40 W, 0 %, 549 MiB
2026/08/05 19:41:49.519, 5, 66.94 W, 0 %, 549 MiB
2026/08/05 19:41:49.520, 6, 67.02 W, 0 %, 549 MiB
2026/08/05 19:41:49.520, 7, 68.15 W, 0 %, 549 MiB
2026/08/05 19:41:49.720, 0, 66.34 W, 0 %, 549 MiB
2026/08/05 19:41:49.720, 1, 66.28 W, 0 %, 549 MiB
2026/08/05 19:41:49.720, 2, 66.68 W, 0 %, 549 MiB
2026/08/05 19:41:49.720, 3, 65.72 W, 0 %, 549 MiB
2026/08/05 19:41:49.720, 4, 66.40 W, 0 %, 549 MiB
2026/08/05 19:41:49.720, 5, 67.23 W, 0 %, 549 MiB
2026/08/05 19:41:49.720, 6, 67.02 W, 0 %, 549 MiB
2026/08/05 19:41:49.720, 7, 68.43 W, 0 %, 549 MiB
2026/08/05 19:41:49.920, 0, 66.34 W, 0 %, 549 MiB
2026/08/05 19:41:49.921, 1, 66.28 W, 0 %, 549 MiB
2026/08/05 19:41:49.921, 2, 66.40 W, 0 %, 549 MiB
2026/08/05 19:41:49.921, 3, 65.72 W, 0 %, 549 MiB
2026/08/05 19:41:49.921, 4, 66.40 W, 0 %, 549 MiB
2026/08/05 19:41:49.921, 5, 66.94 W, 0 %, 549 MiB
2026/08/05 19:41:49.921, 6, 67.02 W, 0 %, 549 MiB
2026/08/05 19:41:49.921, 7, 68.15 W, 0 %, 549 MiB
2026/08/05 19:41:50.121, 0, 66.61 W, 0 %, 549 MiB
2026/08/05 19:41:50.121, 1, 66.28 W, 0 %, 549 MiB
2026/08/05 19:41:50.121, 2, 67.01 W, 0 %, 549 MiB
2026/08/05 19:41:50.121, 3, 65.72 W, 0 %, 549 MiB
2026/08/05 19:41:50.121, 4, 66.40 W, 0 %, 549 MiB
2026/08/05 19:41:50.121, 5, 67.56 W, 0 %, 549 MiB
2026/08/05 19:41:50.121, 6, 67.02 W, 0 %, 549 MiB
2026/08/05 19:41:50.121, 7, 68.43 W, 0 %, 549 MiB
2026/08/05 19:41:50.322, 0, 66.34 W, 0 %, 549 MiB
2026/08/05 19:41:50.322, 1, 66.28 W, 0 %, 549 MiB
2026/08/05 19:41:50.322, 2, 66.68 W, 0 %, 549 MiB
2026/08/05 19:41:50.322, 3, 66.01 W, 0 %, 549 MiB
2026/08/05 19:41:50.322, 4, 66.40 W, 0 %, 549 MiB
2026/08/05 19:41:50.322, 5, 66.94 W, 0 %, 549 MiB
2026/08/05 19:41:50.322, 6, 67.02 W, 0 %, 549 MiB
2026/08/05 19:41:50.322, 7, 68.43 W, 0 %, 549 MiB
2026/08/05 19:41:50.522, 0, 66.34 W, 0 %, 549 MiB
2026/08/05 19:41:50.522, 1, 66.28 W, 0 %, 549 MiB
2026/08/05 19:41:50.523, 2, 66.68 W, 0 %, 549 MiB
2026/08/05 19:41:50.523, 3, 65.72 W, 0 %, 549 MiB
2026/08/05 19:41:50.523, 4, 66.40 W, 0 %, 549 MiB
2026/08/05 19:41:50.523, 5, 66.94 W, 0 %, 549 MiB
2026/08/05 19:41:50.523, 6, 67.02 W, 0 %, 549 MiB
2026/08/05 19:41:50.523, 7, 68.15 W, 0 %, 549 MiB
2026/08/05 19:41:50.723, 0, 66.34 W, 0 %, 549 MiB
2026/08/05 19:41:50.723, 1, 66.28 W, 0 %, 549 MiB
2026/08/05 19:41:50.723, 2, 66.40 W, 0 %, 549 MiB
2026/08/05 19:41:50.723, 3, 65.72 W, 0 %, 549 MiB
2026/08/05 19:41:50.724, 4, 66.40 W, 0 %, 549 MiB
2026/08/05 19:41:50.724, 5, 67.23 W, 0 %, 549 MiB
2026/08/05 19:41:50.724, 6, 67.02 W, 0 %, 549 MiB
2026/08/05 19:41:50.724, 7, 68.15 W, 0 %, 549 MiB
2026/08/05 19:41:50.924, 0, 66.34 W, 0 %, 549 MiB
2026/08/05 19:41:50.924, 1, 65.99 W, 0 %, 549 MiB
2026/08/05 19:41:50.924, 2, 66.68 W, 0 %, 549 MiB
2026/08/05 19:41:50.924, 3, 65.72 W, 0 %, 549 MiB
2026/08/05 19:41:50.924, 4, 66.40 W, 0 %, 549 MiB
2026/08/05 19:41:50.924, 5, 67.56 W, 0 %, 549 MiB
2026/08/05 19:41:50.924, 6, 67.02 W, 0 %, 549 MiB
2026/08/05 19:41:50.925, 7, 68.43 W, 0 %, 549 MiB
2026/08/05 19:41:51.125, 0, 66.34 W, 0 %, 549 MiB
2026/08/05 19:41:51.125, 1, 65.99 W, 0 %, 549 MiB
2026/08/05 19:41:51.125, 2, 66.40 W, 0 %, 549 MiB
2026/08/05 19:41:51.125, 3, 65.72 W, 0 %, 549 MiB
2026/08/05 19:41:51.125, 4, 66.40 W, 0 %, 549 MiB
2026/08/05 19:41:51.125, 5, 66.94 W, 0 %, 549 MiB
2026/08/05 19:41:51.125, 6, 67.02 W, 0 %, 549 MiB
2026/08/05 19:41:51.125, 7, 68.43 W, 0 %, 549 MiB
2026/08/05 19:41:51.325, 0, 66.34 W, 0 %, 549 MiB
2026/08/05 19:41:51.326, 1, 65.99 W, 0 %, 549 MiB
2026/08/05 19:41:51.326, 2, 66.40 W, 0 %, 549 MiB
2026/08/05 19:41:51.326, 3, 65.72 W, 0 %, 549 MiB
2026/08/05 19:41:51.326, 4, 66.68 W, 0 %, 549 MiB
2026/08/05 19:41:51.326, 5, 67.23 W, 0 %, 549 MiB
2026/08/05 19:41:51.326, 6, 67.02 W, 0 %, 549 MiB
2026/08/05 19:41:51.326, 7, 68.15 W, 0 %, 549 MiB
2026/08/05 19:41:51.526, 0, 66.34 W, 0 %, 549 MiB
2026/08/05 19:41:51.526, 1, 65.99 W, 0 %, 549 MiB
2026/08/05 19:41:51.526, 2, 66.40 W, 0 %, 549 MiB
2026/08/05 19:41:51.526, 3, 65.72 W, 0 %, 549 MiB
2026/08/05 19:41:51.526, 4, 66.40 W, 0 %, 549 MiB
2026/08/05 19:41:51.526, 5, 66.94 W, 0 %, 549 MiB
2026/08/05 19:41:51.526, 6, 67.02 W, 0 %, 549 MiB
2026/08/05 19:41:51.527, 7, 68.15 W, 0 %, 549 MiB
2026/08/05 19:41:51.727, 0, 66.34 W, 0 %, 549 MiB
2026/08/05 19:41:51.727, 1, 65.99 W, 0 %, 549 MiB
2026/08/05 19:41:51.727, 2, 66.40 W, 0 %, 549 MiB
2026/08/05 19:41:51.727, 3, 65.72 W, 0 %, 549 MiB
2026/08/05 19:41:51.727, 4, 66.40 W, 0 %, 549 MiB
2026/08/05 19:41:51.727, 5, 66.61 W, 0 %, 549 MiB
2026/08/05 19:41:51.727, 6, 67.02 W, 0 %, 549 MiB
2026/08/05 19:41:51.727, 7, 68.15 W, 0 %, 549 MiB
2026/08/05 19:41:51.927, 0, 66.61 W, 0 %, 549 MiB
2026/08/05 19:41:51.927, 1, 65.99 W, 0 %, 549 MiB
2026/08/05 19:41:51.927, 2, 66.40 W, 0 %, 549 MiB
2026/08/05 19:41:51.927, 3, 65.72 W, 0 %, 549 MiB
2026/08/05 19:41:51.927, 4, 66.40 W, 0 %, 549 MiB
2026/08/05 19:41:51.927, 5, 67.23 W, 0 %, 549 MiB
2026/08/05 19:41:51.927, 6, 67.02 W, 0 %, 549 MiB
2026/08/05 19:41:51.927, 7, 68.15 W, 0 %, 549 MiB
2026/08/05 19:41:52.128, 0, 66.34 W, 0 %, 549 MiB
2026/08/05 19:41:52.128, 1, 66.28 W, 0 %, 549 MiB
2026/08/05 19:41:52.128, 2, 66.68 W, 0 %, 549 MiB
2026/08/05 19:41:52.128, 3, 65.72 W, 0 %, 549 MiB
2026/08/05 19:41:52.128, 4, 66.40 W, 0 %, 549 MiB
2026/08/05 19:41:52.128, 5, 66.94 W, 0 %, 549 MiB
2026/08/05 19:41:52.128, 6, 67.02 W, 0 %, 549 MiB
2026/08/05 19:41:52.128, 7, 68.15 W, 0 %, 549 MiB
2026/08/05 19:41:52.328, 0, 66.34 W, 0 %, 549 MiB
2026/08/05 19:41:52.330, 1, 65.99 W, 0 %, 549 MiB
2026/08/05 19:41:52.331, 2, 66.40 W, 0 %, 549 MiB
2026/08/05 19:41:52.331, 3, 65.72 W, 0 %, 549 MiB
2026/08/05 19:41:52.331, 4, 66.40 W, 0 %, 549 MiB
2026/08/05 19:41:52.331, 5, 67.23 W, 0 %, 549 MiB
2026/08/05 19:41:52.331, 6, 67.02 W, 0 %, 549 MiB
2026/08/05 19:41:52.331, 7, 68.43 W, 0 %, 549 MiB
2026/08/05 19:41:52.532, 0, 66.34 W, 0 %, 549 MiB
2026/08/05 19:41:52.532, 1, 65.99 W, 0 %, 549 MiB
2026/08/05 19:41:52.532, 2, 66.40 W, 0 %, 549 MiB
2026/08/05 19:41:52.532, 3, 65.72 W, 0 %, 549 MiB
2026/08/05 19:41:52.532, 4, 66.40 W, 0 %, 549 MiB
2026/08/05 19:41:52.532, 5, 66.94 W, 0 %, 549 MiB
2026/08/05 19:41:52.532, 6, 67.02 W, 0 %, 549 MiB
2026/08/05 19:41:52.532, 7, 68.15 W, 0 %, 549 MiB
2026/08/05 19:41:52.732, 0, 66.34 W, 0 %, 549 MiB
2026/08/05 19:41:52.732, 1, 65.99 W, 0 %, 549 MiB
2026/08/05 19:41:52.733, 2, 66.40 W, 0 %, 549 MiB
2026/08/05 19:41:52.733, 3, 65.72 W, 0 %, 549 MiB
2026/08/05 19:41:52.733, 4, 66.40 W, 0 %, 549 MiB
2026/08/05 19:41:52.733, 5, 67.23 W, 0 %, 549 MiB
2026/08/05 19:41:52.733, 6, 67.02 W, 0 %, 549 MiB
2026/08/05 19:41:52.733, 7, 68.15 W, 0 %, 549 MiB
2026/08/05 19:41:52.933, 0, 66.34 W, 0 %, 549 MiB
2026/08/05 19:41:52.934, 1, 65.99 W, 0 %, 549 MiB
2026/08/05 19:41:52.934, 2, 66.40 W, 0 %, 549 MiB
2026/08/05 19:41:52.934, 3, 65.72 W, 0 %, 549 MiB
2026/08/05 19:41:52.934, 4, 66.40 W, 0 %, 549 MiB
2026/08/05 19:41:52.935, 5, 66.94 W, 0 %, 549 MiB
2026/08/05 19:41:52.935, 6, 67.02 W, 0 %, 549 MiB
2026/08/05 19:41:52.935, 7, 68.15 W, 0 %, 549 MiB
2026/08/05 19:41:53.135, 0, 66.34 W, 0 %, 549 MiB
2026/08/05 19:41:53.135, 1, 65.99 W, 0 %, 549 MiB
2026/08/05 19:41:53.135, 2, 66.40 W, 0 %, 549 MiB
2026/08/05 19:41:53.135, 3, 65.72 W, 0 %, 549 MiB
2026/08/05 19:41:53.135, 4, 66.40 W, 0 %, 549 MiB
2026/08/05 19:41:53.135, 5, 66.94 W, 0 %, 549 MiB
2026/08/05 19:41:53.135, 6, 67.02 W, 0 %, 549 MiB
2026/08/05 19:41:53.135, 7, 68.15 W, 0 %, 549 MiB
2026/08/05 19:41:53.336, 0, 66.61 W, 0 %, 549 MiB
2026/08/05 19:41:53.336, 1, 66.28 W, 0 %, 549 MiB
2026/08/05 19:41:53.336, 2, 66.61 W, 0 %, 549 MiB
2026/08/05 19:41:53.336, 3, 65.39 W, 0 %, 549 MiB
2026/08/05 19:41:53.336, 4, 66.40 W, 0 %, 549 MiB
2026/08/05 19:41:53.336, 5, 67.23 W, 0 %, 549 MiB
2026/08/05 19:41:53.336, 6, 67.02 W, 0 %, 549 MiB
2026/08/05 19:41:53.336, 7, 68.15 W, 0 %, 549 MiB
2026/08/05 19:41:53.536, 0, 66.34 W, 0 %, 549 MiB
2026/08/05 19:41:53.537, 1, 65.99 W, 0 %, 549 MiB
2026/08/05 19:41:53.537, 2, 66.40 W, 0 %, 549 MiB
2026/08/05 19:41:53.537, 3, 65.39 W, 0 %, 549 MiB
2026/08/05 19:41:53.537, 4, 66.40 W, 0 %, 549 MiB
2026/08/05 19:41:53.537, 5, 66.94 W, 0 %, 549 MiB
2026/08/05 19:41:53.537, 6, 67.02 W, 0 %, 549 MiB
2026/08/05 19:41:53.537, 7, 68.15 W, 0 %, 549 MiB
2026/08/05 19:41:53.737, 0, 66.34 W, 0 %, 549 MiB
2026/08/05 19:41:53.737, 1, 65.99 W, 0 %, 549 MiB
2026/08/05 19:41:53.737, 2, 66.40 W, 0 %, 549 MiB
2026/08/05 19:41:53.737, 3, 65.39 W, 0 %, 549 MiB
2026/08/05 19:41:53.737, 4, 66.40 W, 0 %, 549 MiB
2026/08/05 19:41:53.738, 5, 66.94 W, 0 %, 549 MiB
2026/08/05 19:41:53.738, 6, 67.02 W, 0 %, 549 MiB
2026/08/05 19:41:53.738, 7, 68.15 W, 0 %, 549 MiB
2026/08/05 19:41:53.938, 0, 66.34 W, 0 %, 549 MiB
2026/08/05 19:41:53.938, 1, 65.99 W, 0 %, 549 MiB
2026/08/05 19:41:53.938, 2, 66.40 W, 0 %, 549 MiB
2026/08/05 19:41:53.938, 3, 65.39 W, 0 %, 549 MiB
2026/08/05 19:41:53.938, 4, 66.68 W, 0 %, 549 MiB
2026/08/05 19:41:53.938, 5, 67.23 W, 0 %, 549 MiB
2026/08/05 19:41:53.938, 6, 67.02 W, 0 %, 549 MiB
2026/08/05 19:41:53.938, 7, 68.15 W, 0 %, 549 MiB
2026/08/05 19:41:54.138, 0, 66.61 W, 0 %, 549 MiB
2026/08/05 19:41:54.139, 1, 65.99 W, 0 %, 549 MiB
2026/08/05 19:41:54.139, 2, 66.68 W, 0 %, 549 MiB
2026/08/05 19:41:54.139, 3, 65.72 W, 0 %, 549 MiB
2026/08/05 19:41:54.139, 4, 66.40 W, 0 %, 549 MiB
2026/08/05 19:41:54.139, 5, 67.23 W, 0 %, 549 MiB
2026/08/05 19:41:54.139, 6, 67.02 W, 0 %, 549 MiB
2026/08/05 19:41:54.139, 7, 68.15 W, 0 %, 549 MiB
2026/08/05 19:41:54.339, 0, 66.34 W, 0 %, 549 MiB
2026/08/05 19:41:54.339, 1, 65.99 W, 0 %, 549 MiB
2026/08/05 19:41:54.339, 2, 66.40 W, 0 %, 549 MiB
2026/08/05 19:41:54.339, 3, 65.39 W, 0 %, 549 MiB
2026/08/05 19:41:54.339, 4, 66.40 W, 0 %, 549 MiB
2026/08/05 19:41:54.339, 5, 66.94 W, 0 %, 549 MiB
2026/08/05 19:41:54.340, 6, 67.02 W, 0 %, 549 MiB
2026/08/05 19:41:54.340, 7, 68.15 W, 0 %, 549 MiB
2026/08/05 19:41:54.540, 0, 66.34 W, 0 %, 549 MiB
2026/08/05 19:41:54.540, 1, 65.99 W, 0 %, 549 MiB
2026/08/05 19:41:54.540, 2, 66.40 W, 0 %, 549 MiB
2026/08/05 19:41:54.540, 3, 65.39 W, 0 %, 549 MiB
2026/08/05 19:41:54.540, 4, 66.40 W, 0 %, 549 MiB
2026/08/05 19:41:54.540, 5, 66.94 W, 0 %, 549 MiB
2026/08/05 19:41:54.540, 6, 67.02 W, 0 %, 549 MiB
2026/08/05 19:41:54.540, 7, 68.15 W, 0 %, 549 MiB
2026/08/05 19:41:54.740, 0, 66.34 W, 0 %, 549 MiB
2026/08/05 19:41:54.740, 1, 65.99 W, 0 %, 549 MiB
2026/08/05 19:41:54.740, 2, 66.40 W, 0 %, 549 MiB
2026/08/05 19:41:54.740, 3, 65.39 W, 0 %, 549 MiB
2026/08/05 19:41:54.740, 4, 66.40 W, 0 %, 549 MiB
2026/08/05 19:41:54.741, 5, 67.23 W, 0 %, 549 MiB
2026/08/05 19:41:54.741, 6, 67.02 W, 0 %, 549 MiB
2026/08/05 19:41:54.741, 7, 68.15 W, 0 %, 549 MiB
2026/08/05 19:41:54.941, 0, 66.61 W, 0 %, 549 MiB
2026/08/05 19:41:54.941, 1, 65.99 W, 0 %, 549 MiB
2026/08/05 19:41:54.941, 2, 66.68 W, 0 %, 549 MiB
2026/08/05 19:41:54.941, 3, 65.72 W, 0 %, 549 MiB
2026/08/05 19:41:54.941, 4, 66.40 W, 0 %, 549 MiB
2026/08/05 19:41:54.941, 5, 66.94 W, 0 %, 549 MiB
2026/08/05 19:41:54.941, 6, 67.02 W, 0 %, 549 MiB
2026/08/05 19:41:54.941, 7, 68.15 W, 0 %, 549 MiB
2026/08/05 19:41:55.141, 0, 66.34 W, 0 %, 549 MiB
2026/08/05 19:41:55.142, 1, 65.99 W, 0 %, 549 MiB
2026/08/05 19:41:55.142, 2, 66.40 W, 0 %, 549 MiB
2026/08/05 19:41:55.142, 3, 65.39 W, 0 %, 549 MiB
2026/08/05 19:41:55.142, 4, 66.40 W, 0 %, 549 MiB
2026/08/05 19:41:55.142, 5, 66.94 W, 0 %, 549 MiB
2026/08/05 19:41:55.142, 6, 67.02 W, 0 %, 549 MiB
2026/08/05 19:41:55.142, 7, 68.15 W, 0 %, 549 MiB
2026/08/05 19:41:55.342, 0, 66.34 W, 0 %, 549 MiB
2026/08/05 19:41:55.343, 1, 65.99 W, 0 %, 549 MiB
2026/08/05 19:41:55.343, 2, 66.40 W, 0 %, 549 MiB
2026/08/05 19:41:55.343, 3, 65.39 W, 0 %, 549 MiB
2026/08/05 19:41:55.343, 4, 66.40 W, 0 %, 549 MiB
2026/08/05 19:41:55.344, 5, 67.23 W, 0 %, 549 MiB
2026/08/05 19:41:55.344, 6, 67.02 W, 0 %, 549 MiB
2026/08/05 19:41:55.344, 7, 68.15 W, 0 %, 549 MiB
2026/08/05 19:41:55.544, 0, 66.34 W, 0 %, 549 MiB
2026/08/05 19:41:55.544, 1, 65.99 W, 0 %, 549 MiB
2026/08/05 19:41:55.544, 2, 66.40 W, 0 %, 549 MiB
2026/08/05 19:41:55.544, 3, 65.39 W, 0 %, 549 MiB
2026/08/05 19:41:55.544, 4, 66.40 W, 0 %, 549 MiB
2026/08/05 19:41:55.544, 5, 66.94 W, 0 %, 549 MiB
2026/08/05 19:41:55.544, 6, 67.02 W, 0 %, 549 MiB
2026/08/05 19:41:55.544, 7, 68.15 W, 0 %, 549 MiB
2026/08/05 19:41:55.744, 0, 66.61 W, 0 %, 549 MiB
2026/08/05 19:41:55.745, 1, 66.28 W, 0 %, 549 MiB
2026/08/05 19:41:55.745, 2, 66.68 W, 0 %, 549 MiB
2026/08/05 19:41:55.745, 3, 65.72 W, 0 %, 549 MiB
2026/08/05 19:41:55.745, 4, 66.40 W, 0 %, 549 MiB
2026/08/05 19:41:55.745, 5, 66.94 W, 0 %, 549 MiB
2026/08/05 19:41:55.745, 6, 67.02 W, 0 %, 549 MiB
2026/08/05 19:41:55.745, 7, 68.15 W, 0 %, 549 MiB
2026/08/05 19:41:55.945, 0, 66.34 W, 0 %, 549 MiB
2026/08/05 19:41:55.945, 1, 65.99 W, 0 %, 549 MiB
2026/08/05 19:41:55.945, 2, 66.40 W, 0 %, 549 MiB
2026/08/05 19:41:55.945, 3, 65.39 W, 0 %, 549 MiB
2026/08/05 19:41:55.945, 4, 66.40 W, 0 %, 549 MiB
2026/08/05 19:41:55.945, 5, 66.94 W, 0 %, 549 MiB
2026/08/05 19:41:55.945, 6, 67.02 W, 0 %, 549 MiB
2026/08/05 19:41:55.945, 7, 68.15 W, 0 %, 549 MiB
2026/08/05 19:41:56.145, 0, 66.34 W, 0 %, 549 MiB
2026/08/05 19:41:56.145, 1, 66.28 W, 0 %, 549 MiB
2026/08/05 19:41:56.146, 2, 66.40 W, 0 %, 549 MiB
2026/08/05 19:41:56.146, 3, 65.39 W, 0 %, 549 MiB
2026/08/05 19:41:56.146, 4, 66.68 W, 0 %, 549 MiB
2026/08/05 19:41:56.146, 5, 67.23 W, 0 %, 549 MiB
2026/08/05 19:41:56.146, 6, 67.02 W, 0 %, 549 MiB
2026/08/05 19:41:56.146, 7, 68.15 W, 0 %, 549 MiB
2026/08/05 19:41:56.346, 0, 66.34 W, 0 %, 549 MiB
2026/08/05 19:41:56.346, 1, 65.99 W, 0 %, 549 MiB
2026/08/05 19:41:56.347, 2, 66.40 W, 0 %, 549 MiB
2026/08/05 19:41:56.347, 3, 65.39 W, 0 %, 549 MiB
2026/08/05 19:41:56.347, 4, 67.63 W, 0 %, 549 MiB
2026/08/05 19:41:56.347, 5, 67.23 W, 0 %, 549 MiB
2026/08/05 19:41:56.347, 6, 67.02 W, 0 %, 549 MiB
2026/08/05 19:41:56.347, 7, 68.15 W, 0 %, 549 MiB
2026/08/05 19:41:56.547, 0, 66.34 W, 0 %, 549 MiB
2026/08/05 19:41:56.547, 1, 65.99 W, 0 %, 549 MiB
2026/08/05 19:41:56.547, 2, 66.40 W, 0 %, 549 MiB
2026/08/05 19:41:56.547, 3, 65.72 W, 0 %, 549 MiB
2026/08/05 19:41:56.547, 4, 66.68 W, 0 %, 549 MiB
2026/08/05 19:41:56.548, 5, 67.23 W, 0 %, 549 MiB
2026/08/05 19:41:56.548, 6, 67.02 W, 0 %, 549 MiB
2026/08/05 19:41:56.548, 7, 68.15 W, 0 %, 549 MiB
2026/08/05 19:41:56.748, 0, 66.34 W, 0 %, 549 MiB
2026/08/05 19:41:56.748, 1, 65.99 W, 0 %, 549 MiB
2026/08/05 19:41:56.748, 2, 66.40 W, 0 %, 549 MiB
2026/08/05 19:41:56.748, 3, 65.39 W, 0 %, 549 MiB
2026/08/05 19:41:56.748, 4, 66.68 W, 0 %, 549 MiB
2026/08/05 19:41:56.748, 5, 66.94 W, 0 %, 549 MiB
2026/08/05 19:41:56.748, 6, 67.02 W, 0 %, 549 MiB
2026/08/05 19:41:56.748, 7, 68.15 W, 0 %, 549 MiB
2026/08/05 19:41:56.948, 0, 66.34 W, 0 %, 549 MiB
2026/08/05 19:41:56.949, 1, 65.99 W, 0 %, 549 MiB
2026/08/05 19:41:56.949, 2, 66.40 W, 0 %, 549 MiB
2026/08/05 19:41:56.949, 3, 65.39 W, 0 %, 549 MiB
2026/08/05 19:41:56.949, 4, 66.68 W, 0 %, 549 MiB
2026/08/05 19:41:56.949, 5, 66.94 W, 0 %, 549 MiB
2026/08/05 19:41:56.949, 6, 67.02 W, 0 %, 549 MiB
2026/08/05 19:41:56.949, 7, 68.15 W, 0 %, 549 MiB
2026/08/05 19:41:57.149, 0, 66.34 W, 0 %, 549 MiB
2026/08/05 19:41:57.149, 1, 65.99 W, 0 %, 549 MiB
2026/08/05 19:41:57.149, 2, 66.40 W, 0 %, 549 MiB
2026/08/05 19:41:57.149, 3, 65.39 W, 0 %, 549 MiB
2026/08/05 19:41:57.150, 4, 66.68 W, 0 %, 549 MiB
2026/08/05 19:41:57.150, 5, 66.94 W, 0 %, 549 MiB
2026/08/05 19:41:57.150, 6, 67.02 W, 0 %, 549 MiB
2026/08/05 19:41:57.150, 7, 68.15 W, 0 %, 549 MiB
2026/08/05 19:41:57.350, 0, 66.34 W, 0 %, 549 MiB
2026/08/05 19:41:57.350, 1, 66.28 W, 0 %, 549 MiB
2026/08/05 19:41:57.350, 2, 66.40 W, 0 %, 549 MiB
2026/08/05 19:41:57.350, 3, 65.39 W, 0 %, 549 MiB
2026/08/05 19:41:57.350, 4, 66.68 W, 0 %, 549 MiB
2026/08/05 19:41:57.350, 5, 67.23 W, 0 %, 549 MiB
2026/08/05 19:41:57.350, 6, 67.02 W, 0 %, 549 MiB
2026/08/05 19:41:57.351, 7, 68.15 W, 0 %, 549 MiB
2026/08/05 19:41:57.551, 0, 66.34 W, 0 %, 549 MiB
2026/08/05 19:41:57.551, 1, 65.99 W, 0 %, 549 MiB
2026/08/05 19:41:57.551, 2, 66.40 W, 0 %, 549 MiB
2026/08/05 19:41:57.551, 3, 65.39 W, 0 %, 549 MiB
2026/08/05 19:41:57.551, 4, 66.40 W, 0 %, 549 MiB
2026/08/05 19:41:57.551, 5, 66.61 W, 0 %, 549 MiB
2026/08/05 19:41:57.551, 6, 67.02 W, 0 %, 549 MiB
2026/08/05 19:41:57.551, 7, 68.15 W, 0 %, 549 MiB
2026/08/05 19:41:57.751, 0, 66.34 W, 0 %, 549 MiB
2026/08/05 19:41:57.752, 1, 65.99 W, 0 %, 549 MiB
2026/08/05 19:41:57.752, 2, 66.40 W, 0 %, 549 MiB
2026/08/05 19:41:57.752, 3, 65.39 W, 0 %, 549 MiB
2026/08/05 19:41:57.752, 4, 66.40 W, 0 %, 549 MiB
2026/08/05 19:41:57.752, 5, 66.94 W, 0 %, 549 MiB
2026/08/05 19:41:57.752, 6, 67.02 W, 0 %, 549 MiB
2026/08/05 19:41:57.752, 7, 68.15 W, 0 %, 549 MiB
2026/08/05 19:41:57.952, 0, 66.34 W, 0 %, 549 MiB
2026/08/05 19:41:57.953, 1, 65.99 W, 0 %, 549 MiB
2026/08/05 19:41:57.954, 2, 66.40 W, 0 %, 549 MiB
2026/08/05 19:41:57.954, 3, 65.39 W, 0 %, 549 MiB
2026/08/05 19:41:57.954, 4, 66.40 W, 0 %, 549 MiB
2026/08/05 19:41:57.954, 5, 66.94 W, 0 %, 549 MiB
2026/08/05 19:41:57.954, 6, 67.02 W, 0 %, 549 MiB
2026/08/05 19:41:57.954, 7, 68.15 W, 0 %, 549 MiB
2026/08/05 19:41:58.154, 0, 66.61 W, 0 %, 549 MiB
2026/08/05 19:41:58.154, 1, 65.99 W, 0 %, 549 MiB
2026/08/05 19:41:58.155, 2, 66.68 W, 0 %, 549 MiB
2026/08/05 19:41:58.155, 3, 65.72 W, 0 %, 549 MiB
2026/08/05 19:41:58.155, 4, 66.68 W, 0 %, 549 MiB
2026/08/05 19:41:58.155, 5, 67.23 W, 0 %, 549 MiB
2026/08/05 19:41:58.155, 6, 67.02 W, 0 %, 549 MiB
2026/08/05 19:41:58.155, 7, 68.15 W, 0 %, 549 MiB
2026/08/05 19:41:58.355, 0, 66.34 W, 0 %, 549 MiB
2026/08/05 19:41:58.355, 1, 65.99 W, 0 %, 549 MiB
2026/08/05 19:41:58.355, 2, 66.40 W, 0 %, 549 MiB
2026/08/05 19:41:58.355, 3, 65.39 W, 0 %, 549 MiB
2026/08/05 19:41:58.356, 4, 66.68 W, 0 %, 549 MiB
2026/08/05 19:41:58.356, 5, 66.94 W, 0 %, 549 MiB
2026/08/05 19:41:58.356, 6, 67.02 W, 0 %, 549 MiB
2026/08/05 19:41:58.356, 7, 68.15 W, 0 %, 549 MiB
2026/08/05 19:41:58.556, 0, 66.34 W, 0 %, 549 MiB
2026/08/05 19:41:58.556, 1, 65.99 W, 0 %, 549 MiB
2026/08/05 19:41:58.557, 2, 66.40 W, 0 %, 549 MiB
2026/08/05 19:41:58.557, 3, 65.39 W, 0 %, 549 MiB
2026/08/05 19:41:58.558, 4, 66.40 W, 0 %, 549 MiB
2026/08/05 19:41:58.558, 5, 67.23 W, 0 %, 549 MiB
2026/08/05 19:41:58.558, 6, 67.02 W, 0 %, 549 MiB
2026/08/05 19:41:58.558, 7, 68.15 W, 0 %, 549 MiB
2026/08/05 19:41:58.758, 0, 66.34 W, 0 %, 549 MiB
2026/08/05 19:41:58.758, 1, 65.99 W, 0 %, 549 MiB
2026/08/05 19:41:58.758, 2, 66.40 W, 0 %, 549 MiB
2026/08/05 19:41:58.758, 3, 65.39 W, 0 %, 549 MiB
2026/08/05 19:41:58.758, 4, 66.40 W, 0 %, 549 MiB
2026/08/05 19:41:58.758, 5, 66.94 W, 0 %, 549 MiB
2026/08/05 19:41:58.759, 6, 67.02 W, 0 %, 549 MiB
2026/08/05 19:41:58.759, 7, 68.15 W, 0 %, 549 MiB
2026/08/05 19:41:58.959, 0, 66.34 W, 0 %, 549 MiB
2026/08/05 19:41:58.959, 1, 65.99 W, 0 %, 549 MiB
2026/08/05 19:41:58.959, 2, 66.68 W, 0 %, 549 MiB
2026/08/05 19:41:58.959, 3, 65.72 W, 0 %, 549 MiB
2026/08/05 19:41:58.959, 4, 66.68 W, 0 %, 549 MiB
2026/08/05 19:41:58.959, 5, 67.23 W, 0 %, 549 MiB
2026/08/05 19:41:58.959, 6, 67.02 W, 0 %, 549 MiB
2026/08/05 19:41:58.959, 7, 68.15 W, 0 %, 549 MiB
2026/08/05 19:41:59.159, 0, 66.34 W, 0 %, 549 MiB
2026/08/05 19:41:59.160, 1, 65.99 W, 0 %, 549 MiB
2026/08/05 19:41:59.160, 2, 66.40 W, 0 %, 549 MiB
2026/08/05 19:41:59.160, 3, 65.39 W, 0 %, 549 MiB
2026/08/05 19:41:59.160, 4, 66.40 W, 0 %, 549 MiB
2026/08/05 19:41:59.160, 5, 66.94 W, 0 %, 549 MiB
2026/08/05 19:41:59.160, 6, 67.02 W, 0 %, 549 MiB
2026/08/05 19:41:59.160, 7, 68.15 W, 0 %, 549 MiB
2026/08/05 19:41:59.360, 0, 66.34 W, 0 %, 549 MiB
2026/08/05 19:41:59.361, 1, 66.28 W, 0 %, 549 MiB
2026/08/05 19:41:59.362, 2, 66.40 W, 0 %, 549 MiB
2026/08/05 19:41:59.362, 3, 65.39 W, 0 %, 549 MiB
2026/08/05 19:41:59.362, 4, 66.68 W, 0 %, 549 MiB
2026/08/05 19:41:59.362, 5, 67.23 W, 0 %, 549 MiB
2026/08/05 19:41:59.362, 6, 67.02 W, 0 %, 549 MiB
2026/08/05 19:41:59.362, 7, 68.15 W, 0 %, 549 MiB
2026/08/05 19:41:59.562, 0, 66.34 W, 0 %, 549 MiB
2026/08/05 19:41:59.563, 1, 65.99 W, 0 %, 549 MiB
2026/08/05 19:41:59.563, 2, 66.40 W, 0 %, 549 MiB
2026/08/05 19:41:59.563, 3, 65.39 W, 0 %, 549 MiB
2026/08/05 19:41:59.563, 4, 66.40 W, 0 %, 549 MiB
2026/08/05 19:41:59.563, 5, 66.61 W, 0 %, 549 MiB
2026/08/05 19:41:59.563, 6, 67.02 W, 0 %, 549 MiB
2026/08/05 19:41:59.563, 7, 68.15 W, 0 %, 549 MiB
2026/08/05 19:41:59.763, 0, 66.34 W, 0 %, 549 MiB
2026/08/05 19:41:59.763, 1, 65.99 W, 0 %, 549 MiB
2026/08/05 19:41:59.763, 2, 66.68 W, 0 %, 549 MiB
2026/08/05 19:41:59.763, 3, 65.72 W, 0 %, 549 MiB
2026/08/05 19:41:59.764, 4, 66.68 W, 0 %, 549 MiB
2026/08/05 19:41:59.764, 5, 66.94 W, 0 %, 549 MiB
2026/08/05 19:41:59.764, 6, 67.96 W, 0 %, 549 MiB
2026/08/05 19:41:59.764, 7, 68.15 W, 0 %, 549 MiB
2026/08/05 19:41:59.964, 0, 66.34 W, 0 %, 549 MiB
2026/08/05 19:41:59.964, 1, 65.99 W, 0 %, 549 MiB
2026/08/05 19:41:59.964, 2, 66.40 W, 0 %, 549 MiB
2026/08/05 19:41:59.964, 3, 65.72 W, 0 %, 549 MiB
2026/08/05 19:41:59.964, 4, 66.40 W, 0 %, 549 MiB
2026/08/05 19:41:59.964, 5, 66.94 W, 0 %, 549 MiB
2026/08/05 19:41:59.964, 6, 67.02 W, 0 %, 549 MiB
2026/08/05 19:41:59.965, 7, 68.15 W, 0 %, 549 MiB
2026/08/05 19:42:00.165, 0, 66.34 W, 0 %, 549 MiB
2026/08/05 19:42:00.165, 1, 65.99 W, 0 %, 549 MiB
2026/08/05 19:42:00.165, 2, 66.40 W, 0 %, 549 MiB
2026/08/05 19:42:00.165, 3, 65.39 W, 0 %, 549 MiB
2026/08/05 19:42:00.165, 4, 66.40 W, 0 %, 549 MiB
2026/08/05 19:42:00.165, 5, 66.94 W, 0 %, 549 MiB
2026/08/05 19:42:00.165, 6, 67.02 W, 0 %, 549 MiB
2026/08/05 19:42:00.166, 7, 68.15 W, 0 %, 549 MiB
2026/08/05 19:42:00.366, 0, 66.34 W, 0 %, 549 MiB
2026/08/05 19:42:00.366, 1, 65.99 W, 0 %, 549 MiB
2026/08/05 19:42:00.366, 2, 66.40 W, 0 %, 549 MiB
2026/08/05 19:42:00.366, 3, 65.39 W, 0 %, 549 MiB
2026/08/05 19:42:00.366, 4, 66.40 W, 0 %, 549 MiB
2026/08/05 19:42:00.366, 5, 67.23 W, 0 %, 549 MiB
2026/08/05 19:42:00.366, 6, 67.68 W, 0 %, 549 MiB
2026/08/05 19:42:00.366, 7, 68.15 W, 0 %, 549 MiB
2026/08/05 19:42:00.566, 0, 66.34 W, 0 %, 549 MiB
2026/08/05 19:42:00.567, 1, 65.99 W, 0 %, 549 MiB
2026/08/05 19:42:00.567, 2, 66.40 W, 0 %, 549 MiB
2026/08/05 19:42:00.567, 3, 65.39 W, 0 %, 549 MiB
2026/08/05 19:42:00.567, 4, 66.40 W, 0 %, 549 MiB
2026/08/05 19:42:00.567, 5, 67.23 W, 0 %, 549 MiB
2026/08/05 19:42:00.567, 6, 67.02 W, 0 %, 549 MiB
2026/08/05 19:42:00.567, 7, 68.15 W, 0 %, 549 MiB
2026/08/05 19:42:00.767, 0, 66.34 W, 0 %, 549 MiB
2026/08/05 19:42:00.767, 1, 65.99 W, 0 %, 549 MiB
2026/08/05 19:42:00.768, 2, 66.40 W, 0 %, 549 MiB
2026/08/05 19:42:00.768, 3, 65.72 W, 0 %, 549 MiB
2026/08/05 19:42:00.769, 4, 66.40 W, 0 %, 549 MiB
2026/08/05 19:42:00.769, 5, 66.94 W, 0 %, 549 MiB
2026/08/05 19:42:00.769, 6, 67.35 W, 0 %, 549 MiB
2026/08/05 19:42:00.770, 7, 68.15 W, 0 %, 549 MiB
2026/08/05 19:42:00.970, 0, 66.34 W, 0 %, 549 MiB
2026/08/05 19:42:00.970, 1, 65.99 W, 0 %, 549 MiB
2026/08/05 19:42:00.970, 2, 66.40 W, 0 %, 549 MiB
2026/08/05 19:42:00.970, 3, 65.39 W, 0 %, 549 MiB
2026/08/05 19:42:00.970, 4, 66.40 W, 0 %, 549 MiB
2026/08/05 19:42:00.970, 5, 66.94 W, 0 %, 549 MiB
2026/08/05 19:42:00.970, 6, 67.02 W, 0 %, 549 MiB
2026/08/05 19:42:00.970, 7, 68.15 W, 0 %, 549 MiB
2026/08/05 19:42:01.170, 0, 66.34 W, 0 %, 549 MiB
2026/08/05 19:42:01.171, 1, 66.28 W, 0 %, 549 MiB
2026/08/05 19:42:01.171, 2, 66.40 W, 0 %, 549 MiB
2026/08/05 19:42:01.171, 3, 65.39 W, 0 %, 549 MiB
2026/08/05 19:42:01.171, 4, 66.40 W, 0 %, 549 MiB
2026/08/05 19:42:01.171, 5, 67.23 W, 0 %, 549 MiB
2026/08/05 19:42:01.171, 6, 67.02 W, 0 %, 549 MiB
2026/08/05 19:42:01.171, 7, 68.15 W, 0 %, 549 MiB
2026/08/05 19:42:01.371, 0, 66.34 W, 0 %, 549 MiB
2026/08/05 19:42:01.371, 1, 65.99 W, 0 %, 549 MiB
2026/08/05 19:42:01.371, 2, 66.40 W, 0 %, 549 MiB
2026/08/05 19:42:01.372, 3, 65.72 W, 0 %, 549 MiB
2026/08/05 19:42:01.372, 4, 66.40 W, 0 %, 549 MiB
2026/08/05 19:42:01.372, 5, 67.23 W, 0 %, 549 MiB
2026/08/05 19:42:01.372, 6, 67.02 W, 0 %, 549 MiB
2026/08/05 19:42:01.372, 7, 68.15 W, 0 %, 549 MiB
2026/08/05 19:42:01.572, 0, 66.34 W, 0 %, 549 MiB
2026/08/05 19:42:01.572, 1, 65.99 W, 0 %, 549 MiB
2026/08/05 19:42:01.572, 2, 66.40 W, 0 %, 549 MiB
2026/08/05 19:42:01.572, 3, 65.39 W, 0 %, 549 MiB
2026/08/05 19:42:01.572, 4, 66.40 W, 0 %, 549 MiB
2026/08/05 19:42:01.572, 5, 66.94 W, 0 %, 549 MiB
2026/08/05 19:42:01.573, 6, 67.02 W, 0 %, 549 MiB
2026/08/05 19:42:01.573, 7, 68.15 W, 0 %, 549 MiB
2026/08/05 19:42:01.773, 0, 66.34 W, 0 %, 549 MiB
2026/08/05 19:42:01.773, 1, 65.99 W, 0 %, 549 MiB
2026/08/05 19:42:01.773, 2, 66.40 W, 0 %, 549 MiB
2026/08/05 19:42:01.773, 3, 65.39 W, 0 %, 549 MiB
2026/08/05 19:42:01.773, 4, 66.40 W, 0 %, 549 MiB
2026/08/05 19:42:01.774, 5, 66.94 W, 0 %, 549 MiB
2026/08/05 19:42:01.774, 6, 67.35 W, 0 %, 549 MiB
2026/08/05 19:42:01.774, 7, 68.15 W, 0 %, 549 MiB
2026/08/05 19:42:01.974, 0, 66.61 W, 0 %, 549 MiB
2026/08/05 19:42:01.974, 1, 66.28 W, 0 %, 549 MiB
2026/08/05 19:42:01.974, 2, 66.68 W, 0 %, 549 MiB
2026/08/05 19:42:01.974, 3, 65.72 W, 0 %, 549 MiB
2026/08/05 19:42:01.974, 4, 66.68 W, 0 %, 549 MiB
2026/08/05 19:42:01.974, 5, 67.23 W, 0 %, 549 MiB
2026/08/05 19:42:01.975, 6, 67.02 W, 0 %, 549 MiB
2026/08/05 19:42:01.975, 7, 68.43 W, 0 %, 549 MiB
2026/08/05 19:42:02.175, 0, 66.34 W, 0 %, 549 MiB
2026/08/05 19:42:02.175, 1, 65.99 W, 0 %, 549 MiB
2026/08/05 19:42:02.175, 2, 66.40 W, 0 %, 549 MiB
2026/08/05 19:42:02.175, 3, 65.39 W, 0 %, 549 MiB
2026/08/05 19:42:02.175, 4, 66.40 W, 0 %, 549 MiB
2026/08/05 19:42:02.175, 5, 67.23 W, 0 %, 549 MiB
2026/08/05 19:42:02.175, 6, 67.02 W, 0 %, 549 MiB
2026/08/05 19:42:02.175, 7, 68.15 W, 0 %, 549 MiB
2026/08/05 19:42:02.375, 0, 66.61 W, 0 %, 549 MiB
2026/08/05 19:42:02.376, 1, 65.99 W, 0 %, 549 MiB
2026/08/05 19:42:02.376, 2, 66.68 W, 0 %, 549 MiB
2026/08/05 19:42:02.376, 3, 65.72 W, 0 %, 549 MiB
2026/08/05 19:42:02.376, 4, 66.40 W, 0 %, 549 MiB
2026/08/05 19:42:02.376, 5, 67.23 W, 0 %, 549 MiB
2026/08/05 19:42:02.376, 6, 67.02 W, 0 %, 549 MiB
2026/08/05 19:42:02.376, 7, 68.15 W, 0 %, 549 MiB
2026/08/05 19:42:02.576, 0, 66.34 W, 0 %, 549 MiB
2026/08/05 19:42:02.577, 1, 65.99 W, 0 %, 549 MiB
2026/08/05 19:42:02.577, 2, 66.40 W, 0 %, 549 MiB
2026/08/05 19:42:02.577, 3, 65.39 W, 0 %, 549 MiB
2026/08/05 19:42:02.577, 4, 66.40 W, 0 %, 549 MiB
2026/08/05 19:42:02.577, 5, 67.23 W, 0 %, 549 MiB
2026/08/05 19:42:02.577, 6, 67.02 W, 0 %, 549 MiB
2026/08/05 19:42:02.577, 7, 68.15 W, 0 %, 549 MiB
2026/08/05 19:42:02.778, 0, 66.34 W, 0 %, 549 MiB
2026/08/05 19:42:02.778, 1, 66.28 W, 0 %, 549 MiB
2026/08/05 19:42:02.778, 2, 66.40 W, 0 %, 549 MiB
2026/08/05 19:42:02.778, 3, 65.39 W, 0 %, 549 MiB
2026/08/05 19:42:02.778, 4, 66.40 W, 0 %, 549 MiB
2026/08/05 19:42:02.778, 5, 66.94 W, 0 %, 549 MiB
2026/08/05 19:42:02.778, 6, 67.02 W, 0 %, 549 MiB
2026/08/05 19:42:02.778, 7, 68.15 W, 0 %, 549 MiB
2026/08/05 19:42:02.978, 0, 66.61 W, 0 %, 549 MiB
2026/08/05 19:42:02.978, 1, 65.99 W, 0 %, 549 MiB
2026/08/05 19:42:02.978, 2, 66.68 W, 0 %, 549 MiB
2026/08/05 19:42:02.979, 3, 65.39 W, 0 %, 549 MiB
2026/08/05 19:42:02.979, 4, 66.40 W, 0 %, 549 MiB
2026/08/05 19:42:02.979, 5, 67.23 W, 0 %, 549 MiB
2026/08/05 19:42:02.979, 6, 67.02 W, 0 %, 549 MiB
2026/08/05 19:42:02.979, 7, 68.15 W, 0 %, 549 MiB
2026/08/05 19:42:03.179, 0, 66.34 W, 0 %, 549 MiB
2026/08/05 19:42:03.190, 1, 66.28 W, 0 %, 549 MiB
2026/08/05 19:42:03.190, 2, 66.68 W, 0 %, 549 MiB
2026/08/05 19:42:03.190, 3, 65.72 W, 0 %, 549 MiB
2026/08/05 19:42:03.190, 4, 66.68 W, 0 %, 549 MiB
2026/08/05 19:42:03.190, 5, 67.23 W, 0 %, 549 MiB
2026/08/05 19:42:03.190, 6, 67.02 W, 0 %, 549 MiB
2026/08/05 19:42:03.190, 7, 68.43 W, 0 %, 549 MiB
2026/08/05 19:42:03.390, 0, 66.34 W, 0 %, 549 MiB
2026/08/05 19:42:03.390, 1, 65.99 W, 0 %, 549 MiB
2026/08/05 19:42:03.390, 2, 66.40 W, 0 %, 549 MiB
2026/08/05 19:42:03.390, 3, 65.39 W, 0 %, 549 MiB
2026/08/05 19:42:03.390, 4, 66.40 W, 0 %, 549 MiB
2026/08/05 19:42:03.391, 5, 67.23 W, 0 %, 549 MiB
2026/08/05 19:42:03.391, 6, 67.02 W, 0 %, 549 MiB
2026/08/05 19:42:03.391, 7, 68.15 W, 0 %, 549 MiB
2026/08/05 19:42:03.591, 0, 66.34 W, 0 %, 549 MiB
2026/08/05 19:42:03.591, 1, 66.28 W, 0 %, 549 MiB
2026/08/05 19:42:03.591, 2, 66.40 W, 0 %, 549 MiB
2026/08/05 19:42:03.591, 3, 65.72 W, 0 %, 549 MiB
2026/08/05 19:42:03.591, 4, 66.40 W, 0 %, 549 MiB
2026/08/05 19:42:03.591, 5, 66.94 W, 0 %, 549 MiB
2026/08/05 19:42:03.591, 6, 67.35 W, 0 %, 549 MiB
2026/08/05 19:42:03.591, 7, 68.15 W, 0 %, 549 MiB
2026/08/05 19:42:03.791, 0, 66.61 W, 0 %, 549 MiB
2026/08/05 19:42:03.791, 1, 65.99 W, 0 %, 549 MiB
2026/08/05 19:42:03.791, 2, 66.61 W, 0 %, 549 MiB
2026/08/05 19:42:03.791, 3, 65.39 W, 0 %, 549 MiB
2026/08/05 19:42:03.791, 4, 66.40 W, 0 %, 549 MiB
2026/08/05 19:42:03.792, 5, 67.23 W, 0 %, 549 MiB
2026/08/05 19:42:03.792, 6, 67.02 W, 0 %, 549 MiB
2026/08/05 19:42:03.792, 7, 68.15 W, 0 %, 549 MiB
2026/08/05 19:42:03.992, 0, 66.34 W, 0 %, 549 MiB
2026/08/05 19:42:03.992, 1, 66.28 W, 0 %, 549 MiB
2026/08/05 19:42:03.992, 2, 66.40 W, 0 %, 549 MiB
2026/08/05 19:42:03.992, 3, 65.39 W, 0 %, 549 MiB
2026/08/05 19:42:03.992, 4, 66.40 W, 0 %, 549 MiB
2026/08/05 19:42:03.992, 5, 66.94 W, 0 %, 549 MiB
2026/08/05 19:42:03.992, 6, 67.02 W, 0 %, 549 MiB
2026/08/05 19:42:03.992, 7, 68.15 W, 0 %, 549 MiB
2026/08/05 19:42:04.193, 0, 66.61 W, 0 %, 549 MiB
2026/08/05 19:42:04.193, 1, 65.99 W, 0 %, 549 MiB
2026/08/05 19:42:04.193, 2, 66.68 W, 0 %, 549 MiB
2026/08/05 19:42:04.193, 3, 65.39 W, 0 %, 549 MiB
2026/08/05 19:42:04.193, 4, 66.40 W, 0 %, 549 MiB
2026/08/05 19:42:04.193, 5, 67.23 W, 0 %, 549 MiB
2026/08/05 19:42:04.193, 6, 67.02 W, 0 %, 549 MiB
2026/08/05 19:42:04.193, 7, 68.15 W, 0 %, 549 MiB
2026/08/05 19:42:04.394, 0, 66.34 W, 0 %, 549 MiB
2026/08/05 19:42:04.394, 1, 66.28 W, 0 %, 549 MiB
2026/08/05 19:42:04.394, 2, 66.40 W, 0 %, 549 MiB
2026/08/05 19:42:04.394, 3, 65.39 W, 0 %, 549 MiB
2026/08/05 19:42:04.394, 4, 66.40 W, 0 %, 549 MiB
2026/08/05 19:42:04.394, 5, 66.94 W, 0 %, 549 MiB
2026/08/05 19:42:04.394, 6, 67.02 W, 0 %, 549 MiB
2026/08/05 19:42:04.394, 7, 68.15 W, 0 %, 549 MiB
2026/08/05 19:42:04.594, 0, 66.34 W, 0 %, 549 MiB
2026/08/05 19:42:04.594, 1, 66.28 W, 0 %, 549 MiB
2026/08/05 19:42:04.595, 2, 66.40 W, 0 %, 549 MiB
2026/08/05 19:42:04.595, 3, 65.72 W, 0 %, 549 MiB
2026/08/05 19:42:04.595, 4, 66.68 W, 0 %, 549 MiB
2026/08/05 19:42:04.595, 5, 67.23 W, 0 %, 549 MiB
2026/08/05 19:42:04.595, 6, 67.02 W, 0 %, 549 MiB
2026/08/05 19:42:04.595, 7, 68.15 W, 0 %, 549 MiB
2026/08/05 19:42:04.795, 0, 66.34 W, 0 %, 549 MiB
2026/08/05 19:42:04.795, 1, 65.99 W, 0 %, 549 MiB
2026/08/05 19:42:04.795, 2, 66.68 W, 0 %, 549 MiB
2026/08/05 19:42:04.795, 3, 65.39 W, 0 %, 549 MiB
2026/08/05 19:42:04.795, 4, 66.40 W, 0 %, 549 MiB
2026/08/05 19:42:04.795, 5, 67.23 W, 0 %, 549 MiB
2026/08/05 19:42:04.796, 6, 67.02 W, 0 %, 549 MiB
2026/08/05 19:42:04.796, 7, 68.15 W, 0 %, 549 MiB
2026/08/05 19:42:04.996, 0, 66.34 W, 0 %, 549 MiB
2026/08/05 19:42:04.996, 1, 66.28 W, 0 %, 549 MiB
2026/08/05 19:42:04.996, 2, 66.40 W, 0 %, 549 MiB
2026/08/05 19:42:04.996, 3, 65.72 W, 0 %, 549 MiB
2026/08/05 19:42:04.997, 4, 66.40 W, 0 %, 549 MiB
2026/08/05 19:42:04.997, 5, 67.23 W, 0 %, 549 MiB
2026/08/05 19:42:04.997, 6, 67.02 W, 0 %, 549 MiB
2026/08/05 19:42:04.997, 7, 68.15 W, 0 %, 549 MiB
2026/08/05 19:42:05.198, 0, 66.34 W, 0 %, 549 MiB
2026/08/05 19:42:05.198, 1, 66.28 W, 0 %, 549 MiB
2026/08/05 19:42:05.198, 2, 66.40 W, 0 %, 549 MiB
2026/08/05 19:42:05.198, 3, 65.39 W, 0 %, 549 MiB
2026/08/05 19:42:05.198, 4, 66.40 W, 0 %, 549 MiB
2026/08/05 19:42:05.198, 5, 66.94 W, 0 %, 549 MiB
2026/08/05 19:42:05.198, 6, 67.02 W, 0 %, 549 MiB
2026/08/05 19:42:05.198, 7, 68.15 W, 0 %, 549 MiB
2026/08/05 19:42:05.399, 0, 66.34 W, 0 %, 549 MiB
2026/08/05 19:42:05.399, 1, 66.28 W, 0 %, 549 MiB
2026/08/05 19:42:05.399, 2, 66.40 W, 0 %, 549 MiB
2026/08/05 19:42:05.399, 3, 65.39 W, 0 %, 549 MiB
2026/08/05 19:42:05.399, 4, 66.40 W, 0 %, 549 MiB
2026/08/05 19:42:05.399, 5, 67.23 W, 0 %, 549 MiB
2026/08/05 19:42:05.399, 6, 67.02 W, 0 %, 549 MiB
2026/08/05 19:42:05.399, 7, 68.15 W, 0 %, 549 MiB
2026/08/05 19:42:05.599, 0, 66.34 W, 0 %, 549 MiB
2026/08/05 19:42:05.600, 1, 65.99 W, 0 %, 549 MiB
2026/08/05 19:42:05.600, 2, 66.68 W, 0 %, 549 MiB
2026/08/05 19:42:05.600, 3, 65.72 W, 0 %, 549 MiB
2026/08/05 19:42:05.600, 4, 66.40 W, 0 %, 549 MiB
2026/08/05 19:42:05.600, 5, 67.23 W, 0 %, 549 MiB
2026/08/05 19:42:05.600, 6, 66.74 W, 0 %, 549 MiB
2026/08/05 19:42:05.600, 7, 68.15 W, 0 %, 549 MiB
2026/08/05 19:42:05.800, 0, 66.34 W, 0 %, 549 MiB
2026/08/05 19:42:05.800, 1, 65.99 W, 0 %, 549 MiB
2026/08/05 19:42:05.800, 2, 66.40 W, 0 %, 549 MiB
2026/08/05 19:42:05.800, 3, 65.39 W, 0 %, 549 MiB
2026/08/05 19:42:05.801, 4, 66.40 W, 0 %, 549 MiB
2026/08/05 19:42:05.801, 5, 67.23 W, 0 %, 549 MiB
2026/08/05 19:42:05.801, 6, 66.74 W, 0 %, 549 MiB
2026/08/05 19:42:05.801, 7, 68.15 W, 0 %, 549 MiB
2026/08/05 19:42:06.001, 0, 66.34 W, 0 %, 549 MiB
2026/08/05 19:42:06.001, 1, 66.28 W, 0 %, 549 MiB
2026/08/05 19:42:06.001, 2, 66.40 W, 0 %, 549 MiB
2026/08/05 19:42:06.001, 3, 65.39 W, 0 %, 549 MiB
2026/08/05 19:42:06.002, 4, 66.40 W, 0 %, 549 MiB
2026/08/05 19:42:06.002, 5, 67.23 W, 0 %, 549 MiB
2026/08/05 19:42:06.002, 6, 66.74 W, 0 %, 549 MiB
2026/08/05 19:42:06.003, 7, 68.15 W, 0 %, 549 MiB
2026/08/05 19:42:06.203, 0, 66.34 W, 0 %, 549 MiB
2026/08/05 19:42:06.203, 1, 65.99 W, 0 %, 549 MiB
2026/08/05 19:42:06.203, 2, 66.68 W, 0 %, 549 MiB
2026/08/05 19:42:06.203, 3, 65.72 W, 0 %, 549 MiB
2026/08/05 19:42:06.203, 4, 66.40 W, 0 %, 549 MiB
2026/08/05 19:42:06.203, 5, 67.23 W, 0 %, 549 MiB
2026/08/05 19:42:06.203, 6, 66.74 W, 0 %, 549 MiB
2026/08/05 19:42:06.203, 7, 68.43 W, 0 %, 549 MiB
2026/08/05 19:42:06.403, 0, 66.34 W, 0 %, 549 MiB
2026/08/05 19:42:06.404, 1, 65.99 W, 0 %, 549 MiB
2026/08/05 19:42:06.404, 2, 66.40 W, 0 %, 549 MiB
2026/08/05 19:42:06.404, 3, 65.72 W, 0 %, 549 MiB
2026/08/05 19:42:06.404, 4, 66.40 W, 0 %, 549 MiB
2026/08/05 19:42:06.404, 5, 67.23 W, 0 %, 549 MiB
2026/08/05 19:42:06.404, 6, 66.74 W, 0 %, 549 MiB
2026/08/05 19:42:06.404, 7, 68.15 W, 0 %, 549 MiB
2026/08/05 19:42:06.604, 0, 66.34 W, 0 %, 549 MiB
2026/08/05 19:42:06.604, 1, 65.99 W, 0 %, 549 MiB
2026/08/05 19:42:06.604, 2, 66.61 W, 0 %, 549 MiB
2026/08/05 19:42:06.604, 3, 65.72 W, 0 %, 549 MiB
2026/08/05 19:42:06.604, 4, 66.68 W, 0 %, 549 MiB
2026/08/05 19:42:06.605, 5, 67.23 W, 0 %, 549 MiB
2026/08/05 19:42:06.605, 6, 66.74 W, 0 %, 549 MiB
2026/08/05 19:42:06.605, 7, 68.43 W, 0 %, 549 MiB
2026/08/05 19:42:06.805, 0, 66.34 W, 0 %, 549 MiB
2026/08/05 19:42:06.805, 1, 65.99 W, 0 %, 549 MiB
2026/08/05 19:42:06.805, 2, 66.40 W, 0 %, 549 MiB
2026/08/05 19:42:06.805, 3, 65.39 W, 0 %, 549 MiB
2026/08/05 19:42:06.805, 4, 66.40 W, 0 %, 549 MiB
2026/08/05 19:42:06.805, 5, 67.23 W, 0 %, 549 MiB
2026/08/05 19:42:06.805, 6, 66.74 W, 0 %, 549 MiB
2026/08/05 19:42:06.805, 7, 68.15 W, 0 %, 549 MiB
2026/08/05 19:42:07.005, 0, 66.34 W, 0 %, 549 MiB
2026/08/05 19:42:07.006, 1, 65.99 W, 0 %, 549 MiB
2026/08/05 19:42:07.006, 2, 66.61 W, 0 %, 549 MiB
2026/08/05 19:42:07.006, 3, 65.39 W, 0 %, 549 MiB
2026/08/05 19:42:07.006, 4, 66.40 W, 0 %, 549 MiB
2026/08/05 19:42:07.006, 5, 67.23 W, 0 %, 549 MiB
2026/08/05 19:42:07.006, 6, 66.74 W, 0 %, 549 MiB
2026/08/05 19:42:07.006, 7, 68.15 W, 0 %, 549 MiB
2026/08/05 19:42:07.206, 0, 66.61 W, 0 %, 549 MiB
2026/08/05 19:42:07.206, 1, 65.99 W, 0 %, 549 MiB
2026/08/05 19:42:07.206, 2, 66.68 W, 0 %, 549 MiB
2026/08/05 19:42:07.206, 3, 65.72 W, 0 %, 549 MiB
2026/08/05 19:42:07.207, 4, 66.40 W, 0 %, 549 MiB
2026/08/05 19:42:07.207, 5, 67.23 W, 0 %, 549 MiB
2026/08/05 19:42:07.207, 6, 66.74 W, 0 %, 549 MiB
2026/08/05 19:42:07.207, 7, 68.15 W, 0 %, 549 MiB
2026/08/05 19:42:07.407, 0, 66.34 W, 0 %, 549 MiB
2026/08/05 19:42:07.407, 1, 65.99 W, 0 %, 549 MiB
2026/08/05 19:42:07.407, 2, 66.34 W, 0 %, 549 MiB
2026/08/05 19:42:07.407, 3, 65.72 W, 0 %, 549 MiB
2026/08/05 19:42:07.407, 4, 66.40 W, 0 %, 549 MiB
2026/08/05 19:42:07.407, 5, 67.23 W, 0 %, 549 MiB
2026/08/05 19:42:07.407, 6, 66.74 W, 0 %, 549 MiB
2026/08/05 19:42:07.407, 7, 67.82 W, 0 %, 549 MiB
2026/08/05 19:42:07.608, 0, 66.34 W, 0 %, 549 MiB
2026/08/05 19:42:07.611, 1, 65.99 W, 0 %, 549 MiB
2026/08/05 19:42:07.611, 2, 66.68 W, 0 %, 549 MiB
2026/08/05 19:42:07.611, 3, 65.72 W, 0 %, 549 MiB
2026/08/05 19:42:07.611, 4, 66.68 W, 0 %, 549 MiB
2026/08/05 19:42:07.611, 5, 66.94 W, 0 %, 549 MiB
2026/08/05 19:42:07.611, 6, 66.74 W, 0 %, 549 MiB
2026/08/05 19:42:07.612, 7, 68.15 W, 0 %, 549 MiB
2026/08/05 19:42:07.812, 0, 66.34 W, 0 %, 549 MiB
2026/08/05 19:42:07.812, 1, 65.99 W, 0 %, 549 MiB
2026/08/05 19:42:07.812, 2, 66.40 W, 0 %, 549 MiB
2026/08/05 19:42:07.812, 3, 65.72 W, 0 %, 549 MiB
2026/08/05 19:42:07.812, 4, 66.40 W, 0 %, 549 MiB
2026/08/05 19:42:07.812, 5, 66.94 W, 0 %, 549 MiB
2026/08/05 19:42:07.812, 6, 66.74 W, 0 %, 549 MiB
2026/08/05 19:42:07.812, 7, 67.82 W, 0 %, 549 MiB
2026/08/05 19:42:08.012, 0, 67.23 W, 0 %, 549 MiB
2026/08/05 19:42:08.012, 1, 65.99 W, 0 %, 549 MiB
2026/08/05 19:42:08.012, 2, 66.68 W, 0 %, 549 MiB
2026/08/05 19:42:08.012, 3, 65.72 W, 0 %, 549 MiB
2026/08/05 19:42:08.012, 4, 66.40 W, 0 %, 549 MiB
2026/08/05 19:42:08.012, 5, 66.94 W, 0 %, 549 MiB
2026/08/05 19:42:08.012, 6, 66.74 W, 0 %, 549 MiB
2026/08/05 19:42:08.012, 7, 67.82 W, 0 %, 549 MiB
2026/08/05 19:42:08.213, 0, 66.34 W, 0 %, 549 MiB
2026/08/05 19:42:08.213, 1, 65.99 W, 0 %, 549 MiB
2026/08/05 19:42:08.213, 2, 66.40 W, 0 %, 549 MiB
2026/08/05 19:42:08.213, 3, 65.72 W, 0 %, 549 MiB
2026/08/05 19:42:08.213, 4, 66.40 W, 0 %, 549 MiB
2026/08/05 19:42:08.213, 5, 67.23 W, 0 %, 549 MiB
2026/08/05 19:42:08.213, 6, 66.74 W, 0 %, 549 MiB
2026/08/05 19:42:08.213, 7, 68.15 W, 0 %, 549 MiB
2026/08/05 19:42:08.413, 0, 66.61 W, 0 %, 549 MiB
2026/08/05 19:42:08.413, 1, 65.99 W, 0 %, 549 MiB
2026/08/05 19:42:08.413, 2, 66.68 W, 0 %, 549 MiB
2026/08/05 19:42:08.414, 3, 65.72 W, 0 %, 549 MiB
2026/08/05 19:42:08.414, 4, 66.68 W, 0 %, 549 MiB
2026/08/05 19:42:08.414, 5, 66.94 W, 0 %, 549 MiB
2026/08/05 19:42:08.414, 6, 66.74 W, 0 %, 549 MiB
2026/08/05 19:42:08.414, 7, 68.15 W, 0 %, 549 MiB
2026/08/05 19:42:08.614, 0, 66.61 W, 0 %, 549 MiB
2026/08/05 19:42:08.614, 1, 65.99 W, 0 %, 549 MiB
2026/08/05 19:42:08.614, 2, 66.68 W, 0 %, 549 MiB
2026/08/05 19:42:08.614, 3, 65.72 W, 0 %, 549 MiB
2026/08/05 19:42:08.614, 4, 66.40 W, 0 %, 549 MiB
2026/08/05 19:42:08.614, 5, 67.23 W, 0 %, 549 MiB
2026/08/05 19:42:08.614, 6, 66.74 W, 0 %, 549 MiB
2026/08/05 19:42:08.615, 7, 68.15 W, 0 %, 549 MiB
2026/08/05 19:42:08.815, 0, 67.89 W, 0 %, 549 MiB
2026/08/05 19:42:08.815, 1, 65.99 W, 0 %, 549 MiB
2026/08/05 19:42:08.817, 2, 66.68 W, 0 %, 549 MiB
2026/08/05 19:42:08.818, 3, 65.72 W, 0 %, 549 MiB
2026/08/05 19:42:08.818, 4, 66.68 W, 0 %, 549 MiB
2026/08/05 19:42:08.818, 5, 66.94 W, 0 %, 549 MiB
2026/08/05 19:42:08.818, 6, 66.74 W, 0 %, 549 MiB
2026/08/05 19:42:08.818, 7, 67.82 W, 0 %, 549 MiB
2026/08/05 19:42:09.019, 0, 66.61 W, 0 %, 549 MiB
2026/08/05 19:42:09.019, 1, 65.99 W, 0 %, 549 MiB
2026/08/05 19:42:09.019, 2, 66.61 W, 0 %, 549 MiB
2026/08/05 19:42:09.019, 3, 65.72 W, 0 %, 549 MiB
2026/08/05 19:42:09.019, 4, 66.40 W, 0 %, 549 MiB
2026/08/05 19:42:09.019, 5, 67.23 W, 0 %, 549 MiB
2026/08/05 19:42:09.019, 6, 66.74 W, 0 %, 549 MiB
2026/08/05 19:42:09.019, 7, 67.82 W, 0 %, 549 MiB
2026/08/05 19:42:09.219, 0, 66.94 W, 0 %, 549 MiB
2026/08/05 19:42:09.219, 1, 65.99 W, 0 %, 549 MiB
2026/08/05 19:42:09.220, 2, 66.68 W, 0 %, 549 MiB
2026/08/05 19:42:09.220, 3, 65.72 W, 0 %, 549 MiB
2026/08/05 19:42:09.220, 4, 66.40 W, 0 %, 549 MiB
2026/08/05 19:42:09.220, 5, 67.23 W, 0 %, 549 MiB
2026/08/05 19:42:09.220, 6, 66.74 W, 0 %, 549 MiB
2026/08/05 19:42:09.220, 7, 68.15 W, 0 %, 549 MiB
2026/08/05 19:42:09.420, 0, 66.34 W, 0 %, 549 MiB
2026/08/05 19:42:09.427, 1, 65.99 W, 0 %, 549 MiB
2026/08/05 19:42:09.427, 2, 66.61 W, 0 %, 549 MiB
2026/08/05 19:42:09.427, 3, 65.72 W, 0 %, 549 MiB
2026/08/05 19:42:09.427, 4, 66.40 W, 0 %, 549 MiB
2026/08/05 19:42:09.427, 5, 66.94 W, 0 %, 549 MiB
2026/08/05 19:42:09.427, 6, 66.74 W, 0 %, 549 MiB
2026/08/05 19:42:09.427, 7, 68.15 W, 0 %, 549 MiB
2026/08/05 19:42:09.627, 0, 66.34 W, 0 %, 549 MiB
2026/08/05 19:42:09.628, 1, 65.99 W, 0 %, 549 MiB
2026/08/05 19:42:09.628, 2, 66.68 W, 0 %, 549 MiB
2026/08/05 19:42:09.628, 3, 65.72 W, 0 %, 549 MiB
2026/08/05 19:42:09.628, 4, 66.40 W, 0 %, 549 MiB
2026/08/05 19:42:09.628, 5, 67.23 W, 0 %, 549 MiB
2026/08/05 19:42:09.628, 6, 66.74 W, 0 %, 549 MiB
2026/08/05 19:42:09.628, 7, 68.15 W, 0 %, 549 MiB
2026/08/05 19:42:09.828, 0, 66.34 W, 0 %, 549 MiB
2026/08/05 19:42:09.828, 1, 65.99 W, 0 %, 549 MiB
2026/08/05 19:42:09.828, 2, 66.68 W, 0 %, 549 MiB
2026/08/05 19:42:09.828, 3, 65.39 W, 0 %, 549 MiB
2026/08/05 19:42:09.828, 4, 66.68 W, 0 %, 549 MiB
2026/08/05 19:42:09.829, 5, 67.23 W, 0 %, 549 MiB
2026/08/05 19:42:09.829, 6, 66.74 W, 0 %, 549 MiB
2026/08/05 19:42:09.829, 7, 68.15 W, 0 %, 549 MiB
2026/08/05 19:42:10.029, 0, 66.61 W, 0 %, 549 MiB
2026/08/05 19:42:10.029, 1, 66.28 W, 0 %, 549 MiB
2026/08/05 19:42:10.029, 2, 66.40 W, 0 %, 549 MiB
2026/08/05 19:42:10.029, 3, 66.34 W, 0 %, 549 MiB
2026/08/05 19:42:10.029, 4, 66.40 W, 0 %, 549 MiB
2026/08/05 19:42:10.029, 5, 66.61 W, 0 %, 549 MiB
2026/08/05 19:42:10.029, 6, 66.74 W, 0 %, 549 MiB
2026/08/05 19:42:10.029, 7, 67.82 W, 0 %, 549 MiB
2026/08/05 19:42:10.229, 0, 66.34 W, 0 %, 549 MiB
2026/08/05 19:42:10.230, 1, 65.99 W, 0 %, 549 MiB
2026/08/05 19:42:10.230, 2, 66.68 W, 0 %, 549 MiB
2026/08/05 19:42:10.230, 3, 65.72 W, 0 %, 549 MiB
2026/08/05 19:42:10.230, 4, 66.40 W, 0 %, 549 MiB
2026/08/05 19:42:10.230, 5, 67.23 W, 0 %, 549 MiB
2026/08/05 19:42:10.230, 6, 66.74 W, 0 %, 549 MiB
2026/08/05 19:42:10.230, 7, 68.15 W, 0 %, 549 MiB
2026/08/05 19:42:10.430, 0, 66.34 W, 0 %, 549 MiB
2026/08/05 19:42:10.430, 1, 65.99 W, 0 %, 549 MiB
2026/08/05 19:42:10.430, 2, 66.68 W, 0 %, 549 MiB
2026/08/05 19:42:10.430, 3, 65.39 W, 0 %, 549 MiB
2026/08/05 19:42:10.430, 4, 66.40 W, 0 %, 549 MiB
2026/08/05 19:42:10.430, 5, 67.23 W, 0 %, 549 MiB
2026/08/05 19:42:10.431, 6, 66.74 W, 0 %, 549 MiB
2026/08/05 19:42:10.431, 7, 68.15 W, 0 %, 549 MiB
2026/08/05 19:42:10.631, 0, 66.34 W, 0 %, 549 MiB
2026/08/05 19:42:10.631, 1, 65.99 W, 0 %, 549 MiB
2026/08/05 19:42:10.631, 2, 66.61 W, 0 %, 549 MiB
2026/08/05 19:42:10.631, 3, 65.39 W, 0 %, 549 MiB
2026/08/05 19:42:10.631, 4, 66.34 W, 0 %, 549 MiB
2026/08/05 19:42:10.631, 5, 67.23 W, 0 %, 549 MiB
2026/08/05 19:42:10.631, 6, 66.74 W, 0 %, 549 MiB
2026/08/05 19:42:10.631, 7, 68.15 W, 0 %, 549 MiB
2026/08/05 19:42:10.831, 0, 66.27 W, 0 %, 549 MiB
2026/08/05 19:42:10.831, 1, 65.99 W, 0 %, 549 MiB
2026/08/05 19:42:10.831, 2, 66.61 W, 0 %, 549 MiB
2026/08/05 19:42:10.831, 3, 65.72 W, 0 %, 549 MiB
2026/08/05 19:42:10.831, 4, 66.40 W, 0 %, 549 MiB
2026/08/05 19:42:10.831, 5, 67.23 W, 0 %, 549 MiB
2026/08/05 19:42:10.831, 6, 66.74 W, 0 %, 549 MiB
2026/08/05 19:42:10.831, 7, 67.82 W, 0 %, 549 MiB
2026/08/05 19:42:11.031, 0, 66.34 W, 0 %, 549 MiB
2026/08/05 19:42:11.031, 1, 65.99 W, 0 %, 549 MiB
2026/08/05 19:42:11.031, 2, 66.61 W, 0 %, 549 MiB
2026/08/05 19:42:11.031, 3, 65.39 W, 0 %, 549 MiB
2026/08/05 19:42:11.031, 4, 66.68 W, 0 %, 549 MiB
2026/08/05 19:42:11.031, 5, 67.23 W, 0 %, 549 MiB
2026/08/05 19:42:11.031, 6, 66.74 W, 0 %, 549 MiB
2026/08/05 19:42:11.031, 7, 68.15 W, 0 %, 549 MiB
2026/08/05 19:42:11.231, 0, 66.61 W, 0 %, 549 MiB
2026/08/05 19:42:11.232, 1, 65.99 W, 0 %, 549 MiB
2026/08/05 19:42:11.232, 2, 66.68 W, 0 %, 549 MiB
2026/08/05 19:42:11.232, 3, 65.72 W, 0 %, 549 MiB
2026/08/05 19:42:11.232, 4, 66.40 W, 0 %, 549 MiB
2026/08/05 19:42:11.232, 5, 67.23 W, 0 %, 549 MiB
2026/08/05 19:42:11.234, 6, 66.74 W, 0 %, 549 MiB
2026/08/05 19:42:11.235, 7, 68.15 W, 0 %, 549 MiB
2026/08/05 19:42:11.435, 0, 66.61 W, 0 %, 549 MiB
2026/08/05 19:42:11.435, 1, 66.61 W, 0 %, 549 MiB
2026/08/05 19:42:11.435, 2, 67.01 W, 0 %, 549 MiB
2026/08/05 19:42:11.436, 3, 66.01 W, 0 %, 549 MiB
2026/08/05 19:42:11.436, 4, 66.40 W, 0 %, 549 MiB
2026/08/05 19:42:11.436, 5, 67.23 W, 0 %, 549 MiB
2026/08/05 19:42:11.436, 6, 67.02 W, 0 %, 549 MiB
2026/08/05 19:42:11.436, 7, 68.15 W, 0 %, 549 MiB
2026/08/05 19:42:11.636, 0, 66.34 W, 0 %, 549 MiB
2026/08/05 19:42:11.636, 1, 65.99 W, 0 %, 549 MiB
2026/08/05 19:42:11.636, 2, 66.61 W, 0 %, 549 MiB
2026/08/05 19:42:11.636, 3, 65.72 W, 0 %, 549 MiB
2026/08/05 19:42:11.636, 4, 66.68 W, 0 %, 549 MiB
2026/08/05 19:42:11.636, 5, 67.23 W, 0 %, 549 MiB
2026/08/05 19:42:11.636, 6, 66.74 W, 0 %, 549 MiB
2026/08/05 19:42:11.636, 7, 68.15 W, 0 %, 549 MiB
2026/08/05 19:42:11.836, 0, 66.34 W, 0 %, 549 MiB
2026/08/05 19:42:11.836, 1, 65.99 W, 0 %, 549 MiB
2026/08/05 19:42:11.836, 2, 66.40 W, 0 %, 549 MiB
2026/08/05 19:42:11.836, 3, 65.72 W, 0 %, 549 MiB
2026/08/05 19:42:11.836, 4, 66.40 W, 0 %, 549 MiB
2026/08/05 19:42:11.836, 5, 67.23 W, 0 %, 549 MiB
2026/08/05 19:42:11.836, 6, 66.74 W, 0 %, 549 MiB
2026/08/05 19:42:11.837, 7, 68.15 W, 0 %, 549 MiB
2026/08/05 19:42:12.037, 0, 66.34 W, 0 %, 549 MiB
2026/08/05 19:42:12.037, 1, 65.99 W, 0 %, 549 MiB
2026/08/05 19:42:12.037, 2, 66.68 W, 0 %, 549 MiB
2026/08/05 19:42:12.037, 3, 65.39 W, 0 %, 549 MiB
2026/08/05 19:42:12.037, 4, 66.40 W, 0 %, 549 MiB
2026/08/05 19:42:12.038, 5, 67.23 W, 0 %, 549 MiB
2026/08/05 19:42:12.038, 6, 66.74 W, 0 %, 549 MiB
2026/08/05 19:42:12.038, 7, 68.15 W, 0 %, 549 MiB
2026/08/05 19:42:12.238, 0, 66.34 W, 0 %, 549 MiB
2026/08/05 19:42:12.238, 1, 65.99 W, 0 %, 549 MiB
2026/08/05 19:42:12.238, 2, 66.40 W, 0 %, 549 MiB
2026/08/05 19:42:12.238, 3, 65.72 W, 0 %, 549 MiB
2026/08/05 19:42:12.239, 4, 66.40 W, 0 %, 549 MiB
2026/08/05 19:42:12.239, 5, 67.23 W, 0 %, 549 MiB
2026/08/05 19:42:12.239, 6, 66.74 W, 0 %, 549 MiB
2026/08/05 19:42:12.239, 7, 68.15 W, 0 %, 549 MiB
2026/08/05 19:42:12.439, 0, 66.34 W, 0 %, 549 MiB
2026/08/05 19:42:12.439, 1, 65.99 W, 0 %, 549 MiB
2026/08/05 19:42:12.439, 2, 66.68 W, 0 %, 549 MiB
2026/08/05 19:42:12.439, 3, 65.72 W, 0 %, 549 MiB
2026/08/05 19:42:12.440, 4, 66.68 W, 0 %, 549 MiB
2026/08/05 19:42:12.440, 5, 67.23 W, 0 %, 549 MiB
2026/08/05 19:42:12.440, 6, 66.74 W, 0 %, 549 MiB
2026/08/05 19:42:12.440, 7, 68.15 W, 0 %, 549 MiB
2026/08/05 19:42:12.640, 0, 66.34 W, 0 %, 549 MiB
2026/08/05 19:42:12.641, 1, 66.28 W, 0 %, 549 MiB
2026/08/05 19:42:12.641, 2, 66.40 W, 0 %, 549 MiB
2026/08/05 19:42:12.642, 3, 65.72 W, 0 %, 549 MiB
2026/08/05 19:42:12.642, 4, 66.40 W, 0 %, 549 MiB
2026/08/05 19:42:12.642, 5, 67.23 W, 0 %, 549 MiB
2026/08/05 19:42:12.642, 6, 66.74 W, 0 %, 549 MiB
2026/08/05 19:42:12.642, 7, 67.82 W, 0 %, 549 MiB
2026/08/05 19:42:12.843, 0, 66.34 W, 0 %, 549 MiB
2026/08/05 19:42:12.843, 1, 65.99 W, 0 %, 549 MiB
2026/08/05 19:42:12.843, 2, 66.68 W, 0 %, 549 MiB
2026/08/05 19:42:12.843, 3, 65.39 W, 0 %, 549 MiB
2026/08/05 19:42:12.843, 4, 66.68 W, 0 %, 549 MiB
2026/08/05 19:42:12.843, 5, 66.61 W, 0 %, 549 MiB
2026/08/05 19:42:12.843, 6, 66.74 W, 0 %, 549 MiB
2026/08/05 19:42:12.843, 7, 68.15 W, 0 %, 549 MiB
2026/08/05 19:42:13.043, 0, 66.34 W, 0 %, 549 MiB
2026/08/05 19:42:13.044, 1, 65.99 W, 0 %, 549 MiB
2026/08/05 19:42:13.044, 2, 66.68 W, 0 %, 549 MiB
2026/08/05 19:42:13.044, 3, 65.39 W, 0 %, 549 MiB
2026/08/05 19:42:13.044, 4, 66.68 W, 0 %, 549 MiB
2026/08/05 19:42:13.044, 5, 67.23 W, 0 %, 549 MiB
2026/08/05 19:42:13.044, 6, 66.74 W, 0 %, 549 MiB
2026/08/05 19:42:13.044, 7, 68.15 W, 0 %, 549 MiB
2026/08/05 19:42:13.244, 0, 66.34 W, 0 %, 549 MiB
2026/08/05 19:42:13.244, 1, 66.28 W, 0 %, 549 MiB
2026/08/05 19:42:13.244, 2, 66.61 W, 0 %, 549 MiB
2026/08/05 19:42:13.244, 3, 65.72 W, 0 %, 549 MiB
2026/08/05 19:42:13.244, 4, 66.68 W, 0 %, 549 MiB
2026/08/05 19:42:13.245, 5, 67.23 W, 0 %, 549 MiB
2026/08/05 19:42:13.245, 6, 66.74 W, 0 %, 549 MiB
2026/08/05 19:42:13.245, 7, 68.15 W, 0 %, 549 MiB
2026/08/05 19:42:13.445, 0, 66.34 W, 0 %, 549 MiB
2026/08/05 19:42:13.445, 1, 65.99 W, 0 %, 549 MiB
2026/08/05 19:42:13.445, 2, 66.40 W, 0 %, 549 MiB
2026/08/05 19:42:13.445, 3, 65.39 W, 0 %, 549 MiB
2026/08/05 19:42:13.445, 4, 66.40 W, 0 %, 549 MiB
2026/08/05 19:42:13.445, 5, 67.23 W, 0 %, 549 MiB
2026/08/05 19:42:13.446, 6, 66.74 W, 0 %, 549 MiB
2026/08/05 19:42:13.446, 7, 67.82 W, 0 %, 549 MiB
2026/08/05 19:42:13.646, 0, 66.27 W, 0 %, 549 MiB
2026/08/05 19:42:13.646, 1, 65.99 W, 0 %, 549 MiB
2026/08/05 19:42:13.647, 2, 66.40 W, 0 %, 549 MiB
2026/08/05 19:42:13.647, 3, 65.39 W, 0 %, 549 MiB
2026/08/05 19:42:13.647, 4, 66.40 W, 0 %, 549 MiB
2026/08/05 19:42:13.647, 5, 67.23 W, 0 %, 549 MiB
2026/08/05 19:42:13.647, 6, 66.74 W, 0 %, 549 MiB
2026/08/05 19:42:13.647, 7, 68.15 W, 0 %, 549 MiB
2026/08/05 19:42:13.847, 0, 66.54 W, 0 %, 549 MiB
2026/08/05 19:42:13.848, 1, 66.28 W, 0 %, 549 MiB
2026/08/05 19:42:13.848, 2, 66.61 W, 0 %, 549 MiB
2026/08/05 19:42:13.848, 3, 65.72 W, 0 %, 549 MiB
2026/08/05 19:42:13.848, 4, 66.40 W, 0 %, 549 MiB
2026/08/05 19:42:13.848, 5, 67.23 W, 0 %, 549 MiB
2026/08/05 19:42:13.848, 6, 66.74 W, 0 %, 549 MiB
2026/08/05 19:42:13.848, 7, 68.15 W, 0 %, 549 MiB
2026/08/05 19:42:14.048, 0, 66.27 W, 0 %, 549 MiB
2026/08/05 19:42:14.048, 1, 65.99 W, 0 %, 549 MiB
2026/08/05 19:42:14.048, 2, 66.68 W, 0 %, 549 MiB
2026/08/05 19:42:14.048, 3, 65.72 W, 0 %, 549 MiB
2026/08/05 19:42:14.048, 4, 66.68 W, 0 %, 549 MiB
2026/08/05 19:42:14.049, 5, 67.23 W, 0 %, 549 MiB
2026/08/05 19:42:14.049, 6, 66.74 W, 0 %, 549 MiB
2026/08/05 19:42:14.049, 7, 68.15 W, 0 %, 549 MiB
2026/08/05 19:42:14.249, 0, 66.27 W, 0 %, 549 MiB
2026/08/05 19:42:14.249, 1, 65.99 W, 0 %, 549 MiB
2026/08/05 19:42:14.249, 2, 66.61 W, 0 %, 549 MiB
2026/08/05 19:42:14.249, 3, 65.39 W, 0 %, 549 MiB
2026/08/05 19:42:14.249, 4, 66.40 W, 0 %, 549 MiB
2026/08/05 19:42:14.249, 5, 66.61 W, 0 %, 549 MiB
2026/08/05 19:42:14.249, 6, 66.74 W, 0 %, 549 MiB
2026/08/05 19:42:14.249, 7, 67.82 W, 0 %, 549 MiB
2026/08/05 19:42:14.450, 0, 66.27 W, 0 %, 549 MiB
2026/08/05 19:42:14.450, 1, 65.99 W, 0 %, 549 MiB
2026/08/05 19:42:14.450, 2, 66.34 W, 0 %, 549 MiB
2026/08/05 19:42:14.450, 3, 65.39 W, 0 %, 549 MiB
2026/08/05 19:42:14.450, 4, 66.40 W, 0 %, 549 MiB
2026/08/05 19:42:14.450, 5, 67.23 W, 0 %, 549 MiB
2026/08/05 19:42:14.450, 6, 66.74 W, 0 %, 549 MiB
2026/08/05 19:42:14.450, 7, 67.82 W, 0 %, 549 MiB
2026/08/05 19:42:14.650, 0, 66.34 W, 0 %, 549 MiB
2026/08/05 19:42:14.651, 1, 66.28 W, 0 %, 549 MiB
2026/08/05 19:42:14.652, 2, 66.61 W, 0 %, 549 MiB
2026/08/05 19:42:14.652, 3, 65.39 W, 0 %, 549 MiB
2026/08/05 19:42:14.652, 4, 66.40 W, 0 %, 549 MiB
2026/08/05 19:42:14.653, 5, 67.23 W, 0 %, 549 MiB
2026/08/05 19:42:14.656, 6, 67.02 W, 0 %, 549 MiB
2026/08/05 19:42:14.656, 7, 68.15 W, 0 %, 549 MiB
2026/08/05 19:42:14.857, 0, 66.61 W, 0 %, 550 MiB
2026/08/05 19:42:14.860, 1, 68.16 W, 0 %, 550 MiB
2026/08/05 19:42:14.860, 2, 66.94 W, 0 %, 550 MiB
2026/08/05 19:42:14.861, 3, 66.94 W, 0 %, 549 MiB
2026/08/05 19:42:14.861, 4, 67.01 W, 0 %, 549 MiB
2026/08/05 19:42:14.862, 5, 67.23 W, 0 %, 549 MiB
2026/08/05 19:42:14.862, 6, 66.74 W, 0 %, 549 MiB
2026/08/05 19:42:14.862, 7, 68.15 W, 0 %, 549 MiB
2026/08/05 19:42:15.070, 0, 66.34 W, 0 %, 550 MiB
2026/08/05 19:42:15.070, 1, 65.99 W, 0 %, 550 MiB
2026/08/05 19:42:15.072, 2, 66.68 W, 0 %, 550 MiB
2026/08/05 19:42:15.073, 3, 66.94 W, 0 %, 550 MiB
2026/08/05 19:42:15.073, 4, 67.29 W, 0 %, 550 MiB
2026/08/05 19:42:15.074, 5, 67.23 W, 0 %, 549 MiB
2026/08/05 19:42:15.074, 6, 67.02 W, 0 %, 549 MiB
2026/08/05 19:42:15.075, 7, 68.15 W, 0 %, 549 MiB
2026/08/05 19:42:15.277, 0, 66.61 W, 0 %, 550 MiB
2026/08/05 19:42:15.279, 1, 66.28 W, 0 %, 550 MiB
2026/08/05 19:42:15.279, 2, 66.68 W, 0 %, 550 MiB
2026/08/05 19:42:15.279, 3, 65.72 W, 0 %, 550 MiB
2026/08/05 19:42:15.280, 4, 66.68 W, 0 %, 550 MiB
2026/08/05 19:42:15.282, 5, 67.56 W, 0 %, 550 MiB
2026/08/05 19:42:15.282, 6, 68.29 W, 0 %, 550 MiB
2026/08/05 19:42:15.283, 7, 68.76 W, 0 %, 549 MiB
2026/08/05 19:42:15.484, 0, 66.94 W, 0 %, 550 MiB
2026/08/05 19:42:15.530, 1, 67.22 W, 0 %, 550 MiB
2026/08/05 19:42:15.531, 2, 66.94 W, 0 %, 550 MiB
2026/08/05 19:42:15.531, 3, 65.72 W, 0 %, 550 MiB
2026/08/05 19:42:15.531, 4, 67.29 W, 0 %, 550 MiB
2026/08/05 19:42:15.531, 5, 67.23 W, 0 %, 550 MiB
2026/08/05 19:42:15.531, 6, 67.02 W, 0 %, 550 MiB
2026/08/05 19:42:15.532, 7, 70.30 W, 0 %, 566 MiB
2026/08/05 19:42:15.733, 0, 66.61 W, 0 %, 550 MiB
2026/08/05 19:42:15.777, 1, 65.99 W, 0 %, 550 MiB
2026/08/05 19:42:15.777, 2, 67.01 W, 0 %, 550 MiB
2026/08/05 19:42:15.777, 3, 65.72 W, 0 %, 566 MiB
2026/08/05 19:42:15.777, 4, 66.68 W, 0 %, 550 MiB
2026/08/05 19:42:15.778, 5, 68.78 W, 0 %, 566 MiB
2026/08/05 19:42:15.778, 6, 67.35 W, 0 %, 550 MiB
2026/08/05 19:42:15.779, 7, 68.15 W, 0 %, 566 MiB
2026/08/05 19:42:15.979, 0, 66.61 W, 0 %, 550 MiB
2026/08/05 19:42:15.984, 1, 65.99 W, 0 %, 566 MiB
2026/08/05 19:42:15.985, 2, 66.68 W, 0 %, 550 MiB
2026/08/05 19:42:15.985, 3, 66.34 W, 0 %, 566 MiB
2026/08/05 19:42:15.986, 4, 67.01 W, 0 %, 550 MiB
2026/08/05 19:42:15.986, 5, 67.23 W, 0 %, 566 MiB
2026/08/05 19:42:15.987, 6, 67.02 W, 0 %, 566 MiB
2026/08/05 19:42:15.987, 7, 68.15 W, 0 %, 566 MiB
2026/08/05 19:42:16.192, 0, 66.61 W, 0 %, 566 MiB
2026/08/05 19:42:16.228, 1, 66.28 W, 0 %, 566 MiB
2026/08/05 19:42:16.236, 2, 66.68 W, 0 %, 566 MiB
2026/08/05 19:42:16.239, 3, 66.01 W, 0 %, 567 MiB
2026/08/05 19:42:16.240, 4, 66.40 W, 0 %, 566 MiB
2026/08/05 19:42:16.245, 5, 67.23 W, 0 %, 567 MiB
2026/08/05 19:42:16.251, 6, 66.74 W, 0 %, 566 MiB
2026/08/05 19:42:16.257, 7, 68.15 W, 0 %, 567 MiB
2026/08/05 19:42:16.464, 0, 66.61 W, 0 %, 566 MiB
2026/08/05 19:42:16.467, 1, 67.83 W, 0 %, 567 MiB
2026/08/05 19:42:16.476, 2, 66.68 W, 0 %, 566 MiB
2026/08/05 19:42:16.488, 3, 66.01 W, 0 %, 567 MiB
2026/08/05 19:42:16.500, 4, 67.63 W, 0 %, 566 MiB
2026/08/05 19:42:16.508, 5, 67.56 W, 0 %, 567 MiB
2026/08/05 19:42:16.517, 6, 67.68 W, 0 %, 567 MiB
2026/08/05 19:42:16.526, 7, 68.43 W, 0 %, 569 MiB
2026/08/05 19:42:16.736, 0, 66.61 W, 0 %, 567 MiB
2026/08/05 19:42:16.737, 1, 67.22 W, 0 %, 573 MiB
2026/08/05 19:42:16.740, 2, 67.29 W, 0 %, 567 MiB
2026/08/05 19:42:16.741, 3, 65.72 W, 2 %, 975 MiB
2026/08/05 19:42:16.742, 4, 67.63 W, 0 %, 569 MiB
2026/08/05 19:42:16.746, 5, 67.23 W, 2 %, 971 MiB
2026/08/05 19:42:16.748, 6, 67.02 W, 1 %, 579 MiB
2026/08/05 19:42:16.750, 7, 68.15 W, 2 %, 1049 MiB
2026/08/05 19:42:16.955, 0, 67.23 W, 1 %, 1049 MiB
2026/08/05 19:42:16.955, 1, 66.28 W, 3 %, 1049 MiB
2026/08/05 19:42:16.955, 2, 66.94 W, 0 %, 1049 MiB
2026/08/05 19:42:16.955, 3, 65.72 W, 7 %, 1049 MiB
2026/08/05 19:42:16.955, 4, 66.40 W, 3 %, 1049 MiB
2026/08/05 19:42:16.955, 5, 67.23 W, 7 %, 1049 MiB
2026/08/05 19:42:16.955, 6, 67.96 W, 7 %, 1049 MiB
2026/08/05 19:42:16.955, 7, 68.43 W, 7 %, 1049 MiB
2026/08/05 19:42:17.156, 0, 66.34 W, 8 %, 1097 MiB
2026/08/05 19:42:17.156, 1, 66.28 W, 7 %, 1097 MiB
2026/08/05 19:42:17.157, 2, 67.23 W, 9 %, 1097 MiB
2026/08/05 19:42:17.157, 3, 65.72 W, 6 %, 1097 MiB
2026/08/05 19:42:17.159, 4, 66.68 W, 12 %, 1097 MiB
2026/08/05 19:42:17.159, 5, 67.23 W, 6 %, 1097 MiB
2026/08/05 19:42:17.160, 6, 67.02 W, 6 %, 1097 MiB
2026/08/05 19:42:17.160, 7, 69.57 W, 4 %, 1097 MiB
2026/08/05 19:42:17.361, 0, 66.61 W, 6 %, 1097 MiB
2026/08/05 19:42:17.361, 1, 66.61 W, 5 %, 1097 MiB
2026/08/05 19:42:17.361, 2, 67.01 W, 6 %, 1097 MiB
2026/08/05 19:42:17.362, 3, 66.01 W, 0 %, 1097 MiB
2026/08/05 19:42:17.362, 4, 67.01 W, 0 %, 1097 MiB
2026/08/05 19:42:17.362, 5, 67.89 W, 0 %, 1097 MiB
2026/08/05 19:42:17.362, 6, 67.35 W, 0 %, 1097 MiB
2026/08/05 19:42:17.362, 7, 68.15 W, 2 %, 1097 MiB
2026/08/05 19:42:17.563, 0, 66.61 W, 0 %, 1097 MiB
2026/08/05 19:42:17.563, 1, 66.61 W, 0 %, 1097 MiB
2026/08/05 19:42:17.563, 2, 67.63 W, 0 %, 1097 MiB
2026/08/05 19:42:17.563, 3, 65.72 W, 0 %, 1097 MiB
2026/08/05 19:42:17.563, 4, 66.68 W, 0 %, 1097 MiB
2026/08/05 19:42:17.563, 5, 67.56 W, 0 %, 1097 MiB
2026/08/05 19:42:17.563, 6, 66.74 W, 0 %, 1097 MiB
2026/08/05 19:42:17.563, 7, 68.15 W, 0 %, 1097 MiB
2026/08/05 19:42:17.763, 0, 66.94 W, 0 %, 1385 MiB
2026/08/05 19:42:17.763, 1, 66.61 W, 0 %, 1385 MiB
2026/08/05 19:42:17.764, 2, 67.29 W, 0 %, 1385 MiB
2026/08/05 19:42:17.764, 3, 66.01 W, 0 %, 1385 MiB
2026/08/05 19:42:17.764, 4, 67.01 W, 0 %, 1385 MiB
2026/08/05 19:42:17.764, 5, 67.56 W, 0 %, 1385 MiB
2026/08/05 19:42:17.764, 6, 67.96 W, 1 %, 1385 MiB
2026/08/05 19:42:17.764, 7, 68.15 W, 0 %, 1385 MiB
2026/08/05 19:42:17.964, 0, 66.54 W, 1 %, 1553 MiB
2026/08/05 19:42:17.965, 1, 66.28 W, 1 %, 1553 MiB
2026/08/05 19:42:17.965, 2, 66.68 W, 0 %, 1553 MiB
2026/08/05 19:42:17.965, 3, 65.72 W, 1 %, 1553 MiB
2026/08/05 19:42:17.970, 4, 67.29 W, 1 %, 1553 MiB
2026/08/05 19:42:17.971, 5, 67.56 W, 1 %, 1553 MiB
2026/08/05 19:42:17.971, 6, 67.35 W, 0 %, 1553 MiB
2026/08/05 19:42:17.972, 7, 68.15 W, 1 %, 1553 MiB
2026/08/05 19:42:18.173, 0, 66.61 W, 0 %, 1553 MiB
2026/08/05 19:42:18.173, 1, 66.28 W, 0 %, 1553 MiB
2026/08/05 19:42:18.174, 2, 67.01 W, 1 %, 1553 MiB
2026/08/05 19:42:18.174, 3, 65.72 W, 0 %, 1553 MiB
2026/08/05 19:42:18.174, 4, 66.68 W, 0 %, 1553 MiB
2026/08/05 19:42:18.175, 5, 66.94 W, 0 %, 1553 MiB
2026/08/05 19:42:18.176, 6, 67.35 W, 0 %, 1553 MiB
2026/08/05 19:42:18.177, 7, 68.43 W, 0 %, 1553 MiB
2026/08/05 19:42:18.377, 0, 66.94 W, 0 %, 1583 MiB
2026/08/05 19:42:18.380, 1, 66.28 W, 0 %, 1583 MiB
2026/08/05 19:42:18.383, 2, 67.01 W, 0 %, 1563 MiB
2026/08/05 19:42:18.383, 3, 66.01 W, 0 %, 1593 MiB
2026/08/05 19:42:18.385, 4, 67.96 W, 0 %, 1573 MiB
2026/08/05 19:42:18.385, 5, 67.56 W, 0 %, 1573 MiB
2026/08/05 19:42:18.386, 6, 67.02 W, 0 %, 1593 MiB
2026/08/05 19:42:18.389, 7, 68.76 W, 0 %, 1563 MiB
2026/08/05 19:42:18.590, 0, 66.94 W, 0 %, 1593 MiB
2026/08/05 19:42:18.591, 1, 66.28 W, 0 %, 1593 MiB
2026/08/05 19:42:18.592, 2, 66.94 W, 0 %, 1593 MiB
2026/08/05 19:42:18.592, 3, 65.72 W, 0 %, 1593 MiB
2026/08/05 19:42:18.593, 4, 67.96 W, 0 %, 1593 MiB
2026/08/05 19:42:18.593, 5, 67.56 W, 0 %, 1593 MiB
2026/08/05 19:42:18.594, 6, 67.35 W, 0 %, 1593 MiB
2026/08/05 19:42:18.594, 7, 68.43 W, 0 %, 1593 MiB
2026/08/05 19:42:18.794, 0, 66.61 W, 0 %, 1593 MiB
2026/08/05 19:42:18.798, 1, 66.61 W, 0 %, 1593 MiB
2026/08/05 19:42:18.799, 2, 66.68 W, 0 %, 1593 MiB
2026/08/05 19:42:18.800, 3, 66.01 W, 0 %, 1593 MiB
2026/08/05 19:42:18.801, 4, 67.29 W, 0 %, 1593 MiB
2026/08/05 19:42:18.801, 5, 66.94 W, 0 %, 1593 MiB
2026/08/05 19:42:18.801, 6, 67.02 W, 0 %, 1593 MiB
2026/08/05 19:42:18.802, 7, 68.15 W, 0 %, 1593 MiB
2026/08/05 19:42:19.002, 0, 66.61 W, 0 %, 1729 MiB
2026/08/05 19:42:19.003, 1, 68.77 W, 0 %, 1759 MiB
2026/08/05 19:42:19.003, 2, 67.56 W, 0 %, 1759 MiB
2026/08/05 19:42:19.003, 3, 66.01 W, 0 %, 1759 MiB
2026/08/05 19:42:19.003, 4, 66.68 W, 0 %, 1759 MiB
2026/08/05 19:42:19.003, 5, 69.11 W, 0 %, 1759 MiB
2026/08/05 19:42:19.003, 6, 67.35 W, 9 %, 1759 MiB
2026/08/05 19:42:19.003, 7, 68.69 W, 0 %, 1759 MiB
2026/08/05 19:42:19.203, 0, 66.54 W, 8 %, 1783 MiB
2026/08/05 19:42:19.204, 1, 68.44 W, 14 %, 1759 MiB
2026/08/05 19:42:19.204, 2, 66.94 W, 0 %, 1759 MiB
2026/08/05 19:42:19.204, 3, 73.71 W, 13 %, 1759 MiB
2026/08/05 19:42:19.204, 4, 67.01 W, 14 %, 1759 MiB
2026/08/05 19:42:19.204, 5, 69.11 W, 13 %, 1759 MiB
2026/08/05 19:42:19.204, 6, 67.02 W, 5 %, 1759 MiB
2026/08/05 19:42:19.204, 7, 68.96 W, 13 %, 1759 MiB
2026/08/05 19:42:19.404, 0, 66.27 W, 12 %, 1783 MiB
2026/08/05 19:42:19.404, 1, 65.99 W, 0 %, 1759 MiB
2026/08/05 19:42:19.404, 2, 66.61 W, 14 %, 1759 MiB
2026/08/05 19:42:19.404, 3, 65.39 W, 0 %, 1759 MiB
2026/08/05 19:42:19.405, 4, 66.68 W, 0 %, 1759 MiB
2026/08/05 19:42:19.405, 5, 67.23 W, 0 %, 1759 MiB
2026/08/05 19:42:19.405, 6, 66.74 W, 0 %, 1759 MiB
2026/08/05 19:42:19.406, 7, 67.75 W, 0 %, 1759 MiB
2026/08/05 19:42:19.606, 0, 66.34 W, 0 %, 1783 MiB
2026/08/05 19:42:19.606, 1, 65.99 W, 0 %, 1759 MiB
2026/08/05 19:42:19.606, 2, 66.68 W, 0 %, 1759 MiB
2026/08/05 19:42:19.606, 3, 65.72 W, 0 %, 1759 MiB
2026/08/05 19:42:19.606, 4, 67.01 W, 0 %, 1759 MiB
2026/08/05 19:42:19.606, 5, 66.94 W, 0 %, 1759 MiB
2026/08/05 19:42:19.606, 6, 66.74 W, 0 %, 1759 MiB
2026/08/05 19:42:19.606, 7, 68.15 W, 0 %, 1759 MiB
2026/08/05 19:42:19.806, 0, 66.34 W, 0 %, 1783 MiB
2026/08/05 19:42:19.807, 1, 65.99 W, 0 %, 1759 MiB
2026/08/05 19:42:19.807, 2, 66.61 W, 0 %, 1759 MiB
2026/08/05 19:42:19.807, 3, 65.39 W, 0 %, 1759 MiB
2026/08/05 19:42:19.807, 4, 66.68 W, 0 %, 1759 MiB
2026/08/05 19:42:19.807, 5, 67.23 W, 0 %, 1759 MiB
2026/08/05 19:42:19.807, 6, 66.74 W, 0 %, 1759 MiB
2026/08/05 19:42:19.807, 7, 68.08 W, 0 %, 1759 MiB
2026/08/05 19:42:20.007, 0, 66.27 W, 0 %, 1783 MiB
2026/08/05 19:42:20.007, 1, 65.99 W, 0 %, 1759 MiB
2026/08/05 19:42:20.008, 2, 66.61 W, 0 %, 1759 MiB
2026/08/05 19:42:20.008, 3, 65.39 W, 0 %, 1759 MiB
2026/08/05 19:42:20.010, 4, 66.68 W, 0 %, 1771 MiB
2026/08/05 19:42:20.011, 5, 67.23 W, 0 %, 1783 MiB
2026/08/05 19:42:20.011, 6, 66.74 W, 0 %, 1783 MiB
2026/08/05 19:42:20.011, 7, 68.15 W, 0 %, 1771 MiB
2026/08/05 19:42:20.213, 0, 66.61 W, 0 %, 1783 MiB
2026/08/05 19:42:20.213, 1, 66.28 W, 0 %, 1759 MiB
2026/08/05 19:42:20.213, 2, 66.68 W, 0 %, 1771 MiB
2026/08/05 19:42:20.213, 3, 66.01 W, 0 %, 1783 MiB
2026/08/05 19:42:20.213, 4, 67.29 W, 0 %, 1783 MiB
2026/08/05 19:42:20.213, 5, 67.23 W, 0 %, 1783 MiB
2026/08/05 19:42:20.213, 6, 66.74 W, 0 %, 1783 MiB
2026/08/05 19:42:20.214, 7, 68.08 W, 0 %, 1771 MiB
2026/08/05 19:42:20.414, 0, 66.27 W, 0 %, 1783 MiB
2026/08/05 19:42:20.414, 1, 65.99 W, 0 %, 1759 MiB
2026/08/05 19:42:20.414, 2, 66.61 W, 0 %, 1771 MiB
2026/08/05 19:42:20.414, 3, 65.72 W, 0 %, 1783 MiB
2026/08/05 19:42:20.414, 4, 66.68 W, 0 %, 1783 MiB
2026/08/05 19:42:20.414, 5, 67.23 W, 0 %, 1783 MiB
2026/08/05 19:42:20.414, 6, 66.74 W, 0 %, 1783 MiB
2026/08/05 19:42:20.414, 7, 68.15 W, 0 %, 1771 MiB
2026/08/05 19:42:20.614, 0, 66.34 W, 0 %, 1783 MiB
2026/08/05 19:42:20.615, 1, 65.99 W, 0 %, 1765 MiB
2026/08/05 19:42:20.615, 2, 66.61 W, 0 %, 1771 MiB
2026/08/05 19:42:20.615, 3, 65.39 W, 0 %, 1783 MiB
2026/08/05 19:42:20.617, 4, 66.68 W, 0 %, 1783 MiB
2026/08/05 19:42:20.617, 5, 67.23 W, 0 %, 1783 MiB
2026/08/05 19:42:20.617, 6, 66.74 W, 0 %, 1783 MiB
2026/08/05 19:42:20.617, 7, 68.15 W, 0 %, 1771 MiB
2026/08/05 19:42:20.817, 0, 66.94 W, 0 %, 1847 MiB
2026/08/05 19:42:20.818, 1, 66.88 W, 0 %, 1823 MiB
2026/08/05 19:42:20.818, 2, 66.61 W, 0 %, 1825 MiB
2026/08/05 19:42:20.818, 3, 65.72 W, 0 %, 1825 MiB
2026/08/05 19:42:20.818, 4, 66.68 W, 0 %, 1825 MiB
2026/08/05 19:42:20.818, 5, 67.23 W, 0 %, 1825 MiB
2026/08/05 19:42:20.818, 6, 67.02 W, 0 %, 1823 MiB
2026/08/05 19:42:20.818, 7, 68.15 W, 0 %, 1825 MiB
2026/08/05 19:42:21.018, 0, 66.61 W, 0 %, 1847 MiB
2026/08/05 19:42:21.018, 1, 65.99 W, 4 %, 1825 MiB
2026/08/05 19:42:21.019, 2, 66.61 W, 0 %, 1825 MiB
2026/08/05 19:42:21.019, 3, 65.72 W, 8 %, 1825 MiB
2026/08/05 19:42:21.022, 4, 67.01 W, 8 %, 1849 MiB
2026/08/05 19:42:21.022, 5, 67.23 W, 8 %, 1831 MiB
2026/08/05 19:42:21.022, 6, 71.05 W, 7 %, 1837 MiB
2026/08/05 19:42:21.026, 7, 67.82 W, 5 %, 1837 MiB
2026/08/05 19:42:21.226, 0, 66.61 W, 8 %, 1903 MiB
2026/08/05 19:42:21.228, 1, 66.61 W, 3 %, 1873 MiB
2026/08/05 19:42:21.229, 2, 66.61 W, 8 %, 1873 MiB
2026/08/05 19:42:21.229, 3, 66.01 W, 0 %, 1873 MiB
2026/08/05 19:42:21.229, 4, 66.68 W, 0 %, 1873 MiB
2026/08/05 19:42:21.230, 5, 67.23 W, 0 %, 1881 MiB
2026/08/05 19:42:21.230, 6, 67.02 W, 0 %, 1881 MiB
2026/08/05 19:42:21.230, 7, 68.15 W, 3 %, 1889 MiB
2026/08/05 19:42:21.430, 0, 69.11 W, 0 %, 5391 MiB
2026/08/05 19:42:21.431, 1, 68.77 W, 0 %, 5501 MiB
2026/08/05 19:42:21.431, 2, 69.38 W, 0 %, 5461 MiB
2026/08/05 19:42:21.432, 3, 68.16 W, 9 %, 5441 MiB
2026/08/05 19:42:21.432, 4, 69.45 W, 2 %, 5501 MiB
2026/08/05 19:42:21.433, 5, 69.71 W, 9 %, 5541 MiB
2026/08/05 19:42:21.433, 6, 70.11 W, 9 %, 5561 MiB
2026/08/05 19:42:21.434, 7, 70.90 W, 0 %, 5549 MiB
2026/08/05 19:42:21.634, 0, 69.11 W, 10 %, 8291 MiB
2026/08/05 19:42:21.635, 1, 69.06 W, 11 %, 8461 MiB
2026/08/05 19:42:21.636, 2, 69.79 W, 2 %, 8501 MiB
2026/08/05 19:42:21.637, 3, 66.94 W, 2 %, 8021 MiB
2026/08/05 19:42:21.637, 4, 68.85 W, 9 %, 8161 MiB
2026/08/05 19:42:21.638, 5, 69.71 W, 2 %, 8341 MiB
2026/08/05 19:42:21.638, 6, 69.50 W, 2 %, 8381 MiB
2026/08/05 19:42:21.638, 7, 71.18 W, 11 %, 8549 MiB
2026/08/05 19:42:21.840, 0, 67.56 W, 2 %, 10291 MiB
2026/08/05 19:42:21.840, 1, 66.61 W, 2 %, 10221 MiB
2026/08/05 19:42:21.842, 2, 67.63 W, 2 %, 10661 MiB
2026/08/05 19:42:21.843, 3, 67.56 W, 2 %, 10041 MiB
2026/08/05 19:42:21.844, 4, 67.96 W, 2 %, 10201 MiB
2026/08/05 19:42:21.845, 5, 68.49 W, 2 %, 10381 MiB
2026/08/05 19:42:21.847, 6, 68.90 W, 1 %, 10341 MiB
2026/08/05 19:42:21.849, 7, 69.64 W, 2 %, 10509 MiB
2026/08/05 19:42:22.050, 0, 69.93 W, 1 %, 13671 MiB
2026/08/05 19:42:22.050, 1, 68.77 W, 1 %, 13501 MiB
2026/08/05 19:42:22.051, 2, 69.71 W, 1 %, 14221 MiB
2026/08/05 19:42:22.051, 3, 69.11 W, 1 %, 13341 MiB
2026/08/05 19:42:22.052, 4, 67.96 W, 1 %, 13841 MiB
2026/08/05 19:42:22.053, 5, 69.38 W, 1 %, 13681 MiB
2026/08/05 19:42:22.054, 6, 70.11 W, 1 %, 13861 MiB
2026/08/05 19:42:22.054, 7, 70.23 W, 1 %, 13929 MiB
2026/08/05 19:42:22.255, 0, 68.78 W, 2 %, 16991 MiB
2026/08/05 19:42:22.256, 1, 68.44 W, 2 %, 16841 MiB
2026/08/05 19:42:22.256, 2, 69.11 W, 3 %, 17201 MiB
2026/08/05 19:42:22.257, 3, 68.78 W, 2 %, 16781 MiB
2026/08/05 19:42:22.258, 4, 69.18 W, 2 %, 17201 MiB
2026/08/05 19:42:22.258, 5, 70.00 W, 2 %, 17201 MiB
2026/08/05 19:42:22.259, 6, 69.78 W, 3 %, 17161 MiB
2026/08/05 19:42:22.259, 7, 70.50 W, 2 %, 17209 MiB
2026/08/05 19:42:22.460, 0, 89.69 W, 2 %, 17131 MiB
2026/08/05 19:42:22.460, 1, 81.38 W, 2 %, 17201 MiB
2026/08/05 19:42:22.460, 2, 83.29 W, 26 %, 17201 MiB
2026/08/05 19:42:22.460, 3, 70.00 W, 2 %, 17201 MiB
2026/08/05 19:42:22.460, 4, 89.17 W, 52 %, 17201 MiB
2026/08/05 19:42:22.460, 5, 75.18 W, 3 %, 17201 MiB
2026/08/05 19:42:22.460, 6, 67.96 W, 11 %, 17201 MiB
2026/08/05 19:42:22.460, 7, 85.21 W, 2 %, 17209 MiB
2026/08/05 19:42:22.660, 0, 79.83 W, 48 %, 17131 MiB
2026/08/05 19:42:22.663, 1, 67.76 W, 23 %, 17201 MiB
2026/08/05 19:42:22.663, 2, 84.51 W, 58 %, 17201 MiB
2026/08/05 19:42:22.663, 3, 67.23 W, 10 %, 17201 MiB
2026/08/05 19:42:22.668, 4, 85.13 W, 11 %, 17201 MiB
2026/08/05 19:42:22.671, 5, 86.31 W, 55 %, 17201 MiB
2026/08/05 19:42:22.671, 6, 78.73 W, 47 %, 17201 MiB
2026/08/05 19:42:22.671, 7, 87.69 W, 11 %, 17209 MiB
2026/08/05 19:42:22.871, 0, 79.83 W, 14 %, 17131 MiB
2026/08/05 19:42:22.871, 1, 67.83 W, 12 %, 17201 MiB
2026/08/05 19:42:22.871, 2, 84.51 W, 10 %, 17201 MiB
2026/08/05 19:42:22.871, 3, 67.23 W, 12 %, 17201 MiB
2026/08/05 19:42:22.871, 4, 85.46 W, 11 %, 17201 MiB
2026/08/05 19:42:22.871, 5, 86.31 W, 11 %, 17201 MiB
2026/08/05 19:42:22.872, 6, 80.28 W, 11 %, 17201 MiB
2026/08/05 19:42:22.872, 7, 87.69 W, 11 %, 17209 MiB
2026/08/05 19:42:23.072, 0, 77.67 W, 11 %, 17179 MiB
2026/08/05 19:42:23.074, 1, 66.21 W, 12 %, 17269 MiB
2026/08/05 19:42:23.074, 2, 81.74 W, 10 %, 17269 MiB
2026/08/05 19:42:23.074, 3, 66.01 W, 11 %, 17269 MiB
2026/08/05 19:42:23.075, 4, 82.69 W, 10 %, 17269 MiB
2026/08/05 19:42:23.075, 5, 83.82 W, 11 %, 17269 MiB
2026/08/05 19:42:23.078, 6, 77.18 W, 14 %, 17269 MiB
2026/08/05 19:42:23.078, 7, 85.21 W, 10 %, 17277 MiB
2026/08/05 19:42:23.278, 0, 119.46 W, 13 %, 17529 MiB
2026/08/05 19:42:23.278, 1, 88.83 W, 9 %, 17599 MiB
2026/08/05 19:42:23.278, 2, 118.03 W, 4 %, 17599 MiB
2026/08/05 19:42:23.278, 3, 111.78 W, 3 %, 17599 MiB
2026/08/05 19:42:23.278, 4, 160.28 W, 27 %, 17599 MiB
2026/08/05 19:42:23.278, 5, 84.76 W, 17 %, 17599 MiB
2026/08/05 19:42:23.279, 6, 77.51 W, 9 %, 17599 MiB
2026/08/05 19:42:23.279, 7, 85.54 W, 27 %, 17607 MiB
2026/08/05 19:42:23.479, 0, 204.14 W, 17 %, 17529 MiB
2026/08/05 19:42:23.480, 1, 77.04 W, 22 %, 17599 MiB
2026/08/05 19:42:23.480, 2, 88.75 W, 24 %, 17599 MiB
2026/08/05 19:42:23.480, 3, 69.64 W, 25 %, 17599 MiB
2026/08/05 19:42:23.480, 4, 89.17 W, 94 %, 17599 MiB
2026/08/05 19:42:23.480, 5, 90.63 W, 21 %, 17599 MiB
2026/08/05 19:42:23.480, 6, 84.26 W, 33 %, 17599 MiB
2026/08/05 19:42:23.480, 7, 92.59 W, 84 %, 17607 MiB
2026/08/05 19:42:23.681, 0, 222.61 W, 62 %, 17529 MiB
2026/08/05 19:42:23.681, 1, 87.27 W, 68 %, 17599 MiB
2026/08/05 19:42:23.681, 2, 88.75 W, 97 %, 17599 MiB
2026/08/05 19:42:23.681, 3, 87.20 W, 91 %, 17599 MiB
2026/08/05 19:42:23.681, 4, 89.17 W, 100 %, 17599 MiB
2026/08/05 19:42:23.681, 5, 90.63 W, 91 %, 17599 MiB
2026/08/05 19:42:23.681, 6, 88.47 W, 100 %, 17599 MiB
2026/08/05 19:42:23.681, 7, 92.59 W, 100 %, 17607 MiB
2026/08/05 19:42:23.881, 0, 224.49 W, 76 %, 17529 MiB
2026/08/05 19:42:23.881, 1, 87.55 W, 100 %, 17599 MiB
2026/08/05 19:42:23.883, 2, 88.75 W, 100 %, 17599 MiB
2026/08/05 19:42:23.883, 3, 88.75 W, 100 %, 17599 MiB
2026/08/05 19:42:23.883, 4, 89.17 W, 100 %, 17599 MiB
2026/08/05 19:42:23.883, 5, 90.63 W, 100 %, 17599 MiB
2026/08/05 19:42:23.886, 6, 89.09 W, 100 %, 17599 MiB
2026/08/05 19:42:23.888, 7, 92.59 W, 100 %, 17607 MiB
2026/08/05 19:42:24.088, 0, 223.93 W, 76 %, 17529 MiB
2026/08/05 19:42:24.089, 1, 87.55 W, 100 %, 17599 MiB
2026/08/05 19:42:24.089, 2, 88.75 W, 100 %, 17599 MiB
2026/08/05 19:42:24.089, 3, 88.75 W, 100 %, 17599 MiB
2026/08/05 19:42:24.089, 4, 89.17 W, 100 %, 17599 MiB
2026/08/05 19:42:24.089, 5, 90.63 W, 100 %, 17599 MiB
2026/08/05 19:42:24.089, 6, 89.09 W, 100 %, 17599 MiB
2026/08/05 19:42:24.089, 7, 92.59 W, 100 %, 17607 MiB
2026/08/05 19:42:24.289, 0, 223.88 W, 76 %, 17529 MiB
2026/08/05 19:42:24.300, 1, 87.55 W, 100 %, 17599 MiB
2026/08/05 19:42:24.300, 2, 88.75 W, 100 %, 17599 MiB
2026/08/05 19:42:24.300, 3, 88.75 W, 100 %, 17599 MiB
2026/08/05 19:42:24.300, 4, 89.17 W, 100 %, 17599 MiB
2026/08/05 19:42:24.300, 5, 90.63 W, 100 %, 17599 MiB
2026/08/05 19:42:24.300, 6, 89.09 W, 100 %, 17599 MiB
2026/08/05 19:42:24.300, 7, 92.59 W, 100 %, 17607 MiB
2026/08/05 19:42:24.501, 0, 228.81 W, 75 %, 17529 MiB
2026/08/05 19:42:24.501, 1, 87.55 W, 100 %, 17599 MiB
2026/08/05 19:42:24.501, 2, 88.75 W, 100 %, 17599 MiB
2026/08/05 19:42:24.501, 3, 89.08 W, 100 %, 17599 MiB
2026/08/05 19:42:24.501, 4, 89.17 W, 100 %, 17599 MiB
2026/08/05 19:42:24.501, 5, 90.63 W, 100 %, 17599 MiB
2026/08/05 19:42:24.503, 6, 89.09 W, 100 %, 17599 MiB
2026/08/05 19:42:24.503, 7, 92.50 W, 100 %, 17607 MiB
2026/08/05 19:42:24.703, 0, 227.63 W, 76 %, 17529 MiB
2026/08/05 19:42:24.703, 1, 87.55 W, 100 %, 17599 MiB
2026/08/05 19:42:24.703, 2, 88.75 W, 100 %, 17599 MiB
2026/08/05 19:42:24.703, 3, 89.08 W, 100 %, 17599 MiB
2026/08/05 19:42:24.703, 4, 89.17 W, 100 %, 17599 MiB
2026/08/05 19:42:24.704, 5, 90.63 W, 100 %, 17599 MiB
2026/08/05 19:42:24.704, 6, 89.09 W, 100 %, 17599 MiB
2026/08/05 19:42:24.704, 7, 92.50 W, 100 %, 17607 MiB
2026/08/05 19:42:24.904, 0, 223.32 W, 73 %, 17529 MiB
2026/08/05 19:42:24.904, 1, 87.55 W, 100 %, 17599 MiB
2026/08/05 19:42:24.904, 2, 88.75 W, 100 %, 17599 MiB
2026/08/05 19:42:24.905, 3, 89.08 W, 100 %, 17599 MiB
2026/08/05 19:42:24.906, 4, 89.17 W, 100 %, 17599 MiB
2026/08/05 19:42:24.906, 5, 90.63 W, 100 %, 17599 MiB
2026/08/05 19:42:24.906, 6, 89.09 W, 100 %, 17599 MiB
2026/08/05 19:42:24.906, 7, 92.59 W, 100 %, 17607 MiB
2026/08/05 19:42:25.107, 0, 226.04 W, 76 %, 17529 MiB
2026/08/05 19:42:25.107, 1, 87.55 W, 100 %, 17599 MiB
2026/08/05 19:42:25.107, 2, 88.75 W, 100 %, 17599 MiB
2026/08/05 19:42:25.107, 3, 89.08 W, 100 %, 17599 MiB
2026/08/05 19:42:25.107, 4, 89.17 W, 100 %, 17599 MiB
2026/08/05 19:42:25.107, 5, 90.63 W, 100 %, 17599 MiB
2026/08/05 19:42:25.107, 6, 89.09 W, 100 %, 17599 MiB
2026/08/05 19:42:25.107, 7, 92.50 W, 100 %, 17607 MiB
2026/08/05 19:42:25.307, 0, 224.87 W, 76 %, 17529 MiB
2026/08/05 19:42:25.307, 1, 87.55 W, 100 %, 17599 MiB
2026/08/05 19:42:25.307, 2, 88.75 W, 100 %, 17599 MiB
2026/08/05 19:42:25.308, 3, 89.08 W, 100 %, 17599 MiB
2026/08/05 19:42:25.308, 4, 89.17 W, 100 %, 17599 MiB
2026/08/05 19:42:25.308, 5, 90.63 W, 100 %, 17599 MiB
2026/08/05 19:42:25.308, 6, 89.09 W, 100 %, 17599 MiB
2026/08/05 19:42:25.308, 7, 92.59 W, 100 %, 17607 MiB
2026/08/05 19:42:25.508, 0, 225.81 W, 76 %, 17529 MiB
2026/08/05 19:42:25.509, 1, 87.55 W, 100 %, 17599 MiB
2026/08/05 19:42:25.509, 2, 88.75 W, 100 %, 17599 MiB
2026/08/05 19:42:25.509, 3, 89.08 W, 100 %, 17599 MiB
2026/08/05 19:42:25.509, 4, 89.17 W, 100 %, 17599 MiB
2026/08/05 19:42:25.509, 5, 90.63 W, 100 %, 17599 MiB
2026/08/05 19:42:25.509, 6, 89.09 W, 100 %, 17599 MiB
2026/08/05 19:42:25.509, 7, 92.50 W, 100 %, 17607 MiB
2026/08/05 19:42:25.709, 0, 89.60 W, 76 %, 17529 MiB
2026/08/05 19:42:25.710, 1, 214.85 W, 100 %, 17599 MiB
2026/08/05 19:42:25.710, 2, 88.75 W, 100 %, 17599 MiB
2026/08/05 19:42:25.710, 3, 89.08 W, 100 %, 17599 MiB
2026/08/05 19:42:25.710, 4, 89.17 W, 100 %, 17599 MiB
2026/08/05 19:42:25.710, 5, 90.63 W, 100 %, 17599 MiB
2026/08/05 19:42:25.710, 6, 89.09 W, 100 %, 17599 MiB
2026/08/05 19:42:25.710, 7, 92.59 W, 100 %, 17607 MiB
2026/08/05 19:42:25.910, 0, 90.20 W, 93 %, 17529 MiB
2026/08/05 19:42:25.910, 1, 222.29 W, 76 %, 17599 MiB
2026/08/05 19:42:25.910, 2, 88.75 W, 100 %, 17599 MiB
2026/08/05 19:42:25.910, 3, 89.08 W, 100 %, 17599 MiB
2026/08/05 19:42:25.910, 4, 89.17 W, 100 %, 17599 MiB
2026/08/05 19:42:25.910, 5, 90.63 W, 100 %, 17599 MiB
2026/08/05 19:42:25.910, 6, 89.09 W, 100 %, 17599 MiB
2026/08/05 19:42:25.910, 7, 92.59 W, 100 %, 17607 MiB
2026/08/05 19:42:26.110, 0, 89.87 W, 100 %, 17529 MiB
2026/08/05 19:42:26.111, 1, 221.96 W, 76 %, 17599 MiB
2026/08/05 19:42:26.111, 2, 88.75 W, 100 %, 17599 MiB
2026/08/05 19:42:26.111, 3, 89.08 W, 100 %, 17599 MiB
2026/08/05 19:42:26.112, 4, 89.17 W, 100 %, 17599 MiB
2026/08/05 19:42:26.112, 5, 90.63 W, 100 %, 17599 MiB
2026/08/05 19:42:26.112, 6, 89.09 W, 100 %, 17599 MiB
2026/08/05 19:42:26.112, 7, 92.59 W, 100 %, 17607 MiB
2026/08/05 19:42:26.312, 0, 88.99 W, 100 %, 17529 MiB
2026/08/05 19:42:26.312, 1, 223.24 W, 75 %, 17599 MiB
2026/08/05 19:42:26.312, 2, 88.75 W, 100 %, 17599 MiB
2026/08/05 19:42:26.312, 3, 89.08 W, 100 %, 17599 MiB
2026/08/05 19:42:26.312, 4, 89.17 W, 100 %, 17599 MiB
2026/08/05 19:42:26.312, 5, 90.63 W, 100 %, 17599 MiB
2026/08/05 19:42:26.312, 6, 89.09 W, 100 %, 17599 MiB
2026/08/05 19:42:26.312, 7, 92.50 W, 100 %, 17607 MiB
2026/08/05 19:42:26.513, 0, 89.60 W, 100 %, 17529 MiB
2026/08/05 19:42:26.513, 1, 224.46 W, 76 %, 17599 MiB
2026/08/05 19:42:26.513, 2, 88.75 W, 100 %, 17599 MiB
2026/08/05 19:42:26.513, 3, 89.08 W, 100 %, 17599 MiB
2026/08/05 19:42:26.513, 4, 89.17 W, 100 %, 17599 MiB
2026/08/05 19:42:26.513, 5, 90.63 W, 100 %, 17599 MiB
2026/08/05 19:42:26.513, 6, 89.42 W, 100 %, 17599 MiB
2026/08/05 19:42:26.513, 7, 92.59 W, 100 %, 17607 MiB
2026/08/05 19:42:26.713, 0, 89.60 W, 100 %, 17529 MiB
2026/08/05 19:42:26.713, 1, 224.46 W, 76 %, 17599 MiB
2026/08/05 19:42:26.714, 2, 88.75 W, 100 %, 17599 MiB
2026/08/05 19:42:26.714, 3, 89.08 W, 100 %, 17599 MiB
2026/08/05 19:42:26.714, 4, 89.17 W, 100 %, 17599 MiB
2026/08/05 19:42:26.714, 5, 90.63 W, 100 %, 17599 MiB
2026/08/05 19:42:26.714, 6, 89.09 W, 100 %, 17599 MiB
2026/08/05 19:42:26.714, 7, 92.59 W, 100 %, 17607 MiB
2026/08/05 19:42:26.914, 0, 88.65 W, 100 %, 17529 MiB
2026/08/05 19:42:26.914, 1, 227.57 W, 76 %, 17599 MiB
2026/08/05 19:42:26.914, 2, 88.75 W, 100 %, 17599 MiB
2026/08/05 19:42:26.915, 3, 89.08 W, 100 %, 17599 MiB
2026/08/05 19:42:26.915, 4, 89.17 W, 100 %, 17599 MiB
2026/08/05 19:42:26.915, 5, 90.91 W, 100 %, 17599 MiB
2026/08/05 19:42:26.915, 6, 89.09 W, 100 %, 17599 MiB
2026/08/05 19:42:26.915, 7, 92.59 W, 100 %, 17607 MiB
2026/08/05 19:42:27.115, 0, 89.60 W, 100 %, 17529 MiB
2026/08/05 19:42:27.115, 1, 219.18 W, 76 %, 17599 MiB
2026/08/05 19:42:27.115, 2, 88.75 W, 100 %, 17599 MiB
2026/08/05 19:42:27.115, 3, 89.08 W, 100 %, 17599 MiB
2026/08/05 19:42:27.115, 4, 89.17 W, 100 %, 17599 MiB
2026/08/05 19:42:27.115, 5, 90.63 W, 100 %, 17599 MiB
2026/08/05 19:42:27.115, 6, 89.09 W, 100 %, 17599 MiB
2026/08/05 19:42:27.116, 7, 92.59 W, 100 %, 17607 MiB
2026/08/05 19:42:27.316, 0, 88.65 W, 100 %, 17529 MiB
2026/08/05 19:42:27.316, 1, 222.91 W, 76 %, 17599 MiB
2026/08/05 19:42:27.318, 2, 88.75 W, 100 %, 17599 MiB
2026/08/05 19:42:27.318, 3, 89.08 W, 100 %, 17599 MiB
2026/08/05 19:42:27.318, 4, 89.17 W, 100 %, 17599 MiB
2026/08/05 19:42:27.318, 5, 90.82 W, 100 %, 17599 MiB
2026/08/05 19:42:27.319, 6, 89.42 W, 100 %, 17599 MiB
2026/08/05 19:42:27.319, 7, 92.59 W, 100 %, 17607 MiB
2026/08/05 19:42:27.519, 0, 88.65 W, 100 %, 17529 MiB
2026/08/05 19:42:27.519, 1, 227.57 W, 75 %, 17599 MiB
2026/08/05 19:42:27.519, 2, 88.75 W, 100 %, 17599 MiB
2026/08/05 19:42:27.520, 3, 89.08 W, 100 %, 17599 MiB
2026/08/05 19:42:27.520, 4, 89.17 W, 100 %, 17599 MiB
2026/08/05 19:42:27.520, 5, 90.63 W, 100 %, 17599 MiB
2026/08/05 19:42:27.520, 6, 89.09 W, 100 %, 17599 MiB
2026/08/05 19:42:27.520, 7, 92.59 W, 100 %, 17607 MiB
2026/08/05 19:42:27.720, 0, 88.65 W, 100 %, 17529 MiB
2026/08/05 19:42:27.720, 1, 222.63 W, 76 %, 17599 MiB
2026/08/05 19:42:27.720, 2, 221.29 W, 100 %, 17599 MiB
2026/08/05 19:42:27.720, 3, 89.08 W, 100 %, 17599 MiB
2026/08/05 19:42:27.720, 4, 89.17 W, 100 %, 17599 MiB
2026/08/05 19:42:27.720, 5, 90.63 W, 100 %, 17599 MiB
2026/08/05 19:42:27.721, 6, 89.09 W, 100 %, 17599 MiB
2026/08/05 19:42:27.721, 7, 92.50 W, 100 %, 17607 MiB
2026/08/05 19:42:27.921, 0, 88.65 W, 100 %, 17529 MiB
2026/08/05 19:42:27.921, 1, 89.44 W, 84 %, 17599 MiB
2026/08/05 19:42:27.921, 2, 229.92 W, 81 %, 17599 MiB
2026/08/05 19:42:27.921, 3, 89.08 W, 100 %, 17599 MiB
2026/08/05 19:42:27.921, 4, 89.17 W, 100 %, 17599 MiB
2026/08/05 19:42:27.921, 5, 90.91 W, 100 %, 17599 MiB
2026/08/05 19:42:27.921, 6, 89.09 W, 100 %, 17599 MiB
2026/08/05 19:42:27.921, 7, 92.50 W, 100 %, 17607 MiB
2026/08/05 19:42:28.121, 0, 89.27 W, 100 %, 17529 MiB
2026/08/05 19:42:28.122, 1, 89.11 W, 100 %, 17599 MiB
2026/08/05 19:42:28.122, 2, 230.35 W, 76 %, 17599 MiB
2026/08/05 19:42:28.122, 3, 89.08 W, 100 %, 17599 MiB
2026/08/05 19:42:28.122, 4, 89.17 W, 100 %, 17599 MiB
2026/08/05 19:42:28.122, 5, 90.91 W, 100 %, 17599 MiB
2026/08/05 19:42:28.122, 6, 89.42 W, 100 %, 17599 MiB
2026/08/05 19:42:28.122, 7, 92.50 W, 100 %, 17607 MiB
2026/08/05 19:42:28.322, 0, 89.27 W, 100 %, 17529 MiB
2026/08/05 19:42:28.329, 1, 89.02 W, 100 %, 17599 MiB
2026/08/05 19:42:28.329, 2, 231.23 W, 76 %, 17599 MiB
2026/08/05 19:42:28.330, 3, 89.08 W, 100 %, 17599 MiB
2026/08/05 19:42:28.330, 4, 89.17 W, 100 %, 17599 MiB
2026/08/05 19:42:28.330, 5, 90.63 W, 100 %, 17599 MiB
2026/08/05 19:42:28.330, 6, 89.09 W, 100 %, 17599 MiB
2026/08/05 19:42:28.330, 7, 92.50 W, 100 %, 17607 MiB
2026/08/05 19:42:28.530, 0, 89.27 W, 100 %, 17529 MiB
2026/08/05 19:42:28.530, 1, 88.74 W, 100 %, 17599 MiB
2026/08/05 19:42:28.530, 2, 231.19 W, 76 %, 17599 MiB
2026/08/05 19:42:28.530, 3, 89.08 W, 100 %, 17599 MiB
2026/08/05 19:42:28.530, 4, 89.17 W, 100 %, 17599 MiB
2026/08/05 19:42:28.531, 5, 90.63 W, 100 %, 17599 MiB
2026/08/05 19:42:28.531, 6, 89.09 W, 100 %, 17599 MiB
2026/08/05 19:42:28.531, 7, 92.50 W, 100 %, 17607 MiB
2026/08/05 19:42:28.731, 0, 89.27 W, 100 %, 17529 MiB
2026/08/05 19:42:28.731, 1, 88.74 W, 100 %, 17599 MiB
2026/08/05 19:42:28.731, 2, 233.63 W, 76 %, 17599 MiB
2026/08/05 19:42:28.731, 3, 89.08 W, 100 %, 17599 MiB
2026/08/05 19:42:28.731, 4, 89.17 W, 100 %, 17599 MiB
2026/08/05 19:42:28.731, 5, 90.63 W, 100 %, 17599 MiB
2026/08/05 19:42:28.731, 6, 89.09 W, 100 %, 17599 MiB
2026/08/05 19:42:28.731, 7, 92.59 W, 100 %, 17607 MiB
2026/08/05 19:42:28.932, 0, 88.65 W, 100 %, 17529 MiB
2026/08/05 19:42:28.932, 1, 88.83 W, 100 %, 17599 MiB
2026/08/05 19:42:28.932, 2, 233.63 W, 76 %, 17599 MiB
2026/08/05 19:42:28.932, 3, 89.08 W, 100 %, 17599 MiB
2026/08/05 19:42:28.932, 4, 89.17 W, 100 %, 17599 MiB
2026/08/05 19:42:28.932, 5, 90.91 W, 100 %, 17599 MiB
2026/08/05 19:42:28.933, 6, 89.09 W, 100 %, 17599 MiB
2026/08/05 19:42:28.933, 7, 92.50 W, 100 %, 17607 MiB
2026/08/05 19:42:29.133, 0, 88.65 W, 100 %, 17529 MiB
2026/08/05 19:42:29.134, 1, 88.74 W, 100 %, 17599 MiB
2026/08/05 19:42:29.134, 2, 229.92 W, 76 %, 17599 MiB
2026/08/05 19:42:29.134, 3, 89.08 W, 100 %, 17599 MiB
2026/08/05 19:42:29.134, 4, 89.17 W, 100 %, 17599 MiB
2026/08/05 19:42:29.134, 5, 90.91 W, 100 %, 17599 MiB
2026/08/05 19:42:29.134, 6, 89.42 W, 100 %, 17599 MiB
2026/08/05 19:42:29.134, 7, 92.59 W, 100 %, 17607 MiB
2026/08/05 19:42:29.334, 0, 88.65 W, 100 %, 17529 MiB
2026/08/05 19:42:29.335, 1, 88.83 W, 100 %, 17599 MiB
2026/08/05 19:42:29.335, 2, 231.23 W, 76 %, 17599 MiB
2026/08/05 19:42:29.335, 3, 89.08 W, 100 %, 17599 MiB
2026/08/05 19:42:29.335, 4, 89.17 W, 100 %, 17599 MiB
2026/08/05 19:42:29.336, 5, 90.63 W, 100 %, 17599 MiB
2026/08/05 19:42:29.336, 6, 89.42 W, 100 %, 17599 MiB
2026/08/05 19:42:29.337, 7, 92.50 W, 100 %, 17607 MiB
2026/08/05 19:42:29.537, 0, 88.65 W, 100 %, 17529 MiB
2026/08/05 19:42:29.537, 1, 88.50 W, 100 %, 17599 MiB
2026/08/05 19:42:29.537, 2, 231.19 W, 76 %, 17599 MiB
2026/08/05 19:42:29.537, 3, 89.08 W, 100 %, 17599 MiB
2026/08/05 19:42:29.537, 4, 89.17 W, 100 %, 17599 MiB
2026/08/05 19:42:29.538, 5, 90.91 W, 100 %, 17599 MiB
2026/08/05 19:42:29.538, 6, 89.42 W, 100 %, 17599 MiB
2026/08/05 19:42:29.538, 7, 92.50 W, 100 %, 17607 MiB
2026/08/05 19:42:29.738, 0, 88.05 W, 100 %, 17529 MiB
2026/08/05 19:42:29.738, 1, 88.83 W, 100 %, 17599 MiB
2026/08/05 19:42:29.738, 2, 231.57 W, 75 %, 17599 MiB
2026/08/05 19:42:29.738, 3, 89.08 W, 100 %, 17599 MiB
2026/08/05 19:42:29.738, 4, 89.17 W, 100 %, 17599 MiB
2026/08/05 19:42:29.738, 5, 90.63 W, 100 %, 17599 MiB
2026/08/05 19:42:29.738, 6, 89.42 W, 100 %, 17599 MiB
2026/08/05 19:42:29.738, 7, 92.50 W, 100 %, 17607 MiB
2026/08/05 19:42:29.939, 0, 88.99 W, 100 %, 17529 MiB
2026/08/05 19:42:29.984, 1, 88.74 W, 100 %, 17599 MiB
2026/08/05 19:42:29.984, 2, 90.29 W, 82 %, 17599 MiB
2026/08/05 19:42:29.984, 3, 226.92 W, 93 %, 17599 MiB
2026/08/05 19:42:29.985, 4, 89.17 W, 100 %, 17599 MiB
2026/08/05 19:42:29.985, 5, 90.63 W, 100 %, 17599 MiB
2026/08/05 19:42:29.985, 6, 89.42 W, 100 %, 17599 MiB
2026/08/05 19:42:29.985, 7, 92.50 W, 100 %, 17607 MiB
2026/08/05 19:42:30.185, 0, 88.05 W, 100 %, 17529 MiB
2026/08/05 19:42:30.185, 1, 88.83 W, 100 %, 17599 MiB
2026/08/05 19:42:30.185, 2, 89.96 W, 100 %, 17599 MiB
2026/08/05 19:42:30.185, 3, 235.55 W, 76 %, 17599 MiB
2026/08/05 19:42:30.185, 4, 89.17 W, 100 %, 17599 MiB
2026/08/05 19:42:30.185, 5, 90.82 W, 100 %, 17599 MiB
2026/08/05 19:42:30.185, 6, 89.42 W, 100 %, 17599 MiB
2026/08/05 19:42:30.186, 7, 92.50 W, 100 %, 17607 MiB
2026/08/05 19:42:30.386, 0, 87.72 W, 100 %, 17529 MiB
2026/08/05 19:42:30.386, 1, 88.74 W, 100 %, 17599 MiB
2026/08/05 19:42:30.387, 2, 89.69 W, 100 %, 17599 MiB
2026/08/05 19:42:30.387, 3, 231.85 W, 76 %, 17599 MiB
2026/08/05 19:42:30.387, 4, 89.17 W, 100 %, 17599 MiB
2026/08/05 19:42:30.388, 5, 90.91 W, 100 %, 17599 MiB
2026/08/05 19:42:30.388, 6, 89.42 W, 100 %, 17599 MiB
2026/08/05 19:42:30.388, 7, 92.59 W, 100 %, 17607 MiB
2026/08/05 19:42:30.589, 0, 88.65 W, 100 %, 17529 MiB
2026/08/05 19:42:30.589, 1, 88.83 W, 100 %, 17599 MiB
2026/08/05 19:42:30.589, 2, 89.69 W, 100 %, 17599 MiB
2026/08/05 19:42:30.589, 3, 232.18 W, 76 %, 17599 MiB
2026/08/05 19:42:30.589, 4, 89.17 W, 100 %, 17599 MiB
2026/08/05 19:42:30.590, 5, 90.63 W, 100 %, 17599 MiB
2026/08/05 19:42:30.590, 6, 89.42 W, 100 %, 17599 MiB
2026/08/05 19:42:30.590, 7, 92.50 W, 100 %, 17607 MiB
2026/08/05 19:42:30.790, 0, 88.05 W, 100 %, 17529 MiB
2026/08/05 19:42:30.790, 1, 88.83 W, 100 %, 17599 MiB
2026/08/05 19:42:30.790, 2, 89.36 W, 100 %, 17599 MiB
2026/08/05 19:42:30.790, 3, 234.00 W, 76 %, 17599 MiB
2026/08/05 19:42:30.790, 4, 89.17 W, 100 %, 17599 MiB
2026/08/05 19:42:30.790, 5, 90.91 W, 100 %, 17599 MiB
2026/08/05 19:42:30.790, 6, 89.42 W, 100 %, 17599 MiB
2026/08/05 19:42:30.790, 7, 92.50 W, 100 %, 17607 MiB
2026/08/05 19:42:30.991, 0, 88.65 W, 100 %, 17529 MiB
2026/08/05 19:42:30.991, 1, 88.83 W, 100 %, 17599 MiB
2026/08/05 19:42:30.991, 2, 89.36 W, 100 %, 17599 MiB
2026/08/05 19:42:30.991, 3, 233.12 W, 76 %, 17599 MiB
2026/08/05 19:42:30.991, 4, 89.17 W, 100 %, 17599 MiB
2026/08/05 19:42:30.992, 5, 90.91 W, 100 %, 17599 MiB
2026/08/05 19:42:30.993, 6, 89.42 W, 100 %, 17599 MiB
2026/08/05 19:42:30.993, 7, 92.50 W, 100 %, 17607 MiB
2026/08/05 19:42:31.193, 0, 88.65 W, 100 %, 17529 MiB
2026/08/05 19:42:31.193, 1, 88.83 W, 100 %, 17599 MiB
2026/08/05 19:42:31.193, 2, 89.36 W, 100 %, 17599 MiB
2026/08/05 19:42:31.193, 3, 233.39 W, 76 %, 17599 MiB
2026/08/05 19:42:31.193, 4, 89.17 W, 100 %, 17599 MiB
2026/08/05 19:42:31.193, 5, 90.91 W, 100 %, 17599 MiB
2026/08/05 19:42:31.193, 6, 89.42 W, 100 %, 17599 MiB
2026/08/05 19:42:31.193, 7, 92.83 W, 100 %, 17607 MiB
2026/08/05 19:42:31.394, 0, 88.65 W, 100 %, 17529 MiB
2026/08/05 19:42:31.394, 1, 88.17 W, 100 %, 17599 MiB
2026/08/05 19:42:31.394, 2, 89.36 W, 100 %, 17599 MiB
2026/08/05 19:42:31.394, 3, 216.80 W, 76 %, 17599 MiB
2026/08/05 19:42:31.394, 4, 89.17 W, 100 %, 17599 MiB
2026/08/05 19:42:31.394, 5, 90.91 W, 100 %, 17599 MiB
2026/08/05 19:42:31.394, 6, 89.42 W, 100 %, 17599 MiB
2026/08/05 19:42:31.394, 7, 92.50 W, 100 %, 17607 MiB
2026/08/05 19:42:31.594, 0, 88.05 W, 100 %, 17529 MiB
2026/08/05 19:42:31.595, 1, 87.88 W, 100 %, 17599 MiB
2026/08/05 19:42:31.595, 2, 89.36 W, 100 %, 17599 MiB
2026/08/05 19:42:31.595, 3, 234.00 W, 75 %, 17599 MiB
2026/08/05 19:42:31.595, 4, 90.06 W, 100 %, 17599 MiB
2026/08/05 19:42:31.595, 5, 90.82 W, 100 %, 17599 MiB
2026/08/05 19:42:31.595, 6, 89.42 W, 100 %, 17599 MiB
2026/08/05 19:42:31.595, 7, 92.50 W, 100 %, 17607 MiB
2026/08/05 19:42:31.796, 0, 88.65 W, 100 %, 17529 MiB
2026/08/05 19:42:31.796, 1, 87.79 W, 100 %, 17599 MiB
2026/08/05 19:42:31.796, 2, 89.36 W, 100 %, 17599 MiB
2026/08/05 19:42:31.796, 3, 234.00 W, 76 %, 17599 MiB
2026/08/05 19:42:31.796, 4, 90.06 W, 100 %, 17599 MiB
2026/08/05 19:42:31.796, 5, 90.82 W, 100 %, 17599 MiB
2026/08/05 19:42:31.796, 6, 89.42 W, 100 %, 17599 MiB
2026/08/05 19:42:31.796, 7, 92.83 W, 100 %, 17607 MiB
2026/08/05 19:42:31.997, 0, 88.65 W, 100 %, 17529 MiB
2026/08/05 19:42:31.997, 1, 87.88 W, 100 %, 17599 MiB
2026/08/05 19:42:31.998, 2, 89.36 W, 100 %, 17599 MiB
2026/08/05 19:42:31.998, 3, 94.61 W, 75 %, 17599 MiB
2026/08/05 19:42:31.998, 4, 231.19 W, 100 %, 17599 MiB
2026/08/05 19:42:31.998, 5, 90.82 W, 100 %, 17599 MiB
2026/08/05 19:42:31.998, 6, 89.42 W, 100 %, 17599 MiB
2026/08/05 19:42:31.998, 7, 92.50 W, 100 %, 17607 MiB
2026/08/05 19:42:32.199, 0, 88.65 W, 100 %, 17529 MiB
2026/08/05 19:42:32.199, 1, 87.88 W, 100 %, 17599 MiB
2026/08/05 19:42:32.199, 2, 89.36 W, 100 %, 17599 MiB
2026/08/05 19:42:32.199, 3, 90.29 W, 93 %, 17599 MiB
2026/08/05 19:42:32.199, 4, 232.41 W, 87 %, 17599 MiB
2026/08/05 19:42:32.200, 5, 90.82 W, 100 %, 17599 MiB
2026/08/05 19:42:32.200, 6, 89.42 W, 100 %, 17599 MiB
2026/08/05 19:42:32.200, 7, 92.83 W, 100 %, 17607 MiB
2026/08/05 19:42:32.400, 0, 88.65 W, 100 %, 17529 MiB
2026/08/05 19:42:32.400, 1, 87.88 W, 100 %, 17599 MiB
2026/08/05 19:42:32.400, 2, 89.08 W, 100 %, 17599 MiB
2026/08/05 19:42:32.400, 3, 89.96 W, 100 %, 17599 MiB
2026/08/05 19:42:32.400, 4, 230.86 W, 77 %, 17599 MiB
2026/08/05 19:42:32.400, 5, 90.82 W, 100 %, 17599 MiB
2026/08/05 19:42:32.400, 6, 89.42 W, 100 %, 17599 MiB
2026/08/05 19:42:32.400, 7, 92.83 W, 100 %, 17607 MiB
2026/08/05 19:42:32.601, 0, 88.65 W, 100 %, 17529 MiB
2026/08/05 19:42:32.601, 1, 87.88 W, 100 %, 17599 MiB
2026/08/05 19:42:32.602, 2, 89.36 W, 100 %, 17599 MiB
2026/08/05 19:42:32.602, 3, 89.69 W, 100 %, 17599 MiB
2026/08/05 19:42:32.602, 4, 233.96 W, 76 %, 17599 MiB
2026/08/05 19:42:32.603, 5, 90.82 W, 100 %, 17599 MiB
2026/08/05 19:42:32.603, 6, 89.42 W, 100 %, 17599 MiB
2026/08/05 19:42:32.603, 7, 92.83 W, 100 %, 17607 MiB
2026/08/05 19:42:32.804, 0, 88.65 W, 100 %, 17529 MiB
2026/08/05 19:42:32.804, 1, 87.88 W, 100 %, 17599 MiB
2026/08/05 19:42:32.805, 2, 89.36 W, 100 %, 17599 MiB
2026/08/05 19:42:32.805, 3, 89.69 W, 100 %, 17599 MiB
2026/08/05 19:42:32.805, 4, 234.91 W, 77 %, 17599 MiB
2026/08/05 19:42:32.805, 5, 90.82 W, 100 %, 17599 MiB
2026/08/05 19:42:32.805, 6, 89.42 W, 100 %, 17599 MiB
2026/08/05 19:42:32.806, 7, 92.50 W, 100 %, 17607 MiB
2026/08/05 19:42:33.006, 0, 88.65 W, 100 %, 17529 MiB
2026/08/05 19:42:33.006, 1, 87.88 W, 100 %, 17599 MiB
2026/08/05 19:42:33.006, 2, 89.08 W, 100 %, 17599 MiB
2026/08/05 19:42:33.006, 3, 89.69 W, 100 %, 17599 MiB
2026/08/05 19:42:33.006, 4, 232.74 W, 77 %, 17599 MiB
2026/08/05 19:42:33.006, 5, 90.82 W, 100 %, 17599 MiB
2026/08/05 19:42:33.006, 6, 89.42 W, 100 %, 17599 MiB
2026/08/05 19:42:33.006, 7, 92.83 W, 100 %, 17607 MiB
2026/08/05 19:42:33.206, 0, 88.65 W, 100 %, 17529 MiB
2026/08/05 19:42:33.207, 1, 87.88 W, 100 %, 17599 MiB
2026/08/05 19:42:33.207, 2, 89.08 W, 100 %, 17599 MiB
2026/08/05 19:42:33.207, 3, 89.69 W, 100 %, 17599 MiB
2026/08/05 19:42:33.207, 4, 232.41 W, 77 %, 17599 MiB
2026/08/05 19:42:33.207, 5, 90.82 W, 100 %, 17599 MiB
2026/08/05 19:42:33.207, 6, 89.42 W, 100 %, 17599 MiB
2026/08/05 19:42:33.207, 7, 92.83 W, 100 %, 17607 MiB
2026/08/05 19:42:33.408, 0, 88.65 W, 100 %, 17529 MiB
2026/08/05 19:42:33.408, 1, 87.88 W, 100 %, 17599 MiB
2026/08/05 19:42:33.408, 2, 89.08 W, 100 %, 17599 MiB
2026/08/05 19:42:33.408, 3, 89.69 W, 100 %, 17599 MiB
2026/08/05 19:42:33.408, 4, 233.36 W, 77 %, 17599 MiB
2026/08/05 19:42:33.408, 5, 90.82 W, 100 %, 17599 MiB
2026/08/05 19:42:33.408, 6, 89.42 W, 100 %, 17599 MiB
2026/08/05 19:42:33.408, 7, 92.83 W, 100 %, 17607 MiB
2026/08/05 19:42:33.608, 0, 88.65 W, 100 %, 17529 MiB
2026/08/05 19:42:33.608, 1, 87.88 W, 100 %, 17599 MiB
2026/08/05 19:42:33.608, 2, 89.36 W, 100 %, 17599 MiB
2026/08/05 19:42:33.608, 3, 89.69 W, 100 %, 17599 MiB
2026/08/05 19:42:33.608, 4, 232.74 W, 77 %, 17599 MiB
2026/08/05 19:42:33.608, 5, 90.82 W, 100 %, 17599 MiB
2026/08/05 19:42:33.609, 6, 89.42 W, 100 %, 17599 MiB
2026/08/05 19:42:33.609, 7, 92.83 W, 100 %, 17607 MiB
2026/08/05 19:42:33.809, 0, 88.65 W, 100 %, 17529 MiB
2026/08/05 19:42:33.809, 1, 87.88 W, 100 %, 17599 MiB
2026/08/05 19:42:33.810, 2, 89.36 W, 100 %, 17599 MiB
2026/08/05 19:42:33.810, 3, 89.69 W, 100 %, 17599 MiB
2026/08/05 19:42:33.810, 4, 234.24 W, 77 %, 17599 MiB
2026/08/05 19:42:33.810, 5, 90.82 W, 100 %, 17599 MiB
2026/08/05 19:42:33.810, 6, 89.42 W, 100 %, 17599 MiB
2026/08/05 19:42:33.810, 7, 92.83 W, 100 %, 17607 MiB
2026/08/05 19:42:34.010, 0, 88.65 W, 100 %, 17529 MiB
2026/08/05 19:42:34.010, 1, 87.88 W, 100 %, 17599 MiB
2026/08/05 19:42:34.011, 2, 89.36 W, 100 %, 17599 MiB
2026/08/05 19:42:34.011, 3, 89.69 W, 100 %, 17599 MiB
2026/08/05 19:42:34.011, 4, 94.61 W, 78 %, 17599 MiB
2026/08/05 19:42:34.011, 5, 90.82 W, 100 %, 17599 MiB
2026/08/05 19:42:34.011, 6, 89.42 W, 100 %, 17599 MiB
2026/08/05 19:42:34.011, 7, 92.83 W, 100 %, 17607 MiB
2026/08/05 19:42:34.211, 0, 88.65 W, 100 %, 17529 MiB
2026/08/05 19:42:34.211, 1, 87.88 W, 100 %, 17599 MiB
2026/08/05 19:42:34.211, 2, 89.36 W, 100 %, 17599 MiB
2026/08/05 19:42:34.211, 3, 89.69 W, 100 %, 17599 MiB
2026/08/05 19:42:34.211, 4, 91.84 W, 100 %, 17599 MiB
2026/08/05 19:42:34.211, 5, 228.47 W, 93 %, 17599 MiB
2026/08/05 19:42:34.212, 6, 89.42 W, 100 %, 17599 MiB
2026/08/05 19:42:34.212, 7, 92.83 W, 100 %, 17607 MiB
2026/08/05 19:42:34.412, 0, 88.65 W, 100 %, 17529 MiB
2026/08/05 19:42:34.412, 1, 87.88 W, 100 %, 17599 MiB
2026/08/05 19:42:34.412, 2, 89.08 W, 100 %, 17599 MiB
2026/08/05 19:42:34.412, 3, 89.69 W, 100 %, 17599 MiB
2026/08/05 19:42:34.412, 4, 90.29 W, 100 %, 17599 MiB
2026/08/05 19:42:34.412, 5, 229.08 W, 76 %, 17599 MiB
2026/08/05 19:42:34.412, 6, 89.42 W, 100 %, 17599 MiB
2026/08/05 19:42:34.413, 7, 92.83 W, 100 %, 17607 MiB
2026/08/05 19:42:34.613, 0, 88.65 W, 100 %, 17529 MiB
2026/08/05 19:42:34.613, 1, 87.88 W, 100 %, 17599 MiB
2026/08/05 19:42:34.613, 2, 89.36 W, 100 %, 17599 MiB
2026/08/05 19:42:34.613, 3, 89.69 W, 100 %, 17599 MiB
2026/08/05 19:42:34.613, 4, 90.29 W, 100 %, 17599 MiB
2026/08/05 19:42:34.613, 5, 230.96 W, 75 %, 17599 MiB
2026/08/05 19:42:34.613, 6, 89.42 W, 100 %, 17599 MiB
2026/08/05 19:42:34.613, 7, 92.83 W, 100 %, 17607 MiB
2026/08/05 19:42:34.813, 0, 88.65 W, 100 %, 17529 MiB
2026/08/05 19:42:34.815, 1, 87.88 W, 100 %, 17599 MiB
2026/08/05 19:42:34.815, 2, 89.36 W, 100 %, 17599 MiB
2026/08/05 19:42:34.816, 3, 89.69 W, 100 %, 17599 MiB
2026/08/05 19:42:34.817, 4, 89.96 W, 100 %, 17599 MiB
2026/08/05 19:42:34.817, 5, 232.79 W, 76 %, 17599 MiB
2026/08/05 19:42:34.817, 6, 89.42 W, 100 %, 17599 MiB
2026/08/05 19:42:34.817, 7, 92.83 W, 100 %, 17607 MiB
2026/08/05 19:42:35.017, 0, 88.65 W, 100 %, 17529 MiB
2026/08/05 19:42:35.017, 1, 87.88 W, 100 %, 17599 MiB
2026/08/05 19:42:35.017, 2, 89.08 W, 100 %, 17599 MiB
2026/08/05 19:42:35.018, 3, 89.69 W, 100 %, 17599 MiB
2026/08/05 19:42:35.018, 4, 89.96 W, 100 %, 17599 MiB
2026/08/05 19:42:35.018, 5, 231.57 W, 77 %, 17599 MiB
2026/08/05 19:42:35.018, 6, 89.42 W, 100 %, 17599 MiB
2026/08/05 19:42:35.018, 7, 92.83 W, 100 %, 17607 MiB
2026/08/05 19:42:35.218, 0, 88.65 W, 100 %, 17529 MiB
2026/08/05 19:42:35.218, 1, 87.88 W, 100 %, 17599 MiB
2026/08/05 19:42:35.218, 2, 89.08 W, 100 %, 17599 MiB
2026/08/05 19:42:35.218, 3, 89.69 W, 100 %, 17599 MiB
2026/08/05 19:42:35.218, 4, 89.96 W, 100 %, 17599 MiB
2026/08/05 19:42:35.218, 5, 230.02 W, 77 %, 17599 MiB
2026/08/05 19:42:35.218, 6, 89.42 W, 100 %, 17599 MiB
2026/08/05 19:42:35.218, 7, 92.83 W, 100 %, 17607 MiB
2026/08/05 19:42:35.418, 0, 88.05 W, 100 %, 17529 MiB
2026/08/05 19:42:35.419, 1, 87.88 W, 100 %, 17599 MiB
2026/08/05 19:42:35.419, 2, 89.36 W, 100 %, 17599 MiB
2026/08/05 19:42:35.419, 3, 89.69 W, 100 %, 17599 MiB
2026/08/05 19:42:35.419, 4, 89.96 W, 100 %, 17599 MiB
2026/08/05 19:42:35.419, 5, 232.79 W, 76 %, 17599 MiB
2026/08/05 19:42:35.419, 6, 89.42 W, 100 %, 17599 MiB
2026/08/05 19:42:35.419, 7, 92.83 W, 100 %, 17607 MiB
2026/08/05 19:42:35.619, 0, 88.05 W, 100 %, 17529 MiB
2026/08/05 19:42:35.619, 1, 87.88 W, 100 %, 17599 MiB
2026/08/05 19:42:35.619, 2, 89.36 W, 100 %, 17599 MiB
2026/08/05 19:42:35.619, 3, 89.69 W, 100 %, 17599 MiB
2026/08/05 19:42:35.619, 4, 89.96 W, 100 %, 17599 MiB
2026/08/05 19:42:35.619, 5, 229.45 W, 76 %, 17599 MiB
2026/08/05 19:42:35.619, 6, 89.42 W, 100 %, 17599 MiB
2026/08/05 19:42:35.619, 7, 92.83 W, 100 %, 17607 MiB
2026/08/05 19:42:35.820, 0, 88.05 W, 100 %, 17529 MiB
2026/08/05 19:42:35.821, 1, 87.88 W, 100 %, 17599 MiB
2026/08/05 19:42:35.821, 2, 89.08 W, 100 %, 17599 MiB
2026/08/05 19:42:35.821, 3, 89.69 W, 100 %, 17599 MiB
2026/08/05 19:42:35.825, 4, 89.78 W, 100 %, 17599 MiB
2026/08/05 19:42:35.829, 5, 232.18 W, 77 %, 17599 MiB
2026/08/05 19:42:35.829, 6, 89.42 W, 100 %, 17599 MiB
2026/08/05 19:42:35.829, 7, 92.83 W, 100 %, 17607 MiB
2026/08/05 19:42:36.029, 0, 88.65 W, 100 %, 17529 MiB
2026/08/05 19:42:36.029, 1, 87.88 W, 100 %, 17599 MiB
2026/08/05 19:42:36.029, 2, 89.36 W, 100 %, 17599 MiB
2026/08/05 19:42:36.029, 3, 89.69 W, 100 %, 17599 MiB
2026/08/05 19:42:36.030, 4, 89.69 W, 100 %, 17599 MiB
2026/08/05 19:42:36.030, 5, 233.12 W, 77 %, 17599 MiB
2026/08/05 19:42:36.030, 6, 89.42 W, 100 %, 17599 MiB
2026/08/05 19:42:36.030, 7, 92.83 W, 100 %, 17607 MiB
2026/08/05 19:42:36.230, 0, 88.05 W, 100 %, 17529 MiB
2026/08/05 19:42:36.233, 1, 87.88 W, 100 %, 17599 MiB
2026/08/05 19:42:36.233, 2, 89.08 W, 100 %, 17599 MiB
2026/08/05 19:42:36.236, 3, 89.69 W, 100 %, 17599 MiB
2026/08/05 19:42:36.238, 4, 89.69 W, 100 %, 17599 MiB
2026/08/05 19:42:36.238, 5, 93.31 W, 76 %, 17599 MiB
2026/08/05 19:42:36.238, 6, 223.81 W, 100 %, 17599 MiB
2026/08/05 19:42:36.238, 7, 92.83 W, 100 %, 17607 MiB
2026/08/05 19:42:36.438, 0, 88.65 W, 100 %, 17529 MiB
2026/08/05 19:42:36.438, 1, 87.88 W, 100 %, 17599 MiB
2026/08/05 19:42:36.439, 2, 89.08 W, 100 %, 17599 MiB
2026/08/05 19:42:36.439, 3, 89.69 W, 100 %, 17599 MiB
2026/08/05 19:42:36.439, 4, 89.96 W, 100 %, 17599 MiB
2026/08/05 19:42:36.439, 5, 92.69 W, 95 %, 17599 MiB
2026/08/05 19:42:36.439, 6, 223.20 W, 74 %, 17599 MiB
2026/08/05 19:42:36.439, 7, 92.83 W, 100 %, 17607 MiB
2026/08/05 19:42:36.639, 0, 88.65 W, 100 %, 17529 MiB
2026/08/05 19:42:36.640, 1, 87.88 W, 100 %, 17599 MiB
2026/08/05 19:42:36.640, 2, 89.36 W, 100 %, 17599 MiB
2026/08/05 19:42:36.640, 3, 89.69 W, 100 %, 17599 MiB
2026/08/05 19:42:36.640, 4, 89.78 W, 100 %, 17599 MiB
2026/08/05 19:42:36.640, 5, 92.03 W, 100 %, 17599 MiB
2026/08/05 19:42:36.641, 6, 227.77 W, 77 %, 17599 MiB
2026/08/05 19:42:36.641, 7, 92.83 W, 100 %, 17607 MiB
2026/08/05 19:42:36.842, 0, 88.05 W, 100 %, 17529 MiB
2026/08/05 19:42:36.842, 1, 87.88 W, 100 %, 17599 MiB
2026/08/05 19:42:36.842, 2, 89.36 W, 100 %, 17599 MiB
2026/08/05 19:42:36.842, 3, 89.69 W, 100 %, 17599 MiB
2026/08/05 19:42:36.843, 4, 89.69 W, 100 %, 17599 MiB
2026/08/05 19:42:36.843, 5, 91.75 W, 100 %, 17599 MiB
2026/08/05 19:42:36.843, 6, 228.11 W, 77 %, 17599 MiB
2026/08/05 19:42:36.843, 7, 92.83 W, 100 %, 17607 MiB
2026/08/05 19:42:37.043, 0, 88.65 W, 100 %, 17529 MiB
2026/08/05 19:42:37.043, 1, 87.88 W, 100 %, 17599 MiB
2026/08/05 19:42:37.043, 2, 89.08 W, 100 %, 17599 MiB
2026/08/05 19:42:37.043, 3, 89.69 W, 100 %, 17599 MiB
2026/08/05 19:42:37.043, 4, 89.96 W, 100 %, 17599 MiB
2026/08/05 19:42:37.043, 5, 91.75 W, 100 %, 17599 MiB
2026/08/05 19:42:37.043, 6, 222.54 W, 77 %, 17599 MiB
2026/08/05 19:42:37.043, 7, 92.83 W, 100 %, 17607 MiB
2026/08/05 19:42:37.244, 0, 88.05 W, 100 %, 17529 MiB
2026/08/05 19:42:37.258, 1, 87.88 W, 100 %, 17599 MiB
2026/08/05 19:42:37.258, 2, 89.36 W, 100 %, 17599 MiB
2026/08/05 19:42:37.258, 3, 89.69 W, 100 %, 17599 MiB
2026/08/05 19:42:37.258, 4, 89.69 W, 100 %, 17599 MiB
2026/08/05 19:42:37.258, 5, 91.75 W, 100 %, 17599 MiB
2026/08/05 19:42:37.258, 6, 228.38 W, 76 %, 17599 MiB
2026/08/05 19:42:37.258, 7, 92.83 W, 100 %, 17607 MiB
2026/08/05 19:42:37.459, 0, 88.65 W, 100 %, 17529 MiB
2026/08/05 19:42:37.459, 1, 87.88 W, 100 %, 17599 MiB
2026/08/05 19:42:37.459, 2, 89.36 W, 100 %, 17599 MiB
2026/08/05 19:42:37.459, 3, 89.69 W, 100 %, 17599 MiB
2026/08/05 19:42:37.459, 4, 89.69 W, 100 %, 17599 MiB
2026/08/05 19:42:37.459, 5, 91.42 W, 100 %, 17599 MiB
2026/08/05 19:42:37.459, 6, 225.62 W, 77 %, 17599 MiB
2026/08/05 19:42:37.459, 7, 92.83 W, 100 %, 17607 MiB
2026/08/05 19:42:37.659, 0, 88.05 W, 100 %, 17529 MiB
2026/08/05 19:42:37.659, 1, 87.88 W, 100 %, 17599 MiB
2026/08/05 19:42:37.659, 2, 89.36 W, 100 %, 17599 MiB
2026/08/05 19:42:37.659, 3, 89.69 W, 100 %, 17599 MiB
2026/08/05 19:42:37.659, 4, 89.69 W, 100 %, 17599 MiB
2026/08/05 19:42:37.659, 5, 91.42 W, 100 %, 17599 MiB
2026/08/05 19:42:37.659, 6, 225.95 W, 76 %, 17599 MiB
2026/08/05 19:42:37.659, 7, 92.83 W, 100 %, 17607 MiB
2026/08/05 19:42:37.859, 0, 88.05 W, 100 %, 17529 MiB
2026/08/05 19:42:37.860, 1, 87.88 W, 100 %, 17599 MiB
2026/08/05 19:42:37.860, 2, 89.36 W, 100 %, 17599 MiB
2026/08/05 19:42:37.860, 3, 89.69 W, 100 %, 17599 MiB
2026/08/05 19:42:37.861, 4, 89.69 W, 100 %, 17599 MiB
2026/08/05 19:42:37.861, 5, 91.42 W, 100 %, 17599 MiB
2026/08/05 19:42:37.861, 6, 227.77 W, 77 %, 17599 MiB
2026/08/05 19:42:37.861, 7, 92.83 W, 100 %, 17607 MiB
2026/08/05 19:42:38.061, 0, 88.65 W, 100 %, 17529 MiB
2026/08/05 19:42:38.061, 1, 87.88 W, 100 %, 17599 MiB
2026/08/05 19:42:38.061, 2, 89.36 W, 100 %, 17599 MiB
2026/08/05 19:42:38.061, 3, 89.69 W, 100 %, 17599 MiB
2026/08/05 19:42:38.061, 4, 89.69 W, 100 %, 17599 MiB
2026/08/05 19:42:38.061, 5, 91.42 W, 100 %, 17599 MiB
2026/08/05 19:42:38.061, 6, 227.17 W, 77 %, 17599 MiB
2026/08/05 19:42:38.062, 7, 92.83 W, 100 %, 17607 MiB
2026/08/05 19:42:38.262, 0, 88.65 W, 100 %, 17529 MiB
2026/08/05 19:42:38.262, 1, 87.88 W, 100 %, 17599 MiB
2026/08/05 19:42:38.262, 2, 89.36 W, 100 %, 17599 MiB
2026/08/05 19:42:38.262, 3, 89.69 W, 100 %, 17599 MiB
2026/08/05 19:42:38.262, 4, 89.69 W, 100 %, 17599 MiB
2026/08/05 19:42:38.262, 5, 91.42 W, 100 %, 17599 MiB
2026/08/05 19:42:38.262, 6, 90.96 W, 77 %, 17599 MiB
2026/08/05 19:42:38.262, 7, 92.83 W, 100 %, 17607 MiB
2026/08/05 19:42:38.462, 0, 88.65 W, 100 %, 17529 MiB
2026/08/05 19:42:38.463, 1, 87.88 W, 100 %, 17599 MiB
2026/08/05 19:42:38.464, 2, 89.36 W, 100 %, 17599 MiB
2026/08/05 19:42:38.464, 3, 89.69 W, 100 %, 17599 MiB
2026/08/05 19:42:38.464, 4, 89.69 W, 100 %, 17599 MiB
2026/08/05 19:42:38.464, 5, 91.42 W, 100 %, 17599 MiB
2026/08/05 19:42:38.465, 6, 90.63 W, 89 %, 17599 MiB
2026/08/05 19:42:38.465, 7, 234.12 W, 95 %, 17607 MiB
2026/08/05 19:42:38.665, 0, 88.65 W, 100 %, 17529 MiB
2026/08/05 19:42:38.666, 1, 87.88 W, 100 %, 17599 MiB
2026/08/05 19:42:38.666, 2, 89.08 W, 100 %, 17599 MiB
2026/08/05 19:42:38.666, 3, 89.69 W, 100 %, 17599 MiB
2026/08/05 19:42:38.666, 4, 89.69 W, 100 %, 17599 MiB
2026/08/05 19:42:38.666, 5, 91.42 W, 100 %, 17599 MiB
2026/08/05 19:42:38.666, 6, 90.36 W, 100 %, 17599 MiB
2026/08/05 19:42:38.666, 7, 236.58 W, 76 %, 17607 MiB
2026/08/05 19:42:38.866, 0, 88.65 W, 100 %, 17529 MiB
2026/08/05 19:42:38.866, 1, 87.88 W, 100 %, 17599 MiB
2026/08/05 19:42:38.868, 2, 89.36 W, 100 %, 17599 MiB
2026/08/05 19:42:38.869, 3, 89.69 W, 100 %, 17599 MiB
2026/08/05 19:42:38.869, 4, 89.69 W, 100 %, 17599 MiB
2026/08/05 19:42:38.869, 5, 91.42 W, 100 %, 17599 MiB
2026/08/05 19:42:38.869, 6, 90.36 W, 100 %, 17599 MiB
2026/08/05 19:42:38.869, 7, 233.51 W, 76 %, 17607 MiB
2026/08/05 19:42:39.070, 0, 88.65 W, 100 %, 17529 MiB
2026/08/05 19:42:39.070, 1, 87.88 W, 100 %, 17599 MiB
2026/08/05 19:42:39.070, 2, 89.08 W, 100 %, 17599 MiB
2026/08/05 19:42:39.070, 3, 89.69 W, 100 %, 17599 MiB
2026/08/05 19:42:39.070, 4, 89.69 W, 100 %, 17599 MiB
2026/08/05 19:42:39.071, 5, 91.42 W, 100 %, 17599 MiB
2026/08/05 19:42:39.071, 6, 90.36 W, 100 %, 17599 MiB
2026/08/05 19:42:39.071, 7, 237.79 W, 76 %, 17607 MiB
2026/08/05 19:42:39.271, 0, 88.65 W, 100 %, 17529 MiB
2026/08/05 19:42:39.271, 1, 87.88 W, 100 %, 17599 MiB
2026/08/05 19:42:39.271, 2, 89.36 W, 100 %, 17599 MiB
2026/08/05 19:42:39.271, 3, 89.69 W, 100 %, 17599 MiB
2026/08/05 19:42:39.271, 4, 89.69 W, 100 %, 17599 MiB
2026/08/05 19:42:39.271, 5, 91.42 W, 100 %, 17599 MiB
2026/08/05 19:42:39.271, 6, 90.02 W, 100 %, 17599 MiB
2026/08/05 19:42:39.271, 7, 238.97 W, 77 %, 17607 MiB
2026/08/05 19:42:39.472, 0, 88.65 W, 100 %, 17529 MiB
2026/08/05 19:42:39.472, 1, 87.88 W, 100 %, 17599 MiB
2026/08/05 19:42:39.473, 2, 89.36 W, 100 %, 17599 MiB
2026/08/05 19:42:39.473, 3, 89.69 W, 100 %, 17599 MiB
2026/08/05 19:42:39.473, 4, 89.69 W, 100 %, 17599 MiB
2026/08/05 19:42:39.475, 5, 91.42 W, 100 %, 17599 MiB
2026/08/05 19:42:39.475, 6, 90.02 W, 100 %, 17599 MiB
2026/08/05 19:42:39.476, 7, 239.61 W, 77 %, 17607 MiB
2026/08/05 19:42:39.676, 0, 88.65 W, 100 %, 17529 MiB
2026/08/05 19:42:39.676, 1, 87.88 W, 100 %, 17599 MiB
2026/08/05 19:42:39.676, 2, 89.36 W, 100 %, 17599 MiB
2026/08/05 19:42:39.676, 3, 89.69 W, 100 %, 17599 MiB
2026/08/05 19:42:39.676, 4, 89.69 W, 100 %, 17599 MiB
2026/08/05 19:42:39.676, 5, 91.42 W, 100 %, 17599 MiB
2026/08/05 19:42:39.676, 6, 90.02 W, 100 %, 17599 MiB
2026/08/05 19:42:39.676, 7, 238.73 W, 77 %, 17607 MiB
2026/08/05 19:42:39.876, 0, 88.65 W, 100 %, 17529 MiB
2026/08/05 19:42:39.877, 1, 87.88 W, 100 %, 17599 MiB
2026/08/05 19:42:39.877, 2, 89.36 W, 100 %, 17599 MiB
2026/08/05 19:42:39.877, 3, 89.69 W, 100 %, 17599 MiB
2026/08/05 19:42:39.877, 4, 89.69 W, 100 %, 17599 MiB
2026/08/05 19:42:39.877, 5, 91.42 W, 100 %, 17599 MiB
2026/08/05 19:42:39.877, 6, 90.02 W, 100 %, 17599 MiB
2026/08/05 19:42:39.877, 7, 236.86 W, 76 %, 17607 MiB
2026/08/05 19:42:40.077, 0, 88.65 W, 100 %, 17529 MiB
2026/08/05 19:42:40.077, 1, 87.88 W, 100 %, 17599 MiB
2026/08/05 19:42:40.077, 2, 89.36 W, 100 %, 17599 MiB
2026/08/05 19:42:40.077, 3, 89.69 W, 100 %, 17599 MiB
2026/08/05 19:42:40.077, 4, 89.69 W, 100 %, 17599 MiB
2026/08/05 19:42:40.078, 5, 91.42 W, 100 %, 17599 MiB
2026/08/05 19:42:40.078, 6, 90.02 W, 100 %, 17599 MiB
2026/08/05 19:42:40.078, 7, 236.58 W, 76 %, 17607 MiB
2026/08/05 19:42:40.278, 0, 89.69 W, 100 %, 17529 MiB
2026/08/05 19:42:40.278, 1, 87.88 W, 100 %, 17599 MiB
2026/08/05 19:42:40.278, 2, 89.45 W, 100 %, 17599 MiB
2026/08/05 19:42:40.278, 3, 89.69 W, 100 %, 17599 MiB
2026/08/05 19:42:40.278, 4, 89.69 W, 100 %, 17599 MiB
2026/08/05 19:42:40.278, 5, 91.51 W, 100 %, 17599 MiB
2026/08/05 19:42:40.278, 6, 90.02 W, 100 %, 17599 MiB
2026/08/05 19:42:40.279, 7, 103.33 W, 75 %, 17607 MiB
2026/08/05 19:42:40.479, 0, 88.75 W, 100 %, 17529 MiB
2026/08/05 19:42:40.479, 1, 87.88 W, 100 %, 17599 MiB
2026/08/05 19:42:40.479, 2, 89.45 W, 100 %, 17599 MiB
2026/08/05 19:42:40.479, 3, 89.69 W, 100 %, 17599 MiB
2026/08/05 19:42:40.479, 4, 89.78 W, 100 %, 17599 MiB
2026/08/05 19:42:40.479, 5, 91.51 W, 100 %, 17599 MiB
2026/08/05 19:42:40.479, 6, 90.02 W, 100 %, 17599 MiB
2026/08/05 19:42:40.479, 7, 96.28 W, 92 %, 17607 MiB
2026/08/05 19:42:40.679, 0, 87.81 W, 100 %, 17529 MiB
2026/08/05 19:42:40.680, 1, 87.88 W, 100 %, 17599 MiB
2026/08/05 19:42:40.680, 2, 89.45 W, 100 %, 17599 MiB
2026/08/05 19:42:40.680, 3, 89.69 W, 100 %, 17599 MiB
2026/08/05 19:42:40.680, 4, 89.78 W, 100 %, 17599 MiB
2026/08/05 19:42:40.680, 5, 91.51 W, 100 %, 17599 MiB
2026/08/05 19:42:40.680, 6, 90.02 W, 100 %, 17599 MiB
2026/08/05 19:42:40.681, 7, 95.07 W, 100 %, 17607 MiB
2026/08/05 19:42:40.881, 0, 88.14 W, 100 %, 17529 MiB
2026/08/05 19:42:40.881, 1, 87.88 W, 100 %, 17599 MiB
2026/08/05 19:42:40.881, 2, 89.17 W, 100 %, 17599 MiB
2026/08/05 19:42:40.881, 3, 89.69 W, 100 %, 17599 MiB
2026/08/05 19:42:40.881, 4, 89.78 W, 100 %, 17599 MiB
2026/08/05 19:42:40.881, 5, 91.24 W, 100 %, 17599 MiB
2026/08/05 19:42:40.881, 6, 90.02 W, 100 %, 17599 MiB
2026/08/05 19:42:40.881, 7, 95.07 W, 100 %, 17607 MiB
2026/08/05 19:42:41.081, 0, 88.75 W, 100 %, 17529 MiB
2026/08/05 19:42:41.082, 1, 87.88 W, 100 %, 17599 MiB
2026/08/05 19:42:41.082, 2, 89.45 W, 100 %, 17599 MiB
2026/08/05 19:42:41.082, 3, 89.69 W, 100 %, 17599 MiB
2026/08/05 19:42:41.082, 4, 89.78 W, 100 %, 17599 MiB
2026/08/05 19:42:41.082, 5, 91.51 W, 100 %, 17599 MiB
2026/08/05 19:42:41.082, 6, 90.02 W, 100 %, 17599 MiB
2026/08/05 19:42:41.082, 7, 94.74 W, 100 %, 17607 MiB
2026/08/05 19:42:41.282, 0, 88.14 W, 100 %, 17529 MiB
2026/08/05 19:42:41.282, 1, 87.88 W, 100 %, 17599 MiB
2026/08/05 19:42:41.282, 2, 89.17 W, 100 %, 17599 MiB
2026/08/05 19:42:41.282, 3, 89.69 W, 100 %, 17599 MiB
2026/08/05 19:42:41.283, 4, 89.78 W, 100 %, 17599 MiB
2026/08/05 19:42:41.283, 5, 91.51 W, 100 %, 17599 MiB
2026/08/05 19:42:41.283, 6, 90.02 W, 100 %, 17599 MiB
2026/08/05 19:42:41.283, 7, 94.74 W, 100 %, 17607 MiB
2026/08/05 19:42:41.483, 0, 88.75 W, 100 %, 17529 MiB
2026/08/05 19:42:41.483, 1, 87.88 W, 100 %, 17599 MiB
2026/08/05 19:42:41.483, 2, 89.17 W, 100 %, 17599 MiB
2026/08/05 19:42:41.483, 3, 89.69 W, 100 %, 17599 MiB
2026/08/05 19:42:41.483, 4, 89.78 W, 100 %, 17599 MiB
2026/08/05 19:42:41.483, 5, 91.51 W, 100 %, 17599 MiB
2026/08/05 19:42:41.483, 6, 90.02 W, 100 %, 17599 MiB
2026/08/05 19:42:41.483, 7, 94.74 W, 100 %, 17607 MiB
2026/08/05 19:42:41.683, 0, 88.14 W, 100 %, 17529 MiB
2026/08/05 19:42:41.684, 1, 87.88 W, 100 %, 17599 MiB
2026/08/05 19:42:41.684, 2, 89.45 W, 100 %, 17599 MiB
2026/08/05 19:42:41.684, 3, 89.69 W, 100 %, 17599 MiB
2026/08/05 19:42:41.684, 4, 89.78 W, 100 %, 17599 MiB
2026/08/05 19:42:41.684, 5, 91.51 W, 100 %, 17599 MiB
2026/08/05 19:42:41.684, 6, 90.02 W, 100 %, 17599 MiB
2026/08/05 19:42:41.684, 7, 94.47 W, 100 %, 17607 MiB
2026/08/05 19:42:41.884, 0, 88.14 W, 100 %, 17529 MiB
2026/08/05 19:42:41.885, 1, 87.88 W, 100 %, 17599 MiB
2026/08/05 19:42:41.885, 2, 89.17 W, 100 %, 17599 MiB
2026/08/05 19:42:41.885, 3, 89.69 W, 100 %, 17599 MiB
2026/08/05 19:42:41.885, 4, 89.78 W, 100 %, 17599 MiB
2026/08/05 19:42:41.885, 5, 91.51 W, 100 %, 17599 MiB
2026/08/05 19:42:41.885, 6, 90.02 W, 100 %, 17599 MiB
2026/08/05 19:42:41.885, 7, 94.47 W, 100 %, 17607 MiB
2026/08/05 19:42:42.085, 0, 88.75 W, 100 %, 17529 MiB
2026/08/05 19:42:42.085, 1, 87.88 W, 100 %, 17599 MiB
2026/08/05 19:42:42.085, 2, 89.45 W, 100 %, 17599 MiB
2026/08/05 19:42:42.086, 3, 89.69 W, 100 %, 17599 MiB
2026/08/05 19:42:42.086, 4, 89.78 W, 100 %, 17599 MiB
2026/08/05 19:42:42.086, 5, 91.51 W, 100 %, 17599 MiB
2026/08/05 19:42:42.086, 6, 90.02 W, 100 %, 17599 MiB
2026/08/05 19:42:42.086, 7, 94.47 W, 100 %, 17607 MiB
2026/08/05 19:42:42.286, 0, 88.75 W, 100 %, 17529 MiB
2026/08/05 19:42:42.286, 1, 87.88 W, 100 %, 17599 MiB
2026/08/05 19:42:42.286, 2, 89.17 W, 100 %, 17599 MiB
2026/08/05 19:42:42.287, 3, 89.69 W, 100 %, 17599 MiB
2026/08/05 19:42:42.287, 4, 89.78 W, 100 %, 17599 MiB
2026/08/05 19:42:42.287, 5, 91.51 W, 100 %, 17599 MiB
2026/08/05 19:42:42.287, 6, 90.02 W, 100 %, 17599 MiB
2026/08/05 19:42:42.288, 7, 94.47 W, 100 %, 17607 MiB
2026/08/05 19:42:42.488, 0, 88.75 W, 100 %, 17529 MiB
2026/08/05 19:42:42.488, 1, 87.88 W, 100 %, 17599 MiB
2026/08/05 19:42:42.488, 2, 89.17 W, 100 %, 17599 MiB
2026/08/05 19:42:42.488, 3, 89.69 W, 100 %, 17599 MiB
2026/08/05 19:42:42.488, 4, 89.78 W, 100 %, 17599 MiB
2026/08/05 19:42:42.488, 5, 91.51 W, 100 %, 17599 MiB
2026/08/05 19:42:42.488, 6, 90.02 W, 100 %, 17599 MiB
2026/08/05 19:42:42.488, 7, 94.47 W, 100 %, 17607 MiB
2026/08/05 19:42:42.689, 0, 88.75 W, 100 %, 17529 MiB
2026/08/05 19:42:42.689, 1, 87.88 W, 100 %, 17599 MiB
2026/08/05 19:42:42.689, 2, 89.45 W, 100 %, 17599 MiB
2026/08/05 19:42:42.689, 3, 89.69 W, 100 %, 17599 MiB
2026/08/05 19:42:42.689, 4, 89.78 W, 100 %, 17599 MiB
2026/08/05 19:42:42.689, 5, 91.51 W, 100 %, 17599 MiB
2026/08/05 19:42:42.689, 6, 90.02 W, 100 %, 17599 MiB
2026/08/05 19:42:42.689, 7, 94.47 W, 100 %, 17607 MiB
2026/08/05 19:42:42.889, 0, 88.75 W, 100 %, 17529 MiB
2026/08/05 19:42:42.890, 1, 87.88 W, 100 %, 17599 MiB
2026/08/05 19:42:42.890, 2, 89.45 W, 100 %, 17599 MiB
2026/08/05 19:42:42.890, 3, 89.69 W, 100 %, 17599 MiB
2026/08/05 19:42:42.890, 4, 89.78 W, 100 %, 17599 MiB
2026/08/05 19:42:42.890, 5, 91.51 W, 100 %, 17599 MiB
2026/08/05 19:42:42.890, 6, 90.02 W, 100 %, 17599 MiB
2026/08/05 19:42:42.890, 7, 94.47 W, 100 %, 17607 MiB
2026/08/05 19:42:43.090, 0, 88.75 W, 100 %, 17529 MiB
2026/08/05 19:42:43.090, 1, 87.88 W, 100 %, 17599 MiB
2026/08/05 19:42:43.090, 2, 89.45 W, 100 %, 17599 MiB
2026/08/05 19:42:43.090, 3, 89.69 W, 100 %, 17599 MiB
2026/08/05 19:42:43.091, 4, 89.78 W, 100 %, 17599 MiB
2026/08/05 19:42:43.091, 5, 91.51 W, 100 %, 17599 MiB
2026/08/05 19:42:43.091, 6, 90.02 W, 100 %, 17599 MiB
2026/08/05 19:42:43.091, 7, 94.47 W, 100 %, 17607 MiB
2026/08/05 19:42:43.291, 0, 88.75 W, 100 %, 17529 MiB
2026/08/05 19:42:43.306, 1, 87.88 W, 100 %, 17599 MiB
2026/08/05 19:42:43.307, 2, 89.17 W, 100 %, 17599 MiB
2026/08/05 19:42:43.307, 3, 89.69 W, 100 %, 17599 MiB
2026/08/05 19:42:43.307, 4, 89.78 W, 100 %, 17599 MiB
2026/08/05 19:42:43.307, 5, 91.51 W, 100 %, 17599 MiB
2026/08/05 19:42:43.307, 6, 90.02 W, 100 %, 17599 MiB
2026/08/05 19:42:43.307, 7, 94.47 W, 100 %, 17607 MiB
2026/08/05 19:42:43.507, 0, 88.75 W, 100 %, 17529 MiB
2026/08/05 19:42:43.507, 1, 87.88 W, 100 %, 17599 MiB
2026/08/05 19:42:43.507, 2, 89.45 W, 100 %, 17599 MiB
2026/08/05 19:42:43.507, 3, 89.69 W, 100 %, 17599 MiB
2026/08/05 19:42:43.508, 4, 89.78 W, 100 %, 17599 MiB
2026/08/05 19:42:43.508, 5, 91.51 W, 100 %, 17599 MiB
2026/08/05 19:42:43.508, 6, 90.02 W, 100 %, 17599 MiB
2026/08/05 19:42:43.508, 7, 94.47 W, 100 %, 17607 MiB
2026/08/05 19:42:43.708, 0, 88.75 W, 100 %, 17529 MiB
2026/08/05 19:42:43.708, 1, 87.88 W, 100 %, 17599 MiB
2026/08/05 19:42:43.708, 2, 89.45 W, 100 %, 17599 MiB
2026/08/05 19:42:43.708, 3, 89.69 W, 100 %, 17599 MiB
2026/08/05 19:42:43.708, 4, 89.78 W, 100 %, 17599 MiB
2026/08/05 19:42:43.708, 5, 91.51 W, 100 %, 17599 MiB
2026/08/05 19:42:43.708, 6, 90.02 W, 100 %, 17599 MiB
2026/08/05 19:42:43.709, 7, 94.47 W, 100 %, 17607 MiB
2026/08/05 19:42:43.909, 0, 88.75 W, 100 %, 17529 MiB
2026/08/05 19:42:43.909, 1, 87.88 W, 100 %, 17599 MiB
2026/08/05 19:42:43.910, 2, 89.45 W, 100 %, 17599 MiB
2026/08/05 19:42:43.910, 3, 89.69 W, 100 %, 17599 MiB
2026/08/05 19:42:43.910, 4, 89.78 W, 100 %, 17599 MiB
2026/08/05 19:42:43.910, 5, 91.51 W, 100 %, 17599 MiB
2026/08/05 19:42:43.911, 6, 89.69 W, 100 %, 17599 MiB
2026/08/05 19:42:43.911, 7, 94.47 W, 100 %, 17607 MiB
2026/08/05 19:42:44.112, 0, 88.75 W, 100 %, 17529 MiB
2026/08/05 19:42:44.112, 1, 87.88 W, 100 %, 17599 MiB
2026/08/05 19:42:44.112, 2, 89.45 W, 100 %, 17599 MiB
2026/08/05 19:42:44.112, 3, 89.69 W, 100 %, 17599 MiB
2026/08/05 19:42:44.112, 4, 89.78 W, 100 %, 17599 MiB
2026/08/05 19:42:44.112, 5, 91.51 W, 100 %, 17599 MiB
2026/08/05 19:42:44.112, 6, 89.69 W, 100 %, 17599 MiB
2026/08/05 19:42:44.113, 7, 94.47 W, 100 %, 17607 MiB
2026/08/05 19:42:44.313, 0, 88.75 W, 100 %, 17529 MiB
2026/08/05 19:42:44.313, 1, 87.88 W, 100 %, 17599 MiB
2026/08/05 19:42:44.313, 2, 89.45 W, 100 %, 17599 MiB
2026/08/05 19:42:44.313, 3, 89.69 W, 100 %, 17599 MiB
2026/08/05 19:42:44.313, 4, 89.78 W, 100 %, 17599 MiB
2026/08/05 19:42:44.313, 5, 91.51 W, 100 %, 17599 MiB
2026/08/05 19:42:44.313, 6, 90.02 W, 100 %, 17599 MiB
2026/08/05 19:42:44.313, 7, 94.47 W, 100 %, 17607 MiB
2026/08/05 19:42:44.514, 0, 88.75 W, 100 %, 17529 MiB
2026/08/05 19:42:44.514, 1, 87.88 W, 100 %, 17599 MiB
2026/08/05 19:42:44.514, 2, 89.45 W, 100 %, 17599 MiB
2026/08/05 19:42:44.514, 3, 89.69 W, 100 %, 17599 MiB
2026/08/05 19:42:44.514, 4, 89.78 W, 100 %, 17599 MiB
2026/08/05 19:42:44.514, 5, 91.51 W, 100 %, 17599 MiB
2026/08/05 19:42:44.514, 6, 89.69 W, 100 %, 17599 MiB
2026/08/05 19:42:44.514, 7, 94.47 W, 100 %, 17607 MiB
2026/08/05 19:42:44.714, 0, 88.75 W, 100 %, 17529 MiB
2026/08/05 19:42:44.715, 1, 87.88 W, 100 %, 17599 MiB
2026/08/05 19:42:44.715, 2, 89.45 W, 100 %, 17599 MiB
2026/08/05 19:42:44.715, 3, 89.69 W, 100 %, 17599 MiB
2026/08/05 19:42:44.715, 4, 89.78 W, 100 %, 17599 MiB
2026/08/05 19:42:44.715, 5, 91.51 W, 100 %, 17599 MiB
2026/08/05 19:42:44.715, 6, 90.02 W, 100 %, 17599 MiB
2026/08/05 19:42:44.715, 7, 94.13 W, 100 %, 17607 MiB
2026/08/05 19:42:44.915, 0, 88.75 W, 100 %, 17529 MiB
2026/08/05 19:42:44.915, 1, 88.17 W, 100 %, 17599 MiB
2026/08/05 19:42:44.916, 2, 89.45 W, 100 %, 17599 MiB
2026/08/05 19:42:44.916, 3, 89.69 W, 100 %, 17599 MiB
2026/08/05 19:42:44.916, 4, 89.78 W, 100 %, 17599 MiB
2026/08/05 19:42:44.916, 5, 91.51 W, 100 %, 17599 MiB
2026/08/05 19:42:44.916, 6, 90.02 W, 100 %, 17599 MiB
2026/08/05 19:42:44.916, 7, 94.47 W, 100 %, 17607 MiB
2026/08/05 19:42:45.116, 0, 88.75 W, 100 %, 17529 MiB
2026/08/05 19:42:45.116, 1, 87.88 W, 100 %, 17599 MiB
2026/08/05 19:42:45.116, 2, 89.45 W, 100 %, 17599 MiB
2026/08/05 19:42:45.117, 3, 89.69 W, 100 %, 17599 MiB
2026/08/05 19:42:45.117, 4, 89.78 W, 100 %, 17599 MiB
2026/08/05 19:42:45.117, 5, 91.51 W, 100 %, 17599 MiB
2026/08/05 19:42:45.117, 6, 89.69 W, 100 %, 17599 MiB
2026/08/05 19:42:45.118, 7, 94.47 W, 100 %, 17607 MiB
2026/08/05 19:42:45.319, 0, 88.75 W, 100 %, 17529 MiB
2026/08/05 19:42:45.319, 1, 87.88 W, 100 %, 17599 MiB
2026/08/05 19:42:45.319, 2, 89.45 W, 100 %, 17599 MiB
2026/08/05 19:42:45.319, 3, 89.69 W, 100 %, 17599 MiB
2026/08/05 19:42:45.319, 4, 89.78 W, 100 %, 17599 MiB
2026/08/05 19:42:45.319, 5, 91.51 W, 100 %, 17599 MiB
2026/08/05 19:42:45.320, 6, 90.02 W, 100 %, 17599 MiB
2026/08/05 19:42:45.320, 7, 94.47 W, 100 %, 17607 MiB
2026/08/05 19:42:45.520, 0, 89.08 W, 100 %, 17529 MiB
2026/08/05 19:42:45.520, 1, 88.17 W, 100 %, 17599 MiB
2026/08/05 19:42:45.520, 2, 89.45 W, 100 %, 17599 MiB
2026/08/05 19:42:45.520, 3, 89.69 W, 100 %, 17599 MiB
2026/08/05 19:42:45.520, 4, 89.78 W, 100 %, 17599 MiB
2026/08/05 19:42:45.520, 5, 91.51 W, 100 %, 17599 MiB
2026/08/05 19:42:45.520, 6, 90.02 W, 100 %, 17599 MiB
2026/08/05 19:42:45.520, 7, 94.47 W, 100 %, 17607 MiB
2026/08/05 19:42:45.720, 0, 88.75 W, 100 %, 17529 MiB
2026/08/05 19:42:45.723, 1, 88.17 W, 100 %, 17599 MiB
2026/08/05 19:42:45.723, 2, 89.45 W, 100 %, 17599 MiB
2026/08/05 19:42:45.727, 3, 89.69 W, 100 %, 17599 MiB
2026/08/05 19:42:45.730, 4, 89.78 W, 100 %, 17599 MiB
2026/08/05 19:42:45.730, 5, 91.51 W, 100 %, 17599 MiB
2026/08/05 19:42:45.730, 6, 90.02 W, 100 %, 17599 MiB
2026/08/05 19:42:45.730, 7, 94.47 W, 100 %, 17607 MiB
2026/08/05 19:42:45.930, 0, 88.75 W, 100 %, 17529 MiB
2026/08/05 19:42:45.930, 1, 87.88 W, 100 %, 17599 MiB
2026/08/05 19:42:45.930, 2, 89.45 W, 100 %, 17599 MiB
2026/08/05 19:42:45.931, 3, 89.69 W, 100 %, 17599 MiB
2026/08/05 19:42:45.931, 4, 89.78 W, 100 %, 17599 MiB
2026/08/05 19:42:45.931, 5, 91.51 W, 100 %, 17599 MiB
2026/08/05 19:42:45.931, 6, 90.02 W, 100 %, 17599 MiB
2026/08/05 19:42:45.931, 7, 94.47 W, 100 %, 17607 MiB
2026/08/05 19:42:46.131, 0, 88.75 W, 100 %, 17529 MiB
2026/08/05 19:42:46.132, 1, 87.88 W, 100 %, 17599 MiB
2026/08/05 19:42:46.135, 2, 89.45 W, 100 %, 17599 MiB
2026/08/05 19:42:46.135, 3, 89.69 W, 100 %, 17599 MiB
2026/08/05 19:42:46.135, 4, 89.78 W, 100 %, 17599 MiB
2026/08/05 19:42:46.136, 5, 91.51 W, 100 %, 17599 MiB
2026/08/05 19:42:46.136, 6, 90.02 W, 100 %, 17599 MiB
2026/08/05 19:42:46.136, 7, 94.47 W, 100 %, 17607 MiB
2026/08/05 19:42:46.339, 0, 88.75 W, 100 %, 17529 MiB
2026/08/05 19:42:46.339, 1, 87.88 W, 100 %, 17599 MiB
2026/08/05 19:42:46.339, 2, 89.45 W, 100 %, 17599 MiB
2026/08/05 19:42:46.339, 3, 89.69 W, 100 %, 17599 MiB
2026/08/05 19:42:46.340, 4, 89.78 W, 100 %, 17599 MiB
2026/08/05 19:42:46.340, 5, 91.51 W, 100 %, 17599 MiB
2026/08/05 19:42:46.340, 6, 90.02 W, 100 %, 17599 MiB
2026/08/05 19:42:46.340, 7, 94.47 W, 100 %, 17607 MiB
2026/08/05 19:42:46.540, 0, 88.75 W, 100 %, 17529 MiB
2026/08/05 19:42:46.543, 1, 87.88 W, 100 %, 17599 MiB
2026/08/05 19:42:46.543, 2, 89.45 W, 100 %, 17599 MiB
2026/08/05 19:42:46.547, 3, 89.69 W, 100 %, 17599 MiB
2026/08/05 19:42:46.551, 4, 89.78 W, 100 %, 17599 MiB
2026/08/05 19:42:46.551, 5, 91.51 W, 100 %, 17599 MiB
2026/08/05 19:42:46.551, 6, 90.02 W, 100 %, 17599 MiB
2026/08/05 19:42:46.551, 7, 94.47 W, 100 %, 17607 MiB
2026/08/05 19:42:46.751, 0, 88.75 W, 100 %, 17529 MiB
2026/08/05 19:42:46.751, 1, 87.88 W, 100 %, 17599 MiB
2026/08/05 19:42:46.751, 2, 89.45 W, 100 %, 17599 MiB
2026/08/05 19:42:46.751, 3, 89.69 W, 100 %, 17599 MiB
2026/08/05 19:42:46.751, 4, 89.78 W, 100 %, 17599 MiB
2026/08/05 19:42:46.752, 5, 91.51 W, 100 %, 17599 MiB
2026/08/05 19:42:46.752, 6, 89.69 W, 100 %, 17599 MiB
2026/08/05 19:42:46.752, 7, 94.47 W, 100 %, 17607 MiB
2026/08/05 19:42:46.952, 0, 88.75 W, 100 %, 17529 MiB
2026/08/05 19:42:46.953, 1, 88.17 W, 100 %, 17599 MiB
2026/08/05 19:42:46.953, 2, 89.45 W, 100 %, 17599 MiB
2026/08/05 19:42:46.957, 3, 89.69 W, 100 %, 17599 MiB
2026/08/05 19:42:46.960, 4, 89.78 W, 100 %, 17599 MiB
2026/08/05 19:42:46.960, 5, 91.51 W, 100 %, 17599 MiB
2026/08/05 19:42:46.960, 6, 89.69 W, 100 %, 17599 MiB
2026/08/05 19:42:46.960, 7, 94.47 W, 100 %, 17607 MiB
2026/08/05 19:42:47.160, 0, 88.75 W, 100 %, 17529 MiB
2026/08/05 19:42:47.160, 1, 87.88 W, 100 %, 17599 MiB
2026/08/05 19:42:47.160, 2, 89.45 W, 100 %, 17599 MiB
2026/08/05 19:42:47.160, 3, 89.69 W, 100 %, 17599 MiB
2026/08/05 19:42:47.160, 4, 89.78 W, 100 %, 17599 MiB
2026/08/05 19:42:47.160, 5, 91.51 W, 100 %, 17599 MiB
2026/08/05 19:42:47.160, 6, 90.02 W, 100 %, 17599 MiB
2026/08/05 19:42:47.160, 7, 94.47 W, 100 %, 17607 MiB
2026/08/05 19:42:47.360, 0, 88.75 W, 100 %, 17529 MiB
2026/08/05 19:42:47.364, 1, 87.88 W, 100 %, 17599 MiB
2026/08/05 19:42:47.367, 2, 89.45 W, 100 %, 17599 MiB
2026/08/05 19:42:47.367, 3, 89.69 W, 100 %, 17599 MiB
2026/08/05 19:42:47.367, 4, 89.78 W, 100 %, 17599 MiB
2026/08/05 19:42:47.367, 5, 91.51 W, 100 %, 17599 MiB
2026/08/05 19:42:47.367, 6, 90.02 W, 100 %, 17599 MiB
2026/08/05 19:42:47.367, 7, 94.47 W, 100 %, 17607 MiB
2026/08/05 19:42:47.567, 0, 88.75 W, 100 %, 17529 MiB
2026/08/05 19:42:47.567, 1, 87.88 W, 100 %, 17599 MiB
2026/08/05 19:42:47.567, 2, 89.45 W, 100 %, 17599 MiB
2026/08/05 19:42:47.567, 3, 89.69 W, 100 %, 17599 MiB
2026/08/05 19:42:47.567, 4, 89.78 W, 100 %, 17599 MiB
2026/08/05 19:42:47.567, 5, 91.51 W, 100 %, 17599 MiB
2026/08/05 19:42:47.567, 6, 90.02 W, 100 %, 17599 MiB
2026/08/05 19:42:47.567, 7, 94.47 W, 100 %, 17607 MiB
2026/08/05 19:42:47.767, 0, 88.75 W, 100 %, 17529 MiB
2026/08/05 19:42:47.770, 1, 87.88 W, 100 %, 17599 MiB
2026/08/05 19:42:47.770, 2, 89.45 W, 100 %, 17599 MiB
2026/08/05 19:42:47.770, 3, 89.69 W, 100 %, 17599 MiB
2026/08/05 19:42:47.770, 4, 89.78 W, 100 %, 17599 MiB
2026/08/05 19:42:47.770, 5, 91.51 W, 100 %, 17599 MiB
2026/08/05 19:42:47.770, 6, 89.69 W, 100 %, 17599 MiB
2026/08/05 19:42:47.770, 7, 94.47 W, 100 %, 17607 MiB
2026/08/05 19:42:47.971, 0, 88.75 W, 100 %, 17529 MiB
2026/08/05 19:42:47.971, 1, 88.17 W, 100 %, 17599 MiB
2026/08/05 19:42:47.971, 2, 89.45 W, 100 %, 17599 MiB
2026/08/05 19:42:47.971, 3, 89.69 W, 100 %, 17599 MiB
2026/08/05 19:42:47.971, 4, 89.78 W, 100 %, 17599 MiB
2026/08/05 19:42:47.971, 5, 91.51 W, 100 %, 17599 MiB
2026/08/05 19:42:47.971, 6, 90.02 W, 100 %, 17599 MiB
2026/08/05 19:42:47.971, 7, 94.47 W, 100 %, 17607 MiB
2026/08/05 19:42:48.171, 0, 88.75 W, 100 %, 17529 MiB
2026/08/05 19:42:48.173, 1, 88.17 W, 100 %, 17599 MiB
2026/08/05 19:42:48.173, 2, 89.45 W, 100 %, 17599 MiB
2026/08/05 19:42:48.173, 3, 89.69 W, 100 %, 17599 MiB
2026/08/05 19:42:48.177, 4, 89.78 W, 100 %, 17599 MiB
2026/08/05 19:42:48.180, 5, 91.51 W, 100 %, 17599 MiB
2026/08/05 19:42:48.180, 6, 90.02 W, 100 %, 17599 MiB
2026/08/05 19:42:48.180, 7, 94.47 W, 100 %, 17607 MiB
2026/08/05 19:42:48.380, 0, 88.75 W, 100 %, 17529 MiB
2026/08/05 19:42:48.380, 1, 88.17 W, 100 %, 17599 MiB
2026/08/05 19:42:48.380, 2, 89.45 W, 100 %, 17599 MiB
2026/08/05 19:42:48.380, 3, 89.69 W, 100 %, 17599 MiB
2026/08/05 19:42:48.380, 4, 89.78 W, 100 %, 17599 MiB
2026/08/05 19:42:48.380, 5, 91.51 W, 100 %, 17599 MiB
2026/08/05 19:42:48.381, 6, 90.02 W, 100 %, 17599 MiB
2026/08/05 19:42:48.381, 7, 94.47 W, 100 %, 17607 MiB
2026/08/05 19:42:48.581, 0, 88.75 W, 100 %, 17529 MiB
2026/08/05 19:42:48.609, 1, 87.88 W, 100 %, 17599 MiB
2026/08/05 19:42:48.609, 2, 89.45 W, 100 %, 17599 MiB
2026/08/05 19:42:48.609, 3, 89.69 W, 100 %, 17599 MiB
2026/08/05 19:42:48.609, 4, 89.78 W, 100 %, 17599 MiB
2026/08/05 19:42:48.609, 5, 91.51 W, 100 %, 17599 MiB
2026/08/05 19:42:48.609, 6, 90.02 W, 100 %, 17599 MiB
2026/08/05 19:42:48.609, 7, 94.47 W, 100 %, 17607 MiB
2026/08/05 19:42:48.809, 0, 88.75 W, 100 %, 17529 MiB
2026/08/05 19:42:48.809, 1, 87.88 W, 100 %, 17599 MiB
2026/08/05 19:42:48.810, 2, 89.45 W, 100 %, 17599 MiB
2026/08/05 19:42:48.810, 3, 89.69 W, 100 %, 17599 MiB
2026/08/05 19:42:48.811, 4, 89.78 W, 100 %, 17599 MiB
2026/08/05 19:42:48.811, 5, 91.51 W, 100 %, 17599 MiB
2026/08/05 19:42:48.811, 6, 90.02 W, 100 %, 17599 MiB
2026/08/05 19:42:48.811, 7, 94.47 W, 100 %, 17607 MiB
2026/08/05 19:42:49.011, 0, 89.08 W, 100 %, 17529 MiB
2026/08/05 19:42:49.011, 1, 87.88 W, 100 %, 17599 MiB
2026/08/05 19:42:49.011, 2, 89.45 W, 100 %, 17599 MiB
2026/08/05 19:42:49.011, 3, 89.69 W, 100 %, 17599 MiB
2026/08/05 19:42:49.011, 4, 89.78 W, 100 %, 17599 MiB
2026/08/05 19:42:49.011, 5, 91.51 W, 100 %, 17599 MiB
2026/08/05 19:42:49.011, 6, 90.02 W, 100 %, 17599 MiB
2026/08/05 19:42:49.012, 7, 94.47 W, 100 %, 17607 MiB
2026/08/05 19:42:49.212, 0, 88.75 W, 100 %, 17529 MiB
2026/08/05 19:42:49.212, 1, 87.88 W, 100 %, 17599 MiB
2026/08/05 19:42:49.212, 2, 89.45 W, 100 %, 17599 MiB
2026/08/05 19:42:49.212, 3, 89.69 W, 100 %, 17599 MiB
2026/08/05 19:42:49.212, 4, 89.78 W, 100 %, 17599 MiB
2026/08/05 19:42:49.212, 5, 91.51 W, 100 %, 17599 MiB
2026/08/05 19:42:49.212, 6, 90.02 W, 100 %, 17599 MiB
2026/08/05 19:42:49.212, 7, 94.47 W, 100 %, 17607 MiB
2026/08/05 19:42:49.412, 0, 88.14 W, 100 %, 17529 MiB
2026/08/05 19:42:49.413, 1, 87.88 W, 100 %, 17599 MiB
2026/08/05 19:42:49.413, 2, 89.45 W, 100 %, 17599 MiB
2026/08/05 19:42:49.413, 3, 89.69 W, 100 %, 17599 MiB
2026/08/05 19:42:49.413, 4, 89.78 W, 100 %, 17599 MiB
2026/08/05 19:42:49.413, 5, 91.51 W, 100 %, 17599 MiB
2026/08/05 19:42:49.413, 6, 89.69 W, 100 %, 17599 MiB
2026/08/05 19:42:49.413, 7, 94.47 W, 100 %, 17607 MiB
2026/08/05 19:42:49.613, 0, 88.75 W, 100 %, 17529 MiB
2026/08/05 19:42:49.617, 1, 88.17 W, 100 %, 17599 MiB
2026/08/05 19:42:49.618, 2, 89.45 W, 100 %, 17599 MiB
2026/08/05 19:42:49.622, 3, 89.69 W, 100 %, 17599 MiB
2026/08/05 19:42:49.625, 4, 89.78 W, 100 %, 17599 MiB
2026/08/05 19:42:49.625, 5, 91.51 W, 100 %, 17599 MiB
2026/08/05 19:42:49.625, 6, 90.02 W, 100 %, 17599 MiB
2026/08/05 19:42:49.625, 7, 94.47 W, 100 %, 17607 MiB
2026/08/05 19:42:49.825, 0, 88.75 W, 100 %, 17529 MiB
2026/08/05 19:42:49.825, 1, 87.88 W, 100 %, 17599 MiB
2026/08/05 19:42:49.825, 2, 89.45 W, 100 %, 17599 MiB
2026/08/05 19:42:49.825, 3, 89.69 W, 100 %, 17599 MiB
2026/08/05 19:42:49.826, 4, 89.78 W, 100 %, 17599 MiB
2026/08/05 19:42:49.826, 5, 91.51 W, 100 %, 17599 MiB
2026/08/05 19:42:49.826, 6, 90.02 W, 100 %, 17599 MiB
2026/08/05 19:42:49.826, 7, 94.47 W, 100 %, 17607 MiB
2026/08/05 19:42:50.026, 0, 88.14 W, 100 %, 17529 MiB
2026/08/05 19:42:50.027, 1, 87.88 W, 100 %, 17599 MiB
2026/08/05 19:42:50.027, 2, 89.45 W, 100 %, 17599 MiB
2026/08/05 19:42:50.027, 3, 89.69 W, 100 %, 17599 MiB
2026/08/05 19:42:50.028, 4, 89.78 W, 100 %, 17599 MiB
2026/08/05 19:42:50.029, 5, 91.51 W, 100 %, 17599 MiB
2026/08/05 19:42:50.030, 6, 90.02 W, 100 %, 17599 MiB
2026/08/05 19:42:50.030, 7, 94.47 W, 100 %, 17607 MiB
2026/08/05 19:42:50.231, 0, 88.14 W, 100 %, 17529 MiB
2026/08/05 19:42:50.231, 1, 87.88 W, 100 %, 17599 MiB
2026/08/05 19:42:50.231, 2, 89.45 W, 100 %, 17599 MiB
2026/08/05 19:42:50.231, 3, 89.69 W, 100 %, 17599 MiB
2026/08/05 19:42:50.231, 4, 89.78 W, 100 %, 17599 MiB
2026/08/05 19:42:50.231, 5, 91.51 W, 100 %, 17599 MiB
2026/08/05 19:42:50.231, 6, 90.02 W, 100 %, 17599 MiB
2026/08/05 19:42:50.231, 7, 94.47 W, 100 %, 17607 MiB
2026/08/05 19:42:50.431, 0, 88.75 W, 100 %, 17529 MiB
2026/08/05 19:42:50.431, 1, 88.17 W, 100 %, 17599 MiB
2026/08/05 19:42:50.432, 2, 89.45 W, 100 %, 17599 MiB
2026/08/05 19:42:50.432, 3, 89.69 W, 100 %, 17599 MiB
2026/08/05 19:42:50.432, 4, 89.78 W, 100 %, 17599 MiB
2026/08/05 19:42:50.432, 5, 91.51 W, 100 %, 17599 MiB
2026/08/05 19:42:50.432, 6, 90.02 W, 100 %, 17599 MiB
2026/08/05 19:42:50.432, 7, 94.47 W, 100 %, 17607 MiB
2026/08/05 19:42:50.632, 0, 88.75 W, 100 %, 17529 MiB
2026/08/05 19:42:50.632, 1, 87.88 W, 100 %, 17599 MiB
2026/08/05 19:42:50.632, 2, 89.45 W, 100 %, 17599 MiB
2026/08/05 19:42:50.632, 3, 89.69 W, 100 %, 17599 MiB
2026/08/05 19:42:50.632, 4, 89.78 W, 100 %, 17599 MiB
2026/08/05 19:42:50.633, 5, 91.51 W, 100 %, 17599 MiB
2026/08/05 19:42:50.633, 6, 90.02 W, 100 %, 17599 MiB
2026/08/05 19:42:50.633, 7, 94.47 W, 100 %, 17607 MiB
2026/08/05 19:42:50.834, 0, 88.14 W, 100 %, 17529 MiB
2026/08/05 19:42:50.834, 1, 87.88 W, 100 %, 17599 MiB
2026/08/05 19:42:50.834, 2, 89.45 W, 100 %, 17599 MiB
2026/08/05 19:42:50.834, 3, 89.69 W, 100 %, 17599 MiB
2026/08/05 19:42:50.834, 4, 89.78 W, 100 %, 17599 MiB
2026/08/05 19:42:50.834, 5, 91.51 W, 100 %, 17599 MiB
2026/08/05 19:42:50.834, 6, 90.02 W, 100 %, 17599 MiB
2026/08/05 19:42:50.835, 7, 94.47 W, 100 %, 17607 MiB
2026/08/05 19:42:51.035, 0, 88.75 W, 100 %, 17529 MiB
2026/08/05 19:42:51.035, 1, 87.88 W, 100 %, 17599 MiB
2026/08/05 19:42:51.035, 2, 89.45 W, 100 %, 17599 MiB
2026/08/05 19:42:51.035, 3, 89.69 W, 100 %, 17599 MiB
2026/08/05 19:42:51.035, 4, 89.78 W, 100 %, 17599 MiB
2026/08/05 19:42:51.035, 5, 91.51 W, 100 %, 17599 MiB
2026/08/05 19:42:51.035, 6, 90.02 W, 100 %, 17599 MiB
2026/08/05 19:42:51.035, 7, 94.47 W, 100 %, 17607 MiB
2026/08/05 19:42:51.235, 0, 88.75 W, 100 %, 17529 MiB
2026/08/05 19:42:51.236, 1, 87.88 W, 100 %, 17599 MiB
2026/08/05 19:42:51.236, 2, 89.45 W, 100 %, 17599 MiB
2026/08/05 19:42:51.236, 3, 89.69 W, 100 %, 17599 MiB
2026/08/05 19:42:51.236, 4, 89.78 W, 100 %, 17599 MiB
2026/08/05 19:42:51.237, 5, 91.51 W, 100 %, 17599 MiB
2026/08/05 19:42:51.237, 6, 90.02 W, 100 %, 17599 MiB
2026/08/05 19:42:51.237, 7, 94.47 W, 100 %, 17607 MiB
2026/08/05 19:42:51.439, 0, 88.75 W, 100 %, 17529 MiB
2026/08/05 19:42:51.439, 1, 88.17 W, 100 %, 17599 MiB
2026/08/05 19:42:51.439, 2, 89.45 W, 100 %, 17599 MiB
2026/08/05 19:42:51.439, 3, 89.69 W, 100 %, 17599 MiB
2026/08/05 19:42:51.439, 4, 89.78 W, 100 %, 17599 MiB
2026/08/05 19:42:51.439, 5, 91.51 W, 100 %, 17599 MiB
2026/08/05 19:42:51.439, 6, 90.02 W, 100 %, 17599 MiB
2026/08/05 19:42:51.439, 7, 94.47 W, 100 %, 17607 MiB
2026/08/05 19:42:51.640, 0, 88.75 W, 100 %, 17529 MiB
2026/08/05 19:42:51.640, 1, 87.88 W, 100 %, 17599 MiB
2026/08/05 19:42:51.640, 2, 89.45 W, 100 %, 17599 MiB
2026/08/05 19:42:51.640, 3, 89.69 W, 100 %, 17599 MiB
2026/08/05 19:42:51.640, 4, 89.78 W, 100 %, 17599 MiB
2026/08/05 19:42:51.640, 5, 91.51 W, 100 %, 17599 MiB
2026/08/05 19:42:51.640, 6, 90.02 W, 100 %, 17599 MiB
2026/08/05 19:42:51.640, 7, 94.47 W, 100 %, 17607 MiB
2026/08/05 19:42:51.840, 0, 88.75 W, 100 %, 17529 MiB
2026/08/05 19:42:51.841, 1, 87.88 W, 100 %, 17599 MiB
2026/08/05 19:42:51.841, 2, 89.45 W, 100 %, 17599 MiB
2026/08/05 19:42:51.841, 3, 89.69 W, 100 %, 17599 MiB
2026/08/05 19:42:51.841, 4, 89.78 W, 100 %, 17599 MiB
2026/08/05 19:42:51.841, 5, 91.51 W, 100 %, 17599 MiB
2026/08/05 19:42:51.841, 6, 90.02 W, 100 %, 17599 MiB
2026/08/05 19:42:51.841, 7, 94.47 W, 100 %, 17607 MiB
2026/08/05 19:42:52.041, 0, 88.75 W, 100 %, 17529 MiB
2026/08/05 19:42:52.041, 1, 87.88 W, 100 %, 17599 MiB
2026/08/05 19:42:52.041, 2, 89.45 W, 100 %, 17599 MiB
2026/08/05 19:42:52.041, 3, 89.69 W, 100 %, 17599 MiB
2026/08/05 19:42:52.041, 4, 89.78 W, 100 %, 17599 MiB
2026/08/05 19:42:52.042, 5, 91.51 W, 100 %, 17599 MiB
2026/08/05 19:42:52.042, 6, 90.02 W, 100 %, 17599 MiB
2026/08/05 19:42:52.042, 7, 94.47 W, 100 %, 17607 MiB
2026/08/05 19:42:52.242, 0, 88.75 W, 100 %, 17529 MiB
2026/08/05 19:42:52.242, 1, 87.88 W, 100 %, 17599 MiB
2026/08/05 19:42:52.242, 2, 89.45 W, 100 %, 17599 MiB
2026/08/05 19:42:52.242, 3, 89.69 W, 100 %, 17599 MiB
2026/08/05 19:42:52.242, 4, 89.78 W, 100 %, 17599 MiB
2026/08/05 19:42:52.242, 5, 91.51 W, 100 %, 17599 MiB
2026/08/05 19:42:52.242, 6, 90.02 W, 100 %, 17599 MiB
2026/08/05 19:42:52.242, 7, 94.47 W, 100 %, 17607 MiB
2026/08/05 19:42:52.443, 0, 88.75 W, 100 %, 17529 MiB
2026/08/05 19:42:52.446, 1, 87.88 W, 100 %, 17599 MiB
2026/08/05 19:42:52.446, 2, 89.45 W, 100 %, 17599 MiB
2026/08/05 19:42:52.446, 3, 89.69 W, 100 %, 17599 MiB
2026/08/05 19:42:52.446, 4, 89.78 W, 100 %, 17599 MiB
2026/08/05 19:42:52.449, 5, 91.51 W, 100 %, 17599 MiB
2026/08/05 19:42:52.451, 6, 90.02 W, 100 %, 17599 MiB
2026/08/05 19:42:52.451, 7, 94.47 W, 100 %, 17607 MiB
2026/08/05 19:42:52.651, 0, 88.75 W, 100 %, 17529 MiB
2026/08/05 19:42:52.651, 1, 88.17 W, 100 %, 17599 MiB
2026/08/05 19:42:52.651, 2, 89.45 W, 100 %, 17599 MiB
2026/08/05 19:42:52.651, 3, 89.69 W, 100 %, 17599 MiB
2026/08/05 19:42:52.651, 4, 89.78 W, 100 %, 17599 MiB
2026/08/05 19:42:52.651, 5, 91.51 W, 100 %, 17599 MiB
2026/08/05 19:42:52.651, 6, 90.02 W, 100 %, 17599 MiB
2026/08/05 19:42:52.651, 7, 94.47 W, 100 %, 17607 MiB
2026/08/05 19:42:52.852, 0, 88.75 W, 100 %, 17529 MiB
2026/08/05 19:42:52.852, 1, 87.88 W, 100 %, 17599 MiB
2026/08/05 19:42:52.852, 2, 89.45 W, 100 %, 17599 MiB
2026/08/05 19:42:52.852, 3, 89.69 W, 100 %, 17599 MiB
2026/08/05 19:42:52.852, 4, 89.78 W, 100 %, 17599 MiB
2026/08/05 19:42:52.852, 5, 91.51 W, 100 %, 17599 MiB
2026/08/05 19:42:52.852, 6, 90.02 W, 100 %, 17599 MiB
2026/08/05 19:42:52.852, 7, 94.47 W, 100 %, 17607 MiB
2026/08/05 19:42:53.052, 0, 88.14 W, 100 %, 17529 MiB
2026/08/05 19:42:53.052, 1, 88.17 W, 100 %, 17599 MiB
2026/08/05 19:42:53.052, 2, 89.45 W, 100 %, 17599 MiB
2026/08/05 19:42:53.053, 3, 89.69 W, 100 %, 17599 MiB
2026/08/05 19:42:53.053, 4, 89.78 W, 100 %, 17599 MiB
2026/08/05 19:42:53.053, 5, 91.51 W, 100 %, 17599 MiB
2026/08/05 19:42:53.053, 6, 90.02 W, 100 %, 17599 MiB
2026/08/05 19:42:53.053, 7, 94.47 W, 100 %, 17607 MiB
2026/08/05 19:42:53.253, 0, 89.08 W, 100 %, 17529 MiB
2026/08/05 19:42:53.253, 1, 88.17 W, 100 %, 17599 MiB
2026/08/05 19:42:53.253, 2, 89.45 W, 100 %, 17599 MiB
2026/08/05 19:42:53.253, 3, 89.69 W, 100 %, 17599 MiB
2026/08/05 19:42:53.253, 4, 89.78 W, 100 %, 17599 MiB
2026/08/05 19:42:53.253, 5, 91.51 W, 100 %, 17599 MiB
2026/08/05 19:42:53.254, 6, 90.02 W, 100 %, 17599 MiB
2026/08/05 19:42:53.254, 7, 94.47 W, 100 %, 17607 MiB
2026/08/05 19:42:53.454, 0, 88.14 W, 100 %, 17529 MiB
2026/08/05 19:42:53.454, 1, 87.88 W, 100 %, 17599 MiB
2026/08/05 19:42:53.455, 2, 89.45 W, 100 %, 17599 MiB
2026/08/05 19:42:53.455, 3, 89.69 W, 100 %, 17599 MiB
2026/08/05 19:42:53.456, 4, 89.78 W, 100 %, 17599 MiB
2026/08/05 19:42:53.456, 5, 91.51 W, 100 %, 17599 MiB
2026/08/05 19:42:53.456, 6, 90.02 W, 100 %, 17599 MiB
2026/08/05 19:42:53.457, 7, 94.47 W, 100 %, 17607 MiB
2026/08/05 19:42:53.657, 0, 89.08 W, 100 %, 17529 MiB
2026/08/05 19:42:53.658, 1, 88.17 W, 100 %, 17599 MiB
2026/08/05 19:42:53.658, 2, 89.45 W, 100 %, 17599 MiB
2026/08/05 19:42:53.658, 3, 89.69 W, 100 %, 17599 MiB
2026/08/05 19:42:53.658, 4, 89.78 W, 100 %, 17599 MiB
2026/08/05 19:42:53.658, 5, 91.51 W, 100 %, 17599 MiB
2026/08/05 19:42:53.658, 6, 90.02 W, 100 %, 17599 MiB
2026/08/05 19:42:53.658, 7, 94.47 W, 100 %, 17607 MiB
2026/08/05 19:42:53.858, 0, 89.08 W, 100 %, 17529 MiB
2026/08/05 19:42:53.858, 1, 88.17 W, 100 %, 17599 MiB
2026/08/05 19:42:53.859, 2, 89.45 W, 100 %, 17599 MiB
2026/08/05 19:42:53.859, 3, 89.69 W, 100 %, 17599 MiB
2026/08/05 19:42:53.859, 4, 89.78 W, 100 %, 17599 MiB
2026/08/05 19:42:53.859, 5, 91.51 W, 100 %, 17599 MiB
2026/08/05 19:42:53.859, 6, 90.02 W, 100 %, 17599 MiB
2026/08/05 19:42:53.859, 7, 94.47 W, 100 %, 17607 MiB
2026/08/05 19:42:54.059, 0, 88.75 W, 100 %, 17529 MiB
2026/08/05 19:42:54.074, 1, 88.17 W, 100 %, 17599 MiB
2026/08/05 19:42:54.075, 2, 89.45 W, 100 %, 17599 MiB
2026/08/05 19:42:54.075, 3, 89.69 W, 100 %, 17599 MiB
2026/08/05 19:42:54.075, 4, 89.78 W, 100 %, 17599 MiB
2026/08/05 19:42:54.075, 5, 91.51 W, 100 %, 17599 MiB
2026/08/05 19:42:54.075, 6, 90.02 W, 100 %, 17599 MiB
2026/08/05 19:42:54.075, 7, 94.47 W, 100 %, 17607 MiB
2026/08/05 19:42:54.275, 0, 88.75 W, 100 %, 17529 MiB
2026/08/05 19:42:54.276, 1, 87.88 W, 100 %, 17599 MiB
2026/08/05 19:42:54.276, 2, 89.45 W, 100 %, 17599 MiB
2026/08/05 19:42:54.276, 3, 89.69 W, 100 %, 17599 MiB
2026/08/05 19:42:54.276, 4, 89.78 W, 100 %, 17599 MiB
2026/08/05 19:42:54.276, 5, 91.51 W, 100 %, 17599 MiB
2026/08/05 19:42:54.276, 6, 90.02 W, 100 %, 17599 MiB
2026/08/05 19:42:54.276, 7, 94.47 W, 100 %, 17607 MiB
2026/08/05 19:42:54.477, 0, 88.75 W, 100 %, 17529 MiB
2026/08/05 19:42:54.477, 1, 88.17 W, 100 %, 17599 MiB
2026/08/05 19:42:54.477, 2, 89.45 W, 100 %, 17599 MiB
2026/08/05 19:42:54.477, 3, 89.69 W, 100 %, 17599 MiB
2026/08/05 19:42:54.477, 4, 89.78 W, 100 %, 17599 MiB
2026/08/05 19:42:54.477, 5, 91.51 W, 100 %, 17599 MiB
2026/08/05 19:42:54.477, 6, 90.02 W, 100 %, 17599 MiB
2026/08/05 19:42:54.477, 7, 94.47 W, 100 %, 17607 MiB
2026/08/05 19:42:54.677, 0, 88.75 W, 100 %, 17529 MiB
2026/08/05 19:42:54.690, 1, 88.17 W, 100 %, 17599 MiB
2026/08/05 19:42:54.690, 2, 89.45 W, 100 %, 17599 MiB
2026/08/05 19:42:54.690, 3, 89.69 W, 100 %, 17599 MiB
2026/08/05 19:42:54.690, 4, 90.06 W, 100 %, 17599 MiB
2026/08/05 19:42:54.690, 5, 91.51 W, 100 %, 17599 MiB
2026/08/05 19:42:54.690, 6, 90.02 W, 100 %, 17599 MiB
2026/08/05 19:42:54.690, 7, 94.47 W, 100 %, 17607 MiB
2026/08/05 19:42:54.890, 0, 89.08 W, 100 %, 17529 MiB
2026/08/05 19:42:54.892, 1, 88.17 W, 100 %, 17599 MiB
2026/08/05 19:42:54.894, 2, 89.45 W, 100 %, 17599 MiB
2026/08/05 19:42:54.894, 3, 89.69 W, 100 %, 17599 MiB
2026/08/05 19:42:54.894, 4, 89.78 W, 100 %, 17599 MiB
2026/08/05 19:42:54.894, 5, 91.51 W, 100 %, 17599 MiB
2026/08/05 19:42:54.894, 6, 90.02 W, 100 %, 17599 MiB
2026/08/05 19:42:54.895, 7, 94.47 W, 100 %, 17607 MiB
2026/08/05 19:42:55.095, 0, 89.08 W, 100 %, 17529 MiB
2026/08/05 19:42:55.095, 1, 88.17 W, 100 %, 17599 MiB
2026/08/05 19:42:55.095, 2, 89.45 W, 100 %, 17599 MiB
2026/08/05 19:42:55.095, 3, 89.69 W, 100 %, 17599 MiB
2026/08/05 19:42:55.096, 4, 90.06 W, 100 %, 17599 MiB
2026/08/05 19:42:55.096, 5, 91.51 W, 100 %, 17599 MiB
2026/08/05 19:42:55.096, 6, 90.02 W, 100 %, 17599 MiB
2026/08/05 19:42:55.096, 7, 94.47 W, 100 %, 17607 MiB
2026/08/05 19:42:55.296, 0, 89.08 W, 100 %, 17529 MiB
2026/08/05 19:42:55.296, 1, 88.17 W, 100 %, 17599 MiB
2026/08/05 19:42:55.297, 2, 89.45 W, 100 %, 17599 MiB
2026/08/05 19:42:55.298, 3, 89.69 W, 100 %, 17599 MiB
2026/08/05 19:42:55.298, 4, 89.78 W, 100 %, 17599 MiB
2026/08/05 19:42:55.298, 5, 91.51 W, 100 %, 17599 MiB
2026/08/05 19:42:55.299, 6, 90.02 W, 100 %, 17599 MiB
2026/08/05 19:42:55.299, 7, 94.47 W, 100 %, 17607 MiB
2026/08/05 19:42:55.500, 0, 88.75 W, 100 %, 17529 MiB
2026/08/05 19:42:55.500, 1, 88.17 W, 100 %, 17599 MiB
2026/08/05 19:42:55.500, 2, 89.45 W, 100 %, 17599 MiB
2026/08/05 19:42:55.500, 3, 89.69 W, 100 %, 17599 MiB
2026/08/05 19:42:55.500, 4, 89.78 W, 100 %, 17599 MiB
2026/08/05 19:42:55.500, 5, 91.51 W, 100 %, 17599 MiB
2026/08/05 19:42:55.500, 6, 90.02 W, 100 %, 17599 MiB
2026/08/05 19:42:55.500, 7, 94.47 W, 100 %, 17607 MiB
2026/08/05 19:42:55.700, 0, 89.08 W, 100 %, 17529 MiB
2026/08/05 19:42:55.701, 1, 87.88 W, 100 %, 17599 MiB
2026/08/05 19:42:55.702, 2, 89.45 W, 100 %, 17599 MiB
2026/08/05 19:42:55.702, 3, 89.69 W, 100 %, 17599 MiB
2026/08/05 19:42:55.702, 4, 89.78 W, 100 %, 17599 MiB
2026/08/05 19:42:55.702, 5, 91.51 W, 100 %, 17599 MiB
2026/08/05 19:42:55.702, 6, 90.02 W, 100 %, 17599 MiB
2026/08/05 19:42:55.702, 7, 94.47 W, 100 %, 17607 MiB
2026/08/05 19:42:55.902, 0, 88.75 W, 100 %, 17529 MiB
2026/08/05 19:42:55.902, 1, 88.17 W, 100 %, 17599 MiB
2026/08/05 19:42:55.903, 2, 89.45 W, 100 %, 17599 MiB
2026/08/05 19:42:55.903, 3, 89.69 W, 100 %, 17599 MiB
2026/08/05 19:42:55.903, 4, 89.78 W, 100 %, 17599 MiB
2026/08/05 19:42:55.903, 5, 91.51 W, 100 %, 17599 MiB
2026/08/05 19:42:55.903, 6, 90.02 W, 100 %, 17599 MiB
2026/08/05 19:42:55.903, 7, 94.47 W, 100 %, 17607 MiB
2026/08/05 19:42:56.104, 0, 88.75 W, 100 %, 17529 MiB
2026/08/05 19:42:56.113, 1, 88.17 W, 100 %, 17599 MiB
2026/08/05 19:42:56.113, 2, 89.45 W, 100 %, 17599 MiB
2026/08/05 19:42:56.113, 3, 89.69 W, 100 %, 17599 MiB
2026/08/05 19:42:56.113, 4, 89.78 W, 100 %, 17599 MiB
2026/08/05 19:42:56.113, 5, 91.51 W, 100 %, 17599 MiB
2026/08/05 19:42:56.113, 6, 90.02 W, 100 %, 17599 MiB
2026/08/05 19:42:56.113, 7, 94.47 W, 100 %, 17607 MiB
2026/08/05 19:42:56.313, 0, 88.75 W, 100 %, 17529 MiB
2026/08/05 19:42:56.314, 1, 87.88 W, 100 %, 17599 MiB
2026/08/05 19:42:56.314, 2, 89.45 W, 100 %, 17599 MiB
2026/08/05 19:42:56.314, 3, 89.69 W, 100 %, 17599 MiB
2026/08/05 19:42:56.314, 4, 89.78 W, 100 %, 17599 MiB
2026/08/05 19:42:56.314, 5, 91.51 W, 100 %, 17599 MiB
2026/08/05 19:42:56.314, 6, 90.02 W, 100 %, 17599 MiB
2026/08/05 19:42:56.314, 7, 94.47 W, 100 %, 17607 MiB
2026/08/05 19:42:56.514, 0, 89.08 W, 100 %, 17529 MiB
2026/08/05 19:42:56.516, 1, 88.17 W, 100 %, 17599 MiB
2026/08/05 19:42:56.516, 2, 89.45 W, 100 %, 17599 MiB
2026/08/05 19:42:56.516, 3, 89.69 W, 100 %, 17599 MiB
2026/08/05 19:42:56.516, 4, 90.06 W, 100 %, 17599 MiB
2026/08/05 19:42:56.516, 5, 91.51 W, 100 %, 17599 MiB
2026/08/05 19:42:56.516, 6, 90.02 W, 100 %, 17599 MiB
2026/08/05 19:42:56.517, 7, 94.47 W, 100 %, 17607 MiB
2026/08/05 19:42:56.717, 0, 89.08 W, 100 %, 17529 MiB
2026/08/05 19:42:56.717, 1, 88.17 W, 100 %, 17599 MiB
2026/08/05 19:42:56.717, 2, 89.36 W, 100 %, 17599 MiB
2026/08/05 19:42:56.717, 3, 89.69 W, 100 %, 17599 MiB
2026/08/05 19:42:56.717, 4, 90.06 W, 100 %, 17599 MiB
2026/08/05 19:42:56.717, 5, 91.51 W, 100 %, 17599 MiB
2026/08/05 19:42:56.717, 6, 90.02 W, 100 %, 17599 MiB
2026/08/05 19:42:56.717, 7, 94.47 W, 100 %, 17607 MiB
2026/08/05 19:42:56.917, 0, 89.08 W, 100 %, 17529 MiB
2026/08/05 19:42:56.936, 1, 87.88 W, 100 %, 17599 MiB
2026/08/05 19:42:56.936, 2, 89.45 W, 100 %, 17599 MiB
2026/08/05 19:42:56.936, 3, 89.36 W, 99 %, 17599 MiB
2026/08/05 19:42:56.936, 4, 90.06 W, 100 %, 17599 MiB
2026/08/05 19:42:56.936, 5, 91.51 W, 100 %, 17599 MiB
2026/08/05 19:42:56.937, 6, 90.02 W, 100 %, 17599 MiB
2026/08/05 19:42:56.937, 7, 94.47 W, 100 %, 17607 MiB
2026/08/05 19:42:57.137, 0, 88.75 W, 99 %, 17529 MiB
2026/08/05 19:42:57.137, 1, 87.88 W, 99 %, 17599 MiB
2026/08/05 19:42:57.137, 2, 89.45 W, 99 %, 17599 MiB
2026/08/05 19:42:57.137, 3, 89.78 W, 100 %, 17599 MiB
2026/08/05 19:42:57.137, 4, 89.78 W, 99 %, 17599 MiB
2026/08/05 19:42:57.137, 5, 91.51 W, 100 %, 17599 MiB
2026/08/05 19:42:57.137, 6, 90.02 W, 99 %, 17599 MiB
2026/08/05 19:42:57.137, 7, 94.47 W, 99 %, 17607 MiB
2026/08/05 19:42:57.337, 0, 88.75 W, 100 %, 17529 MiB
2026/08/05 19:42:57.356, 1, 87.88 W, 100 %, 17599 MiB
2026/08/05 19:42:57.356, 2, 89.45 W, 100 %, 17599 MiB
2026/08/05 19:42:57.356, 3, 89.78 W, 100 %, 17599 MiB
2026/08/05 19:42:57.356, 4, 89.78 W, 100 %, 17599 MiB
2026/08/05 19:42:57.356, 5, 91.51 W, 100 %, 17599 MiB
2026/08/05 19:42:57.356, 6, 90.11 W, 100 %, 17599 MiB
2026/08/05 19:42:57.356, 7, 94.47 W, 100 %, 17607 MiB
2026/08/05 19:42:57.556, 0, 88.75 W, 100 %, 17529 MiB
2026/08/05 19:42:57.559, 1, 88.17 W, 100 %, 17599 MiB
2026/08/05 19:42:57.562, 2, 89.45 W, 100 %, 17599 MiB
2026/08/05 19:42:57.562, 3, 89.78 W, 100 %, 17599 MiB
2026/08/05 19:42:57.562, 4, 89.78 W, 100 %, 17599 MiB
2026/08/05 19:42:57.562, 5, 91.51 W, 100 %, 17599 MiB
2026/08/05 19:42:57.563, 6, 90.11 W, 100 %, 17599 MiB
2026/08/05 19:42:57.563, 7, 94.47 W, 100 %, 17607 MiB
2026/08/05 19:42:57.766, 0, 88.75 W, 100 %, 17529 MiB
2026/08/05 19:42:57.766, 1, 87.88 W, 100 %, 17599 MiB
2026/08/05 19:42:57.766, 2, 89.45 W, 100 %, 17599 MiB
2026/08/05 19:42:57.766, 3, 89.78 W, 100 %, 17599 MiB
2026/08/05 19:42:57.767, 4, 89.78 W, 100 %, 17599 MiB
2026/08/05 19:42:57.767, 5, 91.51 W, 100 %, 17599 MiB
2026/08/05 19:42:57.767, 6, 90.02 W, 100 %, 17599 MiB
2026/08/05 19:42:57.767, 7, 94.47 W, 100 %, 17607 MiB
2026/08/05 19:42:57.967, 0, 88.75 W, 100 %, 17529 MiB
2026/08/05 19:42:57.970, 1, 87.88 W, 100 %, 17599 MiB
2026/08/05 19:42:57.970, 2, 89.45 W, 100 %, 17599 MiB
2026/08/05 19:42:57.970, 3, 89.69 W, 100 %, 17599 MiB
2026/08/05 19:42:57.970, 4, 89.78 W, 100 %, 17599 MiB
2026/08/05 19:42:57.970, 5, 91.51 W, 100 %, 17599 MiB
2026/08/05 19:42:57.970, 6, 90.02 W, 100 %, 17599 MiB
2026/08/05 19:42:57.971, 7, 94.47 W, 100 %, 17607 MiB
2026/08/05 19:42:58.171, 0, 89.08 W, 100 %, 17529 MiB
2026/08/05 19:42:58.171, 1, 87.88 W, 100 %, 17599 MiB
2026/08/05 19:42:58.171, 2, 89.45 W, 100 %, 17599 MiB
2026/08/05 19:42:58.171, 3, 89.69 W, 100 %, 17599 MiB
2026/08/05 19:42:58.171, 4, 89.78 W, 100 %, 17599 MiB
2026/08/05 19:42:58.171, 5, 91.51 W, 100 %, 17599 MiB
2026/08/05 19:42:58.171, 6, 90.02 W, 100 %, 17599 MiB
2026/08/05 19:42:58.171, 7, 94.47 W, 100 %, 17607 MiB
2026/08/05 19:42:58.372, 0, 88.75 W, 100 %, 17529 MiB
2026/08/05 19:42:58.372, 1, 87.88 W, 100 %, 17599 MiB
2026/08/05 19:42:58.372, 2, 89.45 W, 100 %, 17599 MiB
2026/08/05 19:42:58.372, 3, 89.69 W, 100 %, 17599 MiB
2026/08/05 19:42:58.372, 4, 89.78 W, 100 %, 17599 MiB
2026/08/05 19:42:58.372, 5, 91.51 W, 100 %, 17599 MiB
2026/08/05 19:42:58.372, 6, 89.69 W, 100 %, 17599 MiB
2026/08/05 19:42:58.372, 7, 94.47 W, 100 %, 17607 MiB
2026/08/05 19:42:58.572, 0, 88.75 W, 100 %, 17529 MiB
2026/08/05 19:42:58.572, 1, 87.88 W, 100 %, 17599 MiB
2026/08/05 19:42:58.573, 2, 89.45 W, 100 %, 17599 MiB
2026/08/05 19:42:58.573, 3, 89.78 W, 100 %, 17599 MiB
2026/08/05 19:42:58.573, 4, 89.78 W, 100 %, 17599 MiB
2026/08/05 19:42:58.573, 5, 91.51 W, 100 %, 17599 MiB
2026/08/05 19:42:58.573, 6, 89.69 W, 100 %, 17599 MiB
2026/08/05 19:42:58.573, 7, 94.47 W, 100 %, 17607 MiB
2026/08/05 19:42:58.773, 0, 88.75 W, 100 %, 17529 MiB
2026/08/05 19:42:58.774, 1, 87.88 W, 100 %, 17599 MiB
2026/08/05 19:42:58.777, 2, 89.45 W, 100 %, 17599 MiB
2026/08/05 19:42:58.777, 3, 89.78 W, 100 %, 17599 MiB
2026/08/05 19:42:58.777, 4, 89.78 W, 100 %, 17599 MiB
2026/08/05 19:42:58.778, 5, 91.51 W, 100 %, 17599 MiB
2026/08/05 19:42:58.781, 6, 90.02 W, 100 %, 17599 MiB
2026/08/05 19:42:58.781, 7, 94.47 W, 100 %, 17607 MiB
2026/08/05 19:42:58.981, 0, 88.75 W, 100 %, 17529 MiB
2026/08/05 19:42:58.981, 1, 88.17 W, 100 %, 17599 MiB
2026/08/05 19:42:58.981, 2, 89.45 W, 100 %, 17599 MiB
2026/08/05 19:42:58.981, 3, 89.78 W, 100 %, 17599 MiB
2026/08/05 19:42:58.981, 4, 89.78 W, 100 %, 17599 MiB
2026/08/05 19:42:58.981, 5, 91.51 W, 100 %, 17599 MiB
2026/08/05 19:42:58.981, 6, 90.02 W, 100 %, 17599 MiB
2026/08/05 19:42:58.981, 7, 94.47 W, 100 %, 17607 MiB
2026/08/05 19:42:59.181, 0, 89.08 W, 100 %, 17529 MiB
2026/08/05 19:42:59.182, 1, 88.17 W, 100 %, 17599 MiB
2026/08/05 19:42:59.182, 2, 89.45 W, 100 %, 17599 MiB
2026/08/05 19:42:59.182, 3, 89.78 W, 100 %, 17599 MiB
2026/08/05 19:42:59.183, 4, 89.78 W, 100 %, 17599 MiB
2026/08/05 19:42:59.183, 5, 91.51 W, 100 %, 17599 MiB
2026/08/05 19:42:59.183, 6, 90.11 W, 100 %, 17599 MiB
2026/08/05 19:42:59.183, 7, 94.47 W, 100 %, 17607 MiB
2026/08/05 19:42:59.383, 0, 88.75 W, 100 %, 17529 MiB
2026/08/05 19:42:59.383, 1, 87.88 W, 100 %, 17599 MiB
2026/08/05 19:42:59.383, 2, 89.45 W, 100 %, 17599 MiB
2026/08/05 19:42:59.383, 3, 89.69 W, 100 %, 17599 MiB
2026/08/05 19:42:59.384, 4, 89.78 W, 100 %, 17599 MiB
2026/08/05 19:42:59.384, 5, 91.51 W, 100 %, 17599 MiB
2026/08/05 19:42:59.384, 6, 90.02 W, 100 %, 17599 MiB
2026/08/05 19:42:59.384, 7, 94.47 W, 100 %, 17607 MiB
2026/08/05 19:42:59.584, 0, 88.75 W, 100 %, 17529 MiB
2026/08/05 19:42:59.586, 1, 87.88 W, 100 %, 17599 MiB
2026/08/05 19:42:59.586, 2, 89.45 W, 100 %, 17599 MiB
2026/08/05 19:42:59.586, 3, 89.78 W, 100 %, 17599 MiB
2026/08/05 19:42:59.587, 4, 89.78 W, 100 %, 17599 MiB
2026/08/05 19:42:59.587, 5, 91.51 W, 100 %, 17599 MiB
2026/08/05 19:42:59.587, 6, 90.11 W, 100 %, 17599 MiB
2026/08/05 19:42:59.587, 7, 94.47 W, 100 %, 17607 MiB
2026/08/05 19:42:59.787, 0, 88.75 W, 100 %, 17529 MiB
2026/08/05 19:42:59.787, 1, 87.88 W, 100 %, 17599 MiB
2026/08/05 19:42:59.787, 2, 89.45 W, 100 %, 17599 MiB
2026/08/05 19:42:59.788, 3, 89.69 W, 100 %, 17599 MiB
2026/08/05 19:42:59.788, 4, 89.78 W, 100 %, 17599 MiB
2026/08/05 19:42:59.788, 5, 91.51 W, 100 %, 17599 MiB
2026/08/05 19:42:59.788, 6, 90.11 W, 100 %, 17599 MiB
2026/08/05 19:42:59.788, 7, 94.47 W, 100 %, 17607 MiB
2026/08/05 19:42:59.988, 0, 88.75 W, 100 %, 17529 MiB
2026/08/05 19:42:59.988, 1, 88.17 W, 100 %, 17599 MiB
2026/08/05 19:42:59.992, 2, 89.45 W, 100 %, 17599 MiB
2026/08/05 19:42:59.992, 3, 89.69 W, 100 %, 17599 MiB
2026/08/05 19:42:59.992, 4, 89.78 W, 100 %, 17599 MiB
2026/08/05 19:42:59.992, 5, 91.51 W, 100 %, 17599 MiB
2026/08/05 19:42:59.995, 6, 90.02 W, 100 %, 17599 MiB
2026/08/05 19:42:59.995, 7, 94.47 W, 100 %, 17607 MiB
2026/08/05 19:43:00.195, 0, 89.08 W, 100 %, 17529 MiB
2026/08/05 19:43:00.195, 1, 88.17 W, 100 %, 17599 MiB
2026/08/05 19:43:00.196, 2, 89.45 W, 100 %, 17599 MiB
2026/08/05 19:43:00.196, 3, 89.69 W, 100 %, 17599 MiB
2026/08/05 19:43:00.196, 4, 89.78 W, 100 %, 17599 MiB
2026/08/05 19:43:00.196, 5, 91.51 W, 100 %, 17599 MiB
2026/08/05 19:43:00.196, 6, 90.02 W, 100 %, 17599 MiB
2026/08/05 19:43:00.196, 7, 94.47 W, 100 %, 17607 MiB
2026/08/05 19:43:00.396, 0, 89.08 W, 100 %, 17529 MiB
2026/08/05 19:43:00.398, 1, 87.88 W, 100 %, 17599 MiB
2026/08/05 19:43:00.398, 2, 89.45 W, 100 %, 17599 MiB
2026/08/05 19:43:00.398, 3, 89.69 W, 100 %, 17599 MiB
2026/08/05 19:43:00.398, 4, 89.78 W, 100 %, 17599 MiB
2026/08/05 19:43:00.398, 5, 91.51 W, 100 %, 17599 MiB
2026/08/05 19:43:00.398, 6, 90.02 W, 100 %, 17599 MiB
2026/08/05 19:43:00.401, 7, 94.47 W, 100 %, 17607 MiB
2026/08/05 19:43:00.602, 0, 88.75 W, 100 %, 17529 MiB
2026/08/05 19:43:00.602, 1, 88.17 W, 100 %, 17599 MiB
2026/08/05 19:43:00.602, 2, 89.45 W, 100 %, 17599 MiB
2026/08/05 19:43:00.602, 3, 89.78 W, 100 %, 17599 MiB
2026/08/05 19:43:00.602, 4, 89.78 W, 100 %, 17599 MiB
2026/08/05 19:43:00.602, 5, 91.51 W, 100 %, 17599 MiB
2026/08/05 19:43:00.602, 6, 90.02 W, 100 %, 17599 MiB
2026/08/05 19:43:00.602, 7, 94.47 W, 100 %, 17607 MiB
2026/08/05 19:43:00.802, 0, 88.75 W, 100 %, 17529 MiB
2026/08/05 19:43:00.804, 1, 87.88 W, 100 %, 17599 MiB
2026/08/05 19:43:00.804, 2, 89.45 W, 100 %, 17599 MiB
2026/08/05 19:43:00.804, 3, 89.78 W, 100 %, 17599 MiB
2026/08/05 19:43:00.808, 4, 89.78 W, 100 %, 17599 MiB
2026/08/05 19:43:00.811, 5, 91.51 W, 100 %, 17599 MiB
2026/08/05 19:43:00.811, 6, 90.02 W, 100 %, 17599 MiB
2026/08/05 19:43:00.811, 7, 94.47 W, 100 %, 17607 MiB
2026/08/05 19:43:01.011, 0, 89.08 W, 100 %, 17529 MiB
2026/08/05 19:43:01.011, 1, 87.88 W, 100 %, 17599 MiB
2026/08/05 19:43:01.011, 2, 89.45 W, 100 %, 17599 MiB
2026/08/05 19:43:01.011, 3, 89.69 W, 100 %, 17599 MiB
2026/08/05 19:43:01.012, 4, 89.78 W, 100 %, 17599 MiB
2026/08/05 19:43:01.012, 5, 91.51 W, 100 %, 17599 MiB
2026/08/05 19:43:01.012, 6, 90.02 W, 100 %, 17599 MiB
2026/08/05 19:43:01.012, 7, 94.47 W, 100 %, 17607 MiB
2026/08/05 19:43:01.212, 0, 88.75 W, 100 %, 17529 MiB
2026/08/05 19:43:01.212, 1, 87.88 W, 100 %, 17599 MiB
2026/08/05 19:43:01.212, 2, 89.45 W, 100 %, 17599 MiB
2026/08/05 19:43:01.212, 3, 89.78 W, 100 %, 17599 MiB
2026/08/05 19:43:01.212, 4, 89.78 W, 100 %, 17599 MiB
2026/08/05 19:43:01.212, 5, 91.51 W, 100 %, 17599 MiB
2026/08/05 19:43:01.212, 6, 90.02 W, 100 %, 17599 MiB
2026/08/05 19:43:01.213, 7, 94.47 W, 100 %, 17607 MiB
2026/08/05 19:43:01.415, 0, 89.08 W, 100 %, 17529 MiB
2026/08/05 19:43:01.415, 1, 87.88 W, 100 %, 17599 MiB
2026/08/05 19:43:01.415, 2, 89.45 W, 100 %, 17599 MiB
2026/08/05 19:43:01.416, 3, 89.78 W, 100 %, 17599 MiB
2026/08/05 19:43:01.416, 4, 89.78 W, 100 %, 17599 MiB
2026/08/05 19:43:01.416, 5, 91.51 W, 100 %, 17599 MiB
2026/08/05 19:43:01.416, 6, 90.02 W, 100 %, 17599 MiB
2026/08/05 19:43:01.416, 7, 94.47 W, 100 %, 17607 MiB
2026/08/05 19:43:01.616, 0, 89.08 W, 100 %, 17529 MiB
2026/08/05 19:43:01.617, 1, 87.88 W, 100 %, 17599 MiB
2026/08/05 19:43:01.617, 2, 89.45 W, 100 %, 17599 MiB
2026/08/05 19:43:01.617, 3, 89.78 W, 100 %, 17599 MiB
2026/08/05 19:43:01.620, 4, 89.78 W, 100 %, 17599 MiB
2026/08/05 19:43:01.625, 5, 91.51 W, 100 %, 17599 MiB
2026/08/05 19:43:01.625, 6, 90.11 W, 100 %, 17599 MiB
2026/08/05 19:43:01.625, 7, 94.47 W, 100 %, 17607 MiB
2026/08/05 19:43:01.825, 0, 88.75 W, 100 %, 17529 MiB
2026/08/05 19:43:01.825, 1, 88.17 W, 100 %, 17599 MiB
2026/08/05 19:43:01.825, 2, 89.45 W, 100 %, 17599 MiB
2026/08/05 19:43:01.825, 3, 89.69 W, 100 %, 17599 MiB
2026/08/05 19:43:01.825, 4, 89.78 W, 100 %, 17599 MiB
2026/08/05 19:43:01.825, 5, 91.51 W, 100 %, 17599 MiB
2026/08/05 19:43:01.825, 6, 90.02 W, 100 %, 17599 MiB
2026/08/05 19:43:01.826, 7, 94.47 W, 100 %, 17607 MiB
2026/08/05 19:43:02.026, 0, 88.75 W, 100 %, 17529 MiB
2026/08/05 19:43:02.026, 1, 87.88 W, 100 %, 17599 MiB
2026/08/05 19:43:02.026, 2, 89.45 W, 100 %, 17599 MiB
2026/08/05 19:43:02.026, 3, 89.78 W, 100 %, 17599 MiB
2026/08/05 19:43:02.026, 4, 89.78 W, 100 %, 17599 MiB
2026/08/05 19:43:02.026, 5, 91.51 W, 100 %, 17599 MiB
2026/08/05 19:43:02.026, 6, 90.02 W, 100 %, 17599 MiB
2026/08/05 19:43:02.026, 7, 93.80 W, 100 %, 17607 MiB
2026/08/05 19:43:02.226, 0, 89.08 W, 100 %, 17529 MiB
2026/08/05 19:43:02.226, 1, 88.17 W, 100 %, 17599 MiB
2026/08/05 19:43:02.226, 2, 89.45 W, 100 %, 17599 MiB
2026/08/05 19:43:02.227, 3, 89.78 W, 100 %, 17599 MiB
2026/08/05 19:43:02.227, 4, 89.78 W, 100 %, 17599 MiB
2026/08/05 19:43:02.227, 5, 91.51 W, 100 %, 17599 MiB
2026/08/05 19:43:02.227, 6, 90.02 W, 100 %, 17599 MiB
2026/08/05 19:43:02.227, 7, 94.47 W, 100 %, 17607 MiB
2026/08/05 19:43:02.427, 0, 89.08 W, 100 %, 17529 MiB
2026/08/05 19:43:02.427, 1, 87.88 W, 100 %, 17599 MiB
2026/08/05 19:43:02.427, 2, 89.45 W, 100 %, 17599 MiB
2026/08/05 19:43:02.427, 3, 89.69 W, 100 %, 17599 MiB
2026/08/05 19:43:02.427, 4, 89.78 W, 100 %, 17599 MiB
2026/08/05 19:43:02.427, 5, 91.51 W, 100 %, 17599 MiB
2026/08/05 19:43:02.427, 6, 90.02 W, 100 %, 17599 MiB
2026/08/05 19:43:02.427, 7, 94.47 W, 100 %, 17607 MiB
2026/08/05 19:43:02.628, 0, 89.08 W, 100 %, 17529 MiB
2026/08/05 19:43:02.634, 1, 87.88 W, 100 %, 17599 MiB
2026/08/05 19:43:02.634, 2, 89.45 W, 100 %, 17599 MiB
2026/08/05 19:43:02.634, 3, 89.69 W, 100 %, 17599 MiB
2026/08/05 19:43:02.634, 4, 89.78 W, 100 %, 17599 MiB
2026/08/05 19:43:02.634, 5, 91.51 W, 100 %, 17599 MiB
2026/08/05 19:43:02.634, 6, 90.02 W, 100 %, 17599 MiB
2026/08/05 19:43:02.634, 7, 94.47 W, 100 %, 17607 MiB
2026/08/05 19:43:02.835, 0, 89.08 W, 100 %, 17529 MiB
2026/08/05 19:43:02.835, 1, 88.17 W, 100 %, 17599 MiB
2026/08/05 19:43:02.835, 2, 89.45 W, 100 %, 17599 MiB
2026/08/05 19:43:02.835, 3, 89.69 W, 100 %, 17599 MiB
2026/08/05 19:43:02.835, 4, 89.78 W, 100 %, 17599 MiB
2026/08/05 19:43:02.835, 5, 91.51 W, 100 %, 17599 MiB
2026/08/05 19:43:02.836, 6, 90.02 W, 100 %, 17599 MiB
2026/08/05 19:43:02.836, 7, 94.47 W, 100 %, 17607 MiB
2026/08/05 19:43:03.036, 0, 89.08 W, 100 %, 17529 MiB
2026/08/05 19:43:03.036, 1, 87.88 W, 100 %, 17599 MiB
2026/08/05 19:43:03.036, 2, 89.45 W, 100 %, 17599 MiB
2026/08/05 19:43:03.036, 3, 89.69 W, 100 %, 17599 MiB
2026/08/05 19:43:03.036, 4, 89.78 W, 100 %, 17599 MiB
2026/08/05 19:43:03.036, 5, 91.51 W, 100 %, 17599 MiB
2026/08/05 19:43:03.036, 6, 90.02 W, 100 %, 17599 MiB
2026/08/05 19:43:03.036, 7, 94.47 W, 100 %, 17607 MiB
2026/08/05 19:43:03.236, 0, 89.08 W, 100 %, 17529 MiB
2026/08/05 19:43:03.248, 1, 87.88 W, 100 %, 17599 MiB
2026/08/05 19:43:03.248, 2, 89.45 W, 100 %, 17599 MiB
2026/08/05 19:43:03.248, 3, 89.69 W, 100 %, 17599 MiB
2026/08/05 19:43:03.248, 4, 89.78 W, 100 %, 17599 MiB
2026/08/05 19:43:03.248, 5, 91.51 W, 100 %, 17599 MiB
2026/08/05 19:43:03.248, 6, 90.11 W, 100 %, 17599 MiB
2026/08/05 19:43:03.248, 7, 94.47 W, 100 %, 17607 MiB
2026/08/05 19:43:03.448, 0, 89.08 W, 100 %, 17529 MiB
2026/08/05 19:43:03.448, 1, 88.17 W, 100 %, 17599 MiB
2026/08/05 19:43:03.448, 2, 89.45 W, 100 %, 17599 MiB
2026/08/05 19:43:03.449, 3, 89.78 W, 100 %, 17599 MiB
2026/08/05 19:43:03.449, 4, 89.78 W, 100 %, 17599 MiB
2026/08/05 19:43:03.449, 5, 91.51 W, 100 %, 17599 MiB
2026/08/05 19:43:03.449, 6, 90.02 W, 100 %, 17599 MiB
2026/08/05 19:43:03.449, 7, 94.47 W, 100 %, 17607 MiB
2026/08/05 19:43:03.649, 0, 89.08 W, 100 %, 17529 MiB
2026/08/05 19:43:03.649, 1, 88.17 W, 100 %, 17599 MiB
2026/08/05 19:43:03.649, 2, 89.45 W, 100 %, 17599 MiB
2026/08/05 19:43:03.649, 3, 89.69 W, 100 %, 17599 MiB
2026/08/05 19:43:03.649, 4, 89.78 W, 100 %, 17599 MiB
2026/08/05 19:43:03.649, 5, 91.51 W, 100 %, 17599 MiB
2026/08/05 19:43:03.649, 6, 90.11 W, 100 %, 17599 MiB
2026/08/05 19:43:03.650, 7, 94.47 W, 100 %, 17607 MiB
2026/08/05 19:43:03.850, 0, 89.08 W, 100 %, 17529 MiB
2026/08/05 19:43:03.850, 1, 87.88 W, 100 %, 17599 MiB
2026/08/05 19:43:03.865, 2, 89.45 W, 100 %, 17599 MiB
2026/08/05 19:43:03.865, 3, 89.78 W, 100 %, 17599 MiB
2026/08/05 19:43:03.865, 4, 89.78 W, 100 %, 17599 MiB
2026/08/05 19:43:03.865, 5, 91.51 W, 100 %, 17599 MiB
2026/08/05 19:43:03.866, 6, 90.11 W, 100 %, 17599 MiB
2026/08/05 19:43:03.866, 7, 94.47 W, 100 %, 17607 MiB
2026/08/05 19:43:04.066, 0, 89.08 W, 100 %, 17529 MiB
2026/08/05 19:43:04.066, 1, 88.17 W, 100 %, 17599 MiB
2026/08/05 19:43:04.066, 2, 89.45 W, 100 %, 17599 MiB
2026/08/05 19:43:04.066, 3, 89.78 W, 100 %, 17599 MiB
2026/08/05 19:43:04.066, 4, 89.78 W, 100 %, 17599 MiB
2026/08/05 19:43:04.066, 5, 91.51 W, 100 %, 17599 MiB
2026/08/05 19:43:04.066, 6, 90.11 W, 100 %, 17599 MiB
2026/08/05 19:43:04.066, 7, 94.47 W, 100 %, 17607 MiB
2026/08/05 19:43:04.266, 0, 89.08 W, 100 %, 17529 MiB
2026/08/05 19:43:04.267, 1, 88.17 W, 100 %, 17599 MiB
2026/08/05 19:43:04.267, 2, 89.45 W, 100 %, 17599 MiB
2026/08/05 19:43:04.267, 3, 89.78 W, 100 %, 17599 MiB
2026/08/05 19:43:04.267, 4, 89.78 W, 100 %, 17599 MiB
2026/08/05 19:43:04.267, 5, 91.51 W, 100 %, 17599 MiB
2026/08/05 19:43:04.267, 6, 90.02 W, 100 %, 17599 MiB
2026/08/05 19:43:04.267, 7, 94.47 W, 100 %, 17607 MiB
2026/08/05 19:43:04.467, 0, 89.08 W, 100 %, 17529 MiB
2026/08/05 19:43:04.467, 1, 88.17 W, 100 %, 17599 MiB
2026/08/05 19:43:04.468, 2, 89.45 W, 100 %, 17599 MiB
2026/08/05 19:43:04.468, 3, 89.69 W, 100 %, 17599 MiB
2026/08/05 19:43:04.468, 4, 89.78 W, 100 %, 17599 MiB
2026/08/05 19:43:04.468, 5, 91.51 W, 100 %, 17599 MiB
2026/08/05 19:43:04.468, 6, 90.11 W, 100 %, 17599 MiB
2026/08/05 19:43:04.468, 7, 94.47 W, 100 %, 17607 MiB
2026/08/05 19:43:04.668, 0, 88.14 W, 100 %, 17529 MiB
2026/08/05 19:43:04.668, 1, 87.88 W, 100 %, 17599 MiB
2026/08/05 19:43:04.669, 2, 89.45 W, 100 %, 17599 MiB
2026/08/05 19:43:04.669, 3, 89.78 W, 100 %, 17599 MiB
2026/08/05 19:43:04.669, 4, 89.78 W, 100 %, 17599 MiB
2026/08/05 19:43:04.669, 5, 91.51 W, 100 %, 17599 MiB
2026/08/05 19:43:04.669, 6, 90.02 W, 100 %, 17599 MiB
2026/08/05 19:43:04.669, 7, 94.47 W, 100 %, 17607 MiB
2026/08/05 19:43:04.869, 0, 88.14 W, 100 %, 17529 MiB
2026/08/05 19:43:04.869, 1, 88.17 W, 100 %, 17599 MiB
2026/08/05 19:43:04.869, 2, 89.45 W, 100 %, 17599 MiB
2026/08/05 19:43:04.870, 3, 89.78 W, 100 %, 17599 MiB
2026/08/05 19:43:04.870, 4, 89.78 W, 100 %, 17599 MiB
2026/08/05 19:43:04.870, 5, 91.51 W, 100 %, 17599 MiB
2026/08/05 19:43:04.870, 6, 90.02 W, 100 %, 17599 MiB
2026/08/05 19:43:04.870, 7, 94.47 W, 100 %, 17607 MiB
2026/08/05 19:43:05.070, 0, 89.08 W, 100 %, 17529 MiB
2026/08/05 19:43:05.071, 1, 87.88 W, 100 %, 17599 MiB
2026/08/05 19:43:05.071, 2, 89.45 W, 100 %, 17599 MiB
2026/08/05 19:43:05.071, 3, 89.78 W, 100 %, 17599 MiB
2026/08/05 19:43:05.071, 4, 89.78 W, 100 %, 17599 MiB
2026/08/05 19:43:05.071, 5, 91.51 W, 100 %, 17599 MiB
2026/08/05 19:43:05.072, 6, 90.02 W, 100 %, 17599 MiB
2026/08/05 19:43:05.072, 7, 94.47 W, 100 %, 17607 MiB
2026/08/05 19:43:05.272, 0, 89.08 W, 100 %, 17529 MiB
2026/08/05 19:43:05.272, 1, 87.88 W, 100 %, 17599 MiB
2026/08/05 19:43:05.272, 2, 89.45 W, 100 %, 17599 MiB
2026/08/05 19:43:05.272, 3, 89.69 W, 100 %, 17599 MiB
2026/08/05 19:43:05.272, 4, 90.06 W, 100 %, 17599 MiB
2026/08/05 19:43:05.272, 5, 91.51 W, 100 %, 17599 MiB
2026/08/05 19:43:05.272, 6, 90.02 W, 100 %, 17599 MiB
2026/08/05 19:43:05.272, 7, 94.47 W, 100 %, 17607 MiB
2026/08/05 19:43:05.473, 0, 88.14 W, 100 %, 17529 MiB
2026/08/05 19:43:05.473, 1, 88.17 W, 100 %, 17599 MiB
2026/08/05 19:43:05.473, 2, 89.45 W, 100 %, 17599 MiB
2026/08/05 19:43:05.473, 3, 89.69 W, 100 %, 17599 MiB
2026/08/05 19:43:05.473, 4, 90.06 W, 100 %, 17599 MiB
2026/08/05 19:43:05.473, 5, 91.51 W, 100 %, 17599 MiB
2026/08/05 19:43:05.473, 6, 90.02 W, 100 %, 17599 MiB
2026/08/05 19:43:05.473, 7, 94.47 W, 100 %, 17607 MiB
2026/08/05 19:43:05.673, 0, 88.14 W, 100 %, 17529 MiB
2026/08/05 19:43:05.673, 1, 87.88 W, 100 %, 17599 MiB
2026/08/05 19:43:05.674, 2, 89.45 W, 100 %, 17599 MiB
2026/08/05 19:43:05.674, 3, 89.78 W, 100 %, 17599 MiB
2026/08/05 19:43:05.674, 4, 89.78 W, 100 %, 17599 MiB
2026/08/05 19:43:05.674, 5, 91.51 W, 100 %, 17599 MiB
2026/08/05 19:43:05.674, 6, 90.11 W, 100 %, 17599 MiB
2026/08/05 19:43:05.674, 7, 94.47 W, 100 %, 17607 MiB
2026/08/05 19:43:05.874, 0, 89.08 W, 100 %, 17529 MiB
2026/08/05 19:43:05.874, 1, 87.88 W, 100 %, 17599 MiB
2026/08/05 19:43:05.874, 2, 89.45 W, 100 %, 17599 MiB
2026/08/05 19:43:05.874, 3, 89.69 W, 100 %, 17599 MiB
2026/08/05 19:43:05.874, 4, 89.78 W, 100 %, 17599 MiB
2026/08/05 19:43:05.874, 5, 91.51 W, 100 %, 17599 MiB
2026/08/05 19:43:05.874, 6, 90.02 W, 100 %, 17599 MiB
2026/08/05 19:43:05.874, 7, 94.47 W, 100 %, 17607 MiB
2026/08/05 19:43:06.075, 0, 89.08 W, 100 %, 17529 MiB
2026/08/05 19:43:06.075, 1, 87.88 W, 100 %, 17599 MiB
2026/08/05 19:43:06.075, 2, 89.45 W, 100 %, 17599 MiB
2026/08/05 19:43:06.075, 3, 89.69 W, 100 %, 17599 MiB
2026/08/05 19:43:06.075, 4, 89.78 W, 100 %, 17599 MiB
2026/08/05 19:43:06.075, 5, 91.51 W, 100 %, 17599 MiB
2026/08/05 19:43:06.075, 6, 90.11 W, 100 %, 17599 MiB
2026/08/05 19:43:06.075, 7, 94.47 W, 100 %, 17607 MiB
2026/08/05 19:43:06.275, 0, 89.08 W, 100 %, 17529 MiB
2026/08/05 19:43:06.276, 1, 88.17 W, 100 %, 17599 MiB
2026/08/05 19:43:06.277, 2, 89.45 W, 100 %, 17599 MiB
2026/08/05 19:43:06.278, 3, 89.78 W, 100 %, 17599 MiB
2026/08/05 19:43:06.278, 4, 89.78 W, 100 %, 17599 MiB
2026/08/05 19:43:06.278, 5, 91.51 W, 100 %, 17599 MiB
2026/08/05 19:43:06.279, 6, 90.02 W, 100 %, 17599 MiB
2026/08/05 19:43:06.279, 7, 94.47 W, 100 %, 17607 MiB
2026/08/05 19:43:06.480, 0, 89.08 W, 100 %, 17529 MiB
2026/08/05 19:43:06.480, 1, 88.17 W, 100 %, 17599 MiB
2026/08/05 19:43:06.480, 2, 89.45 W, 100 %, 17599 MiB
2026/08/05 19:43:06.480, 3, 89.69 W, 100 %, 17599 MiB
2026/08/05 19:43:06.480, 4, 90.06 W, 100 %, 17599 MiB
2026/08/05 19:43:06.480, 5, 91.51 W, 100 %, 17599 MiB
2026/08/05 19:43:06.480, 6, 90.02 W, 100 %, 17599 MiB
2026/08/05 19:43:06.480, 7, 94.47 W, 100 %, 17607 MiB
2026/08/05 19:43:06.680, 0, 89.08 W, 100 %, 17529 MiB
2026/08/05 19:43:06.680, 1, 87.88 W, 100 %, 17599 MiB
2026/08/05 19:43:06.680, 2, 89.45 W, 100 %, 17599 MiB
2026/08/05 19:43:06.681, 3, 89.69 W, 100 %, 17599 MiB
2026/08/05 19:43:06.681, 4, 89.78 W, 100 %, 17599 MiB
2026/08/05 19:43:06.681, 5, 91.51 W, 100 %, 17599 MiB
2026/08/05 19:43:06.681, 6, 90.11 W, 100 %, 17599 MiB
2026/08/05 19:43:06.681, 7, 94.47 W, 100 %, 17607 MiB
2026/08/05 19:43:06.881, 0, 89.08 W, 100 %, 17529 MiB
2026/08/05 19:43:06.881, 1, 88.17 W, 100 %, 17599 MiB
2026/08/05 19:43:06.881, 2, 89.45 W, 100 %, 17599 MiB
2026/08/05 19:43:06.881, 3, 89.69 W, 100 %, 17599 MiB
2026/08/05 19:43:06.881, 4, 90.06 W, 100 %, 17599 MiB
2026/08/05 19:43:06.881, 5, 91.51 W, 100 %, 17599 MiB
2026/08/05 19:43:06.881, 6, 90.02 W, 100 %, 17599 MiB
2026/08/05 19:43:06.882, 7, 94.47 W, 100 %, 17607 MiB
2026/08/05 19:43:07.082, 0, 89.08 W, 100 %, 17529 MiB
2026/08/05 19:43:07.082, 1, 87.88 W, 100 %, 17599 MiB
2026/08/05 19:43:07.082, 2, 89.45 W, 100 %, 17599 MiB
2026/08/05 19:43:07.082, 3, 89.78 W, 100 %, 17599 MiB
2026/08/05 19:43:07.082, 4, 89.78 W, 100 %, 17599 MiB
2026/08/05 19:43:07.082, 5, 91.51 W, 100 %, 17599 MiB
2026/08/05 19:43:07.082, 6, 90.02 W, 100 %, 17599 MiB
2026/08/05 19:43:07.082, 7, 94.47 W, 100 %, 17607 MiB
2026/08/05 19:43:07.282, 0, 89.08 W, 100 %, 17529 MiB
2026/08/05 19:43:07.283, 1, 88.17 W, 100 %, 17599 MiB
2026/08/05 19:43:07.283, 2, 89.45 W, 100 %, 17599 MiB
2026/08/05 19:43:07.283, 3, 89.69 W, 100 %, 17599 MiB
2026/08/05 19:43:07.283, 4, 90.06 W, 100 %, 17599 MiB
2026/08/05 19:43:07.283, 5, 91.51 W, 100 %, 17599 MiB
2026/08/05 19:43:07.283, 6, 90.11 W, 100 %, 17599 MiB
2026/08/05 19:43:07.283, 7, 94.47 W, 100 %, 17607 MiB
2026/08/05 19:43:07.483, 0, 89.08 W, 100 %, 17529 MiB
2026/08/05 19:43:07.484, 1, 88.17 W, 100 %, 17599 MiB
2026/08/05 19:43:07.484, 2, 89.45 W, 100 %, 17599 MiB
2026/08/05 19:43:07.484, 3, 89.69 W, 100 %, 17599 MiB
2026/08/05 19:43:07.484, 4, 89.78 W, 100 %, 17599 MiB
2026/08/05 19:43:07.484, 5, 91.51 W, 100 %, 17599 MiB
2026/08/05 19:43:07.484, 6, 90.11 W, 100 %, 17599 MiB
2026/08/05 19:43:07.484, 7, 94.47 W, 100 %, 17607 MiB
2026/08/05 19:43:07.684, 0, 89.08 W, 100 %, 17529 MiB
2026/08/05 19:43:07.684, 1, 88.17 W, 100 %, 17599 MiB
2026/08/05 19:43:07.685, 2, 89.45 W, 100 %, 17599 MiB
2026/08/05 19:43:07.685, 3, 89.78 W, 100 %, 17599 MiB
2026/08/05 19:43:07.685, 4, 90.06 W, 100 %, 17599 MiB
2026/08/05 19:43:07.691, 5, 91.51 W, 100 %, 17599 MiB
2026/08/05 19:43:07.693, 6, 90.02 W, 100 %, 17599 MiB
2026/08/05 19:43:07.693, 7, 94.47 W, 100 %, 17607 MiB
2026/08/05 19:43:07.894, 0, 89.08 W, 100 %, 17529 MiB
2026/08/05 19:43:07.894, 1, 88.17 W, 100 %, 17599 MiB
2026/08/05 19:43:07.894, 2, 89.45 W, 100 %, 17599 MiB
2026/08/05 19:43:07.894, 3, 89.78 W, 100 %, 17599 MiB
2026/08/05 19:43:07.894, 4, 89.78 W, 100 %, 17599 MiB
2026/08/05 19:43:07.894, 5, 91.51 W, 100 %, 17599 MiB
2026/08/05 19:43:07.894, 6, 90.02 W, 100 %, 17599 MiB
2026/08/05 19:43:07.894, 7, 94.47 W, 100 %, 17607 MiB
2026/08/05 19:43:08.094, 0, 89.08 W, 100 %, 17529 MiB
2026/08/05 19:43:08.094, 1, 88.17 W, 100 %, 17599 MiB
2026/08/05 19:43:08.094, 2, 89.45 W, 100 %, 17599 MiB
2026/08/05 19:43:08.094, 3, 89.69 W, 100 %, 17599 MiB
2026/08/05 19:43:08.095, 4, 90.06 W, 100 %, 17599 MiB
2026/08/05 19:43:08.095, 5, 91.51 W, 100 %, 17599 MiB
2026/08/05 19:43:08.095, 6, 90.02 W, 100 %, 17599 MiB
2026/08/05 19:43:08.095, 7, 94.47 W, 100 %, 17607 MiB
2026/08/05 19:43:08.295, 0, 89.08 W, 100 %, 17529 MiB
2026/08/05 19:43:08.295, 1, 88.17 W, 100 %, 17599 MiB
2026/08/05 19:43:08.295, 2, 89.45 W, 100 %, 17599 MiB
2026/08/05 19:43:08.295, 3, 89.78 W, 100 %, 17599 MiB
2026/08/05 19:43:08.295, 4, 89.78 W, 100 %, 17599 MiB
2026/08/05 19:43:08.295, 5, 91.51 W, 100 %, 17599 MiB
2026/08/05 19:43:08.295, 6, 90.02 W, 100 %, 17599 MiB
2026/08/05 19:43:08.295, 7, 94.47 W, 100 %, 17607 MiB
2026/08/05 19:43:08.496, 0, 89.08 W, 100 %, 17529 MiB
2026/08/05 19:43:08.496, 1, 88.17 W, 100 %, 17599 MiB
2026/08/05 19:43:08.496, 2, 89.45 W, 100 %, 17599 MiB
2026/08/05 19:43:08.496, 3, 89.69 W, 100 %, 17599 MiB
2026/08/05 19:43:08.496, 4, 89.78 W, 100 %, 17599 MiB
2026/08/05 19:43:08.496, 5, 91.51 W, 100 %, 17599 MiB
2026/08/05 19:43:08.496, 6, 90.02 W, 100 %, 17599 MiB
2026/08/05 19:43:08.496, 7, 94.47 W, 100 %, 17607 MiB
2026/08/05 19:43:08.696, 0, 89.08 W, 100 %, 17529 MiB
2026/08/05 19:43:08.716, 1, 88.17 W, 100 %, 17599 MiB
2026/08/05 19:43:08.716, 2, 89.45 W, 100 %, 17599 MiB
2026/08/05 19:43:08.716, 3, 89.69 W, 100 %, 17599 MiB
2026/08/05 19:43:08.716, 4, 89.78 W, 100 %, 17599 MiB
2026/08/05 19:43:08.716, 5, 91.51 W, 100 %, 17599 MiB
2026/08/05 19:43:08.716, 6, 90.02 W, 100 %, 17599 MiB
2026/08/05 19:43:08.716, 7, 94.47 W, 100 %, 17607 MiB
2026/08/05 19:43:08.916, 0, 88.47 W, 100 %, 17529 MiB
2026/08/05 19:43:08.916, 1, 88.17 W, 100 %, 17599 MiB
2026/08/05 19:43:08.917, 2, 89.45 W, 100 %, 17599 MiB
2026/08/05 19:43:08.917, 3, 89.78 W, 100 %, 17599 MiB
2026/08/05 19:43:08.917, 4, 89.78 W, 100 %, 17599 MiB
2026/08/05 19:43:08.917, 5, 91.51 W, 100 %, 17599 MiB
2026/08/05 19:43:08.917, 6, 90.11 W, 100 %, 17599 MiB
2026/08/05 19:43:08.917, 7, 94.47 W, 100 %, 17607 MiB
2026/08/05 19:43:09.117, 0, 88.14 W, 100 %, 17529 MiB
2026/08/05 19:43:09.117, 1, 88.17 W, 100 %, 17599 MiB
2026/08/05 19:43:09.117, 2, 89.45 W, 100 %, 17599 MiB
2026/08/05 19:43:09.117, 3, 89.69 W, 100 %, 17599 MiB
2026/08/05 19:43:09.117, 4, 90.06 W, 100 %, 17599 MiB
2026/08/05 19:43:09.117, 5, 91.51 W, 100 %, 17599 MiB
2026/08/05 19:43:09.118, 6, 90.11 W, 100 %, 17599 MiB
2026/08/05 19:43:09.118, 7, 94.47 W, 100 %, 17607 MiB
2026/08/05 19:43:09.318, 0, 88.14 W, 100 %, 17529 MiB
2026/08/05 19:43:09.318, 1, 88.17 W, 100 %, 17599 MiB
2026/08/05 19:43:09.319, 2, 89.45 W, 100 %, 17599 MiB
2026/08/05 19:43:09.319, 3, 89.78 W, 100 %, 17599 MiB
2026/08/05 19:43:09.320, 4, 89.78 W, 100 %, 17599 MiB
2026/08/05 19:43:09.320, 5, 91.51 W, 100 %, 17599 MiB
2026/08/05 19:43:09.321, 6, 90.02 W, 100 %, 17599 MiB
2026/08/05 19:43:09.321, 7, 94.47 W, 100 %, 17607 MiB
2026/08/05 19:43:09.522, 0, 88.14 W, 100 %, 17529 MiB
2026/08/05 19:43:09.522, 1, 88.17 W, 100 %, 17599 MiB
2026/08/05 19:43:09.522, 2, 89.45 W, 100 %, 17599 MiB
2026/08/05 19:43:09.522, 3, 89.78 W, 100 %, 17599 MiB
2026/08/05 19:43:09.522, 4, 90.06 W, 100 %, 17599 MiB
2026/08/05 19:43:09.522, 5, 91.51 W, 100 %, 17599 MiB
2026/08/05 19:43:09.522, 6, 90.02 W, 100 %, 17599 MiB
2026/08/05 19:43:09.522, 7, 94.47 W, 100 %, 17607 MiB
2026/08/05 19:43:09.722, 0, 88.14 W, 100 %, 17529 MiB
2026/08/05 19:43:09.722, 1, 88.17 W, 100 %, 17599 MiB
2026/08/05 19:43:09.723, 2, 89.45 W, 100 %, 17599 MiB
2026/08/05 19:43:09.723, 3, 89.78 W, 100 %, 17599 MiB
2026/08/05 19:43:09.723, 4, 89.78 W, 100 %, 17599 MiB
2026/08/05 19:43:09.723, 5, 91.51 W, 100 %, 17599 MiB
2026/08/05 19:43:09.723, 6, 90.02 W, 100 %, 17599 MiB
2026/08/05 19:43:09.723, 7, 94.47 W, 100 %, 17607 MiB
2026/08/05 19:43:09.923, 0, 89.08 W, 100 %, 17529 MiB
2026/08/05 19:43:09.923, 1, 88.17 W, 100 %, 17599 MiB
2026/08/05 19:43:09.923, 2, 89.45 W, 100 %, 17599 MiB
2026/08/05 19:43:09.923, 3, 89.78 W, 100 %, 17599 MiB
2026/08/05 19:43:09.923, 4, 90.06 W, 100 %, 17599 MiB
2026/08/05 19:43:09.924, 5, 91.51 W, 100 %, 17599 MiB
2026/08/05 19:43:09.924, 6, 90.02 W, 100 %, 17599 MiB
2026/08/05 19:43:09.924, 7, 94.47 W, 100 %, 17607 MiB
2026/08/05 19:43:10.124, 0, 89.08 W, 100 %, 17529 MiB
2026/08/05 19:43:10.125, 1, 88.17 W, 100 %, 17599 MiB
2026/08/05 19:43:10.125, 2, 89.45 W, 100 %, 17599 MiB
2026/08/05 19:43:10.127, 3, 89.69 W, 100 %, 17599 MiB
2026/08/05 19:43:10.128, 4, 90.06 W, 100 %, 17599 MiB
2026/08/05 19:43:10.128, 5, 91.51 W, 100 %, 17599 MiB
2026/08/05 19:43:10.128, 6, 90.02 W, 100 %, 17599 MiB
2026/08/05 19:43:10.128, 7, 94.47 W, 100 %, 17607 MiB
2026/08/05 19:43:10.328, 0, 88.14 W, 100 %, 17529 MiB
2026/08/05 19:43:10.328, 1, 87.88 W, 100 %, 17599 MiB
2026/08/05 19:43:10.328, 2, 89.45 W, 100 %, 17599 MiB
2026/08/05 19:43:10.328, 3, 89.69 W, 100 %, 17599 MiB
2026/08/05 19:43:10.328, 4, 90.06 W, 100 %, 17599 MiB
2026/08/05 19:43:10.328, 5, 91.51 W, 100 %, 17599 MiB
2026/08/05 19:43:10.328, 6, 90.02 W, 100 %, 17599 MiB
2026/08/05 19:43:10.329, 7, 94.47 W, 100 %, 17607 MiB
2026/08/05 19:43:10.529, 0, 89.08 W, 100 %, 17529 MiB
2026/08/05 19:43:10.532, 1, 88.17 W, 100 %, 17599 MiB
2026/08/05 19:43:10.532, 2, 89.45 W, 100 %, 17599 MiB
2026/08/05 19:43:10.532, 3, 89.69 W, 100 %, 17599 MiB
2026/08/05 19:43:10.532, 4, 90.06 W, 100 %, 17599 MiB
2026/08/05 19:43:10.532, 5, 91.51 W, 100 %, 17599 MiB
2026/08/05 19:43:10.532, 6, 90.02 W, 100 %, 17599 MiB
2026/08/05 19:43:10.532, 7, 94.74 W, 100 %, 17607 MiB
2026/08/05 19:43:10.732, 0, 88.14 W, 100 %, 17529 MiB
2026/08/05 19:43:10.732, 1, 88.17 W, 100 %, 17599 MiB
2026/08/05 19:43:10.732, 2, 89.45 W, 100 %, 17599 MiB
2026/08/05 19:43:10.733, 3, 89.69 W, 100 %, 17599 MiB
2026/08/05 19:43:10.733, 4, 90.06 W, 100 %, 17599 MiB
2026/08/05 19:43:10.733, 5, 91.51 W, 100 %, 17599 MiB
2026/08/05 19:43:10.733, 6, 90.02 W, 100 %, 17599 MiB
2026/08/05 19:43:10.733, 7, 94.74 W, 100 %, 17607 MiB
2026/08/05 19:43:10.933, 0, 89.08 W, 100 %, 17529 MiB
2026/08/05 19:43:10.933, 1, 88.17 W, 100 %, 17599 MiB
2026/08/05 19:43:10.933, 2, 89.45 W, 100 %, 17599 MiB
2026/08/05 19:43:10.933, 3, 89.69 W, 100 %, 17599 MiB
2026/08/05 19:43:10.933, 4, 90.06 W, 100 %, 17599 MiB
2026/08/05 19:43:10.933, 5, 91.51 W, 100 %, 17599 MiB
2026/08/05 19:43:10.933, 6, 90.11 W, 100 %, 17599 MiB
2026/08/05 19:43:10.933, 7, 94.47 W, 100 %, 17607 MiB
2026/08/05 19:43:11.133, 0, 89.08 W, 100 %, 17529 MiB
2026/08/05 19:43:11.134, 1, 88.17 W, 100 %, 17599 MiB
2026/08/05 19:43:11.134, 2, 89.45 W, 100 %, 17599 MiB
2026/08/05 19:43:11.134, 3, 89.69 W, 100 %, 17599 MiB
2026/08/05 19:43:11.134, 4, 90.06 W, 100 %, 17599 MiB
2026/08/05 19:43:11.134, 5, 91.51 W, 100 %, 17599 MiB
2026/08/05 19:43:11.135, 6, 90.02 W, 100 %, 17599 MiB
2026/08/05 19:43:11.135, 7, 94.74 W, 100 %, 17607 MiB
2026/08/05 19:43:11.335, 0, 89.08 W, 100 %, 17529 MiB
2026/08/05 19:43:11.335, 1, 88.17 W, 100 %, 17599 MiB
2026/08/05 19:43:11.335, 2, 89.45 W, 100 %, 17599 MiB
2026/08/05 19:43:11.335, 3, 89.78 W, 100 %, 17599 MiB
2026/08/05 19:43:11.335, 4, 90.06 W, 100 %, 17599 MiB
2026/08/05 19:43:11.335, 5, 91.51 W, 100 %, 17599 MiB
2026/08/05 19:43:11.336, 6, 90.02 W, 100 %, 17599 MiB
2026/08/05 19:43:11.336, 7, 94.74 W, 100 %, 17607 MiB
2026/08/05 19:43:11.536, 0, 89.08 W, 100 %, 17529 MiB
2026/08/05 19:43:11.536, 1, 87.88 W, 100 %, 17599 MiB
2026/08/05 19:43:11.536, 2, 89.45 W, 100 %, 17599 MiB
2026/08/05 19:43:11.536, 3, 89.69 W, 100 %, 17599 MiB
2026/08/05 19:43:11.536, 4, 90.06 W, 100 %, 17599 MiB
2026/08/05 19:43:11.536, 5, 91.51 W, 100 %, 17599 MiB
2026/08/05 19:43:11.536, 6, 90.02 W, 100 %, 17599 MiB
2026/08/05 19:43:11.536, 7, 94.74 W, 100 %, 17607 MiB
2026/08/05 19:43:11.737, 0, 89.08 W, 100 %, 17529 MiB
2026/08/05 19:43:11.737, 1, 88.17 W, 100 %, 17599 MiB
2026/08/05 19:43:11.737, 2, 89.45 W, 100 %, 17599 MiB
2026/08/05 19:43:11.738, 3, 89.78 W, 100 %, 17599 MiB
2026/08/05 19:43:11.739, 4, 90.06 W, 100 %, 17599 MiB
2026/08/05 19:43:11.740, 5, 91.51 W, 100 %, 17599 MiB
2026/08/05 19:43:11.740, 6, 90.02 W, 100 %, 17599 MiB
2026/08/05 19:43:11.740, 7, 94.47 W, 100 %, 17607 MiB
2026/08/05 19:43:11.941, 0, 89.08 W, 100 %, 17529 MiB
2026/08/05 19:43:11.941, 1, 88.17 W, 100 %, 17599 MiB
2026/08/05 19:43:11.941, 2, 89.45 W, 100 %, 17599 MiB
2026/08/05 19:43:11.941, 3, 89.78 W, 100 %, 17599 MiB
2026/08/05 19:43:11.941, 4, 90.06 W, 100 %, 17599 MiB
2026/08/05 19:43:11.942, 5, 91.84 W, 100 %, 17599 MiB
2026/08/05 19:43:11.942, 6, 90.02 W, 100 %, 17599 MiB
2026/08/05 19:43:11.942, 7, 94.74 W, 100 %, 17607 MiB
2026/08/05 19:43:12.142, 0, 89.08 W, 100 %, 17529 MiB
2026/08/05 19:43:12.142, 1, 88.17 W, 100 %, 17599 MiB
2026/08/05 19:43:12.142, 2, 89.45 W, 100 %, 17599 MiB
2026/08/05 19:43:12.142, 3, 89.78 W, 100 %, 17599 MiB
2026/08/05 19:43:12.142, 4, 90.06 W, 100 %, 17599 MiB
2026/08/05 19:43:12.142, 5, 91.51 W, 100 %, 17599 MiB
2026/08/05 19:43:12.142, 6, 90.02 W, 100 %, 17599 MiB
2026/08/05 19:43:12.142, 7, 94.74 W, 100 %, 17607 MiB
2026/08/05 19:43:12.342, 0, 89.08 W, 100 %, 17529 MiB
2026/08/05 19:43:12.343, 1, 88.17 W, 100 %, 17599 MiB
2026/08/05 19:43:12.343, 2, 89.45 W, 100 %, 17599 MiB
2026/08/05 19:43:12.343, 3, 89.69 W, 100 %, 17599 MiB
2026/08/05 19:43:12.343, 4, 89.78 W, 100 %, 17599 MiB
2026/08/05 19:43:12.343, 5, 91.51 W, 100 %, 17599 MiB
2026/08/05 19:43:12.343, 6, 90.02 W, 100 %, 17599 MiB
2026/08/05 19:43:12.343, 7, 94.74 W, 100 %, 17607 MiB
2026/08/05 19:43:12.543, 0, 89.08 W, 100 %, 17529 MiB
2026/08/05 19:43:12.543, 1, 88.17 W, 100 %, 17599 MiB
2026/08/05 19:43:12.543, 2, 89.45 W, 100 %, 17599 MiB
2026/08/05 19:43:12.543, 3, 89.69 W, 100 %, 17599 MiB
2026/08/05 19:43:12.543, 4, 90.06 W, 100 %, 17599 MiB
2026/08/05 19:43:12.543, 5, 91.84 W, 100 %, 17599 MiB
2026/08/05 19:43:12.543, 6, 90.02 W, 100 %, 17599 MiB
2026/08/05 19:43:12.543, 7, 94.74 W, 100 %, 17607 MiB
2026/08/05 19:43:12.743, 0, 89.08 W, 100 %, 17529 MiB
2026/08/05 19:43:12.744, 1, 88.17 W, 100 %, 17599 MiB
2026/08/05 19:43:12.744, 2, 89.45 W, 100 %, 17599 MiB
2026/08/05 19:43:12.744, 3, 89.69 W, 100 %, 17599 MiB
2026/08/05 19:43:12.744, 4, 90.06 W, 100 %, 17599 MiB
2026/08/05 19:43:12.744, 5, 91.51 W, 100 %, 17599 MiB
2026/08/05 19:43:12.744, 6, 90.02 W, 100 %, 17599 MiB
2026/08/05 19:43:12.744, 7, 94.74 W, 100 %, 17607 MiB
2026/08/05 19:43:12.944, 0, 89.08 W, 100 %, 17529 MiB
2026/08/05 19:43:12.946, 1, 88.17 W, 100 %, 17599 MiB
2026/08/05 19:43:12.947, 2, 89.45 W, 100 %, 17599 MiB
2026/08/05 19:43:12.947, 3, 89.78 W, 100 %, 17599 MiB
2026/08/05 19:43:12.947, 4, 90.06 W, 100 %, 17599 MiB
2026/08/05 19:43:12.947, 5, 91.84 W, 100 %, 17599 MiB
2026/08/05 19:43:12.947, 6, 90.02 W, 100 %, 17599 MiB
2026/08/05 19:43:12.947, 7, 94.74 W, 100 %, 17607 MiB
2026/08/05 19:43:13.148, 0, 89.08 W, 100 %, 17529 MiB
2026/08/05 19:43:13.148, 1, 88.17 W, 100 %, 17599 MiB
2026/08/05 19:43:13.148, 2, 89.45 W, 100 %, 17599 MiB
2026/08/05 19:43:13.148, 3, 89.69 W, 100 %, 17599 MiB
2026/08/05 19:43:13.148, 4, 89.78 W, 100 %, 17599 MiB
2026/08/05 19:43:13.148, 5, 91.51 W, 100 %, 17599 MiB
2026/08/05 19:43:13.148, 6, 90.11 W, 100 %, 17599 MiB
2026/08/05 19:43:13.148, 7, 94.74 W, 100 %, 17607 MiB
2026/08/05 19:43:13.348, 0, 89.08 W, 100 %, 17529 MiB
2026/08/05 19:43:13.348, 1, 88.17 W, 100 %, 17599 MiB
2026/08/05 19:43:13.349, 2, 89.45 W, 100 %, 17599 MiB
2026/08/05 19:43:13.349, 3, 89.78 W, 100 %, 17599 MiB
2026/08/05 19:43:13.349, 4, 90.06 W, 100 %, 17599 MiB
2026/08/05 19:43:13.349, 5, 91.84 W, 100 %, 17599 MiB
2026/08/05 19:43:13.349, 6, 90.02 W, 100 %, 17599 MiB
2026/08/05 19:43:13.349, 7, 94.74 W, 100 %, 17607 MiB
2026/08/05 19:43:13.549, 0, 88.99 W, 100 %, 17529 MiB
2026/08/05 19:43:13.549, 1, 88.17 W, 100 %, 17599 MiB
2026/08/05 19:43:13.549, 2, 89.45 W, 100 %, 17599 MiB
2026/08/05 19:43:13.549, 3, 89.69 W, 100 %, 17599 MiB
2026/08/05 19:43:13.549, 4, 90.06 W, 100 %, 17599 MiB
2026/08/05 19:43:13.550, 5, 91.75 W, 100 %, 17599 MiB
2026/08/05 19:43:13.550, 6, 90.02 W, 100 %, 17599 MiB
2026/08/05 19:43:13.550, 7, 194.24 W, 100 %, 17607 MiB
2026/08/05 19:43:13.750, 0, 88.99 W, 100 %, 17529 MiB
2026/08/05 19:43:13.750, 1, 88.17 W, 100 %, 17599 MiB
2026/08/05 19:43:13.750, 2, 89.69 W, 100 %, 17599 MiB
2026/08/05 19:43:13.750, 3, 89.69 W, 100 %, 17599 MiB
2026/08/05 19:43:13.750, 4, 89.96 W, 100 %, 17599 MiB
2026/08/05 19:43:13.750, 5, 91.75 W, 100 %, 17599 MiB
2026/08/05 19:43:13.750, 6, 90.02 W, 100 %, 17599 MiB
2026/08/05 19:43:13.750, 7, 242.00 W, 83 %, 17607 MiB
2026/08/05 19:43:13.951, 0, 88.99 W, 100 %, 17529 MiB
2026/08/05 19:43:13.960, 1, 88.17 W, 100 %, 17599 MiB
2026/08/05 19:43:13.960, 2, 89.36 W, 100 %, 17599 MiB
2026/08/05 19:43:13.960, 3, 89.69 W, 100 %, 17599 MiB
2026/08/05 19:43:13.960, 4, 89.96 W, 100 %, 17599 MiB
2026/08/05 19:43:13.960, 5, 91.75 W, 100 %, 17599 MiB
2026/08/05 19:43:13.960, 6, 90.02 W, 100 %, 17599 MiB
2026/08/05 19:43:13.961, 7, 241.73 W, 76 %, 17607 MiB
2026/08/05 19:43:14.161, 0, 88.99 W, 100 %, 17529 MiB
2026/08/05 19:43:14.161, 1, 88.17 W, 100 %, 17599 MiB
2026/08/05 19:43:14.161, 2, 89.36 W, 100 %, 17599 MiB
2026/08/05 19:43:14.161, 3, 89.69 W, 100 %, 17599 MiB
2026/08/05 19:43:14.162, 4, 89.96 W, 100 %, 17599 MiB
2026/08/05 19:43:14.162, 5, 91.75 W, 100 %, 17599 MiB
2026/08/05 19:43:14.162, 6, 90.02 W, 100 %, 17599 MiB
2026/08/05 19:43:14.162, 7, 241.73 W, 76 %, 17607 MiB
2026/08/05 19:43:14.362, 0, 88.38 W, 100 %, 17529 MiB
2026/08/05 19:43:14.362, 1, 88.17 W, 100 %, 17599 MiB
2026/08/05 19:43:14.362, 2, 89.36 W, 100 %, 17599 MiB
2026/08/05 19:43:14.362, 3, 89.69 W, 100 %, 17599 MiB
2026/08/05 19:43:14.362, 4, 89.96 W, 100 %, 17599 MiB
2026/08/05 19:43:14.362, 5, 91.75 W, 100 %, 17599 MiB
2026/08/05 19:43:14.363, 6, 90.02 W, 100 %, 17599 MiB
2026/08/05 19:43:14.363, 7, 241.48 W, 77 %, 17607 MiB
2026/08/05 19:43:14.563, 0, 88.99 W, 100 %, 17529 MiB
2026/08/05 19:43:14.563, 1, 88.17 W, 100 %, 17599 MiB
2026/08/05 19:43:14.563, 2, 89.36 W, 100 %, 17599 MiB
2026/08/05 19:43:14.563, 3, 89.69 W, 100 %, 17599 MiB
2026/08/05 19:43:14.563, 4, 90.06 W, 100 %, 17599 MiB
2026/08/05 19:43:14.563, 5, 91.42 W, 100 %, 17599 MiB
2026/08/05 19:43:14.563, 6, 90.02 W, 100 %, 17599 MiB
2026/08/05 19:43:14.563, 7, 241.15 W, 76 %, 17607 MiB
2026/08/05 19:43:14.764, 0, 88.99 W, 100 %, 17529 MiB
2026/08/05 19:43:14.764, 1, 88.17 W, 100 %, 17599 MiB
2026/08/05 19:43:14.764, 2, 89.36 W, 100 %, 17599 MiB
2026/08/05 19:43:14.764, 3, 89.96 W, 100 %, 17599 MiB
2026/08/05 19:43:14.764, 4, 89.96 W, 100 %, 17599 MiB
2026/08/05 19:43:14.765, 5, 91.75 W, 100 %, 17599 MiB
2026/08/05 19:43:14.765, 6, 90.02 W, 100 %, 17599 MiB
2026/08/05 19:43:14.765, 7, 243.29 W, 77 %, 17607 MiB
2026/08/05 19:43:14.965, 0, 88.99 W, 100 %, 17529 MiB
2026/08/05 19:43:14.965, 1, 88.17 W, 100 %, 17599 MiB
2026/08/05 19:43:14.965, 2, 89.36 W, 100 %, 17599 MiB
2026/08/05 19:43:14.965, 3, 89.69 W, 100 %, 17599 MiB
2026/08/05 19:43:14.965, 4, 89.96 W, 100 %, 17599 MiB
2026/08/05 19:43:14.965, 5, 91.75 W, 100 %, 17599 MiB
2026/08/05 19:43:14.965, 6, 90.02 W, 100 %, 17599 MiB
2026/08/05 19:43:14.965, 7, 242.08 W, 76 %, 17607 MiB
2026/08/05 19:43:15.166, 0, 88.99 W, 100 %, 17529 MiB
2026/08/05 19:43:15.166, 1, 88.17 W, 100 %, 17599 MiB
2026/08/05 19:43:15.166, 2, 89.36 W, 100 %, 17599 MiB
2026/08/05 19:43:15.166, 3, 89.96 W, 100 %, 17599 MiB
2026/08/05 19:43:15.166, 4, 89.96 W, 100 %, 17599 MiB
2026/08/05 19:43:15.167, 5, 91.75 W, 100 %, 17599 MiB
2026/08/05 19:43:15.167, 6, 90.02 W, 100 %, 17599 MiB
2026/08/05 19:43:15.168, 7, 243.02 W, 77 %, 17607 MiB
2026/08/05 19:43:15.368, 0, 88.99 W, 100 %, 17529 MiB
2026/08/05 19:43:15.368, 1, 88.17 W, 100 %, 17599 MiB
2026/08/05 19:43:15.368, 2, 89.69 W, 100 %, 17599 MiB
2026/08/05 19:43:15.368, 3, 89.69 W, 100 %, 17599 MiB
2026/08/05 19:43:15.368, 4, 89.96 W, 100 %, 17599 MiB
2026/08/05 19:43:15.368, 5, 91.75 W, 100 %, 17599 MiB
2026/08/05 19:43:15.368, 6, 90.02 W, 100 %, 17599 MiB
2026/08/05 19:43:15.368, 7, 242.00 W, 77 %, 17607 MiB
2026/08/05 19:43:15.568, 0, 88.99 W, 100 %, 17529 MiB
2026/08/05 19:43:15.569, 1, 88.17 W, 100 %, 17599 MiB
2026/08/05 19:43:15.569, 2, 89.36 W, 100 %, 17599 MiB
2026/08/05 19:43:15.569, 3, 89.69 W, 100 %, 17599 MiB
2026/08/05 19:43:15.569, 4, 90.06 W, 100 %, 17599 MiB
2026/08/05 19:43:15.569, 5, 91.75 W, 100 %, 17599 MiB
2026/08/05 19:43:15.569, 6, 90.02 W, 100 %, 17599 MiB
2026/08/05 19:43:15.569, 7, 244.80 W, 71 %, 17835 MiB
2026/08/05 19:43:15.769, 0, 88.99 W, 100 %, 17529 MiB
2026/08/05 19:43:15.771, 1, 88.17 W, 100 %, 17599 MiB
2026/08/05 19:43:15.771, 2, 89.36 W, 100 %, 17599 MiB
2026/08/05 19:43:15.771, 3, 89.69 W, 100 %, 17599 MiB
2026/08/05 19:43:15.774, 4, 89.96 W, 100 %, 17599 MiB
2026/08/05 19:43:15.776, 5, 91.75 W, 100 %, 17599 MiB
2026/08/05 19:43:15.776, 6, 230.25 W, 82 %, 17599 MiB
2026/08/05 19:43:15.776, 7, 96.79 W, 99 %, 17835 MiB
2026/08/05 19:43:15.976, 0, 88.99 W, 100 %, 17529 MiB
2026/08/05 19:43:15.976, 1, 88.17 W, 100 %, 17599 MiB
2026/08/05 19:43:15.976, 2, 89.36 W, 100 %, 17599 MiB
2026/08/05 19:43:15.976, 3, 89.69 W, 100 %, 17599 MiB
2026/08/05 19:43:15.976, 4, 90.06 W, 100 %, 17599 MiB
2026/08/05 19:43:15.976, 5, 91.75 W, 100 %, 17599 MiB
2026/08/05 19:43:15.976, 6, 230.86 W, 77 %, 17599 MiB
2026/08/05 19:43:15.976, 7, 96.18 W, 100 %, 17835 MiB
2026/08/05 19:43:16.176, 0, 88.99 W, 100 %, 17529 MiB
2026/08/05 19:43:16.178, 1, 88.17 W, 100 %, 17599 MiB
2026/08/05 19:43:16.178, 2, 89.36 W, 100 %, 17599 MiB
2026/08/05 19:43:16.178, 3, 89.96 W, 100 %, 17599 MiB
2026/08/05 19:43:16.178, 4, 90.06 W, 100 %, 17599 MiB
2026/08/05 19:43:16.178, 5, 91.75 W, 100 %, 17599 MiB
2026/08/05 19:43:16.178, 6, 230.86 W, 77 %, 17599 MiB
2026/08/05 19:43:16.178, 7, 96.18 W, 100 %, 17835 MiB
2026/08/05 19:43:16.378, 0, 88.99 W, 100 %, 17529 MiB
2026/08/05 19:43:16.379, 1, 88.17 W, 100 %, 17599 MiB
2026/08/05 19:43:16.379, 2, 89.36 W, 100 %, 17599 MiB
2026/08/05 19:43:16.379, 3, 89.96 W, 100 %, 17599 MiB
2026/08/05 19:43:16.379, 4, 89.96 W, 100 %, 17599 MiB
2026/08/05 19:43:16.379, 5, 91.75 W, 100 %, 17599 MiB
2026/08/05 19:43:16.379, 6, 233.01 W, 77 %, 17599 MiB
2026/08/05 19:43:16.379, 7, 95.86 W, 100 %, 17835 MiB
2026/08/05 19:43:16.579, 0, 88.99 W, 100 %, 17529 MiB
2026/08/05 19:43:16.579, 1, 88.17 W, 100 %, 17599 MiB
2026/08/05 19:43:16.579, 2, 89.69 W, 100 %, 17599 MiB
2026/08/05 19:43:16.580, 3, 89.96 W, 100 %, 17599 MiB
2026/08/05 19:43:16.580, 4, 89.96 W, 100 %, 17599 MiB
2026/08/05 19:43:16.580, 5, 91.75 W, 100 %, 17599 MiB
2026/08/05 19:43:16.580, 6, 231.80 W, 77 %, 17599 MiB
2026/08/05 19:43:16.580, 7, 95.58 W, 100 %, 17835 MiB
2026/08/05 19:43:16.780, 0, 88.99 W, 100 %, 17529 MiB
2026/08/05 19:43:16.781, 1, 88.17 W, 100 %, 17599 MiB
2026/08/05 19:43:16.782, 2, 89.36 W, 100 %, 17599 MiB
2026/08/05 19:43:16.782, 3, 89.69 W, 100 %, 17599 MiB
2026/08/05 19:43:16.783, 4, 89.96 W, 100 %, 17599 MiB
2026/08/05 19:43:16.783, 5, 91.75 W, 100 %, 17599 MiB
2026/08/05 19:43:16.783, 6, 234.55 W, 77 %, 17599 MiB
2026/08/05 19:43:16.784, 7, 95.58 W, 100 %, 17835 MiB
2026/08/05 19:43:16.984, 0, 88.99 W, 100 %, 17529 MiB
2026/08/05 19:43:16.984, 1, 88.17 W, 100 %, 17599 MiB
2026/08/05 19:43:16.984, 2, 89.69 W, 100 %, 17599 MiB
2026/08/05 19:43:16.984, 3, 89.96 W, 100 %, 17599 MiB
2026/08/05 19:43:16.984, 4, 89.96 W, 100 %, 17599 MiB
2026/08/05 19:43:16.984, 5, 91.75 W, 100 %, 17599 MiB
2026/08/05 19:43:16.984, 6, 236.71 W, 77 %, 17599 MiB
2026/08/05 19:43:16.984, 7, 95.58 W, 100 %, 17835 MiB
2026/08/05 19:43:17.185, 0, 88.99 W, 100 %, 17529 MiB
2026/08/05 19:43:17.185, 1, 88.17 W, 100 %, 17599 MiB
2026/08/05 19:43:17.185, 2, 89.69 W, 100 %, 17599 MiB
2026/08/05 19:43:17.185, 3, 89.69 W, 100 %, 17599 MiB
2026/08/05 19:43:17.185, 4, 89.96 W, 100 %, 17599 MiB
2026/08/05 19:43:17.185, 5, 91.75 W, 100 %, 17599 MiB
2026/08/05 19:43:17.185, 6, 237.31 W, 77 %, 17599 MiB
2026/08/05 19:43:17.185, 7, 95.58 W, 100 %, 17835 MiB
2026/08/05 19:43:17.385, 0, 88.99 W, 100 %, 17529 MiB
2026/08/05 19:43:17.387, 1, 88.17 W, 100 %, 17599 MiB
2026/08/05 19:43:17.387, 2, 89.36 W, 100 %, 17599 MiB
2026/08/05 19:43:17.389, 3, 89.69 W, 100 %, 17599 MiB
2026/08/05 19:43:17.390, 4, 89.96 W, 100 %, 17599 MiB
2026/08/05 19:43:17.390, 5, 91.75 W, 100 %, 17599 MiB
2026/08/05 19:43:17.390, 6, 234.22 W, 77 %, 17599 MiB
2026/08/05 19:43:17.391, 7, 95.25 W, 100 %, 17835 MiB
2026/08/05 19:43:17.591, 0, 88.99 W, 100 %, 17529 MiB
2026/08/05 19:43:17.591, 1, 88.17 W, 100 %, 17599 MiB
2026/08/05 19:43:17.591, 2, 89.69 W, 100 %, 17599 MiB
2026/08/05 19:43:17.591, 3, 89.96 W, 100 %, 17599 MiB
2026/08/05 19:43:17.591, 4, 89.96 W, 100 %, 17599 MiB
2026/08/05 19:43:17.591, 5, 91.75 W, 100 %, 17599 MiB
2026/08/05 19:43:17.591, 6, 161.93 W, 77 %, 17827 MiB
2026/08/05 19:43:17.592, 7, 95.25 W, 100 %, 17835 MiB
2026/08/05 19:43:17.792, 0, 88.99 W, 100 %, 17529 MiB
2026/08/05 19:43:17.793, 1, 88.08 W, 100 %, 17599 MiB
2026/08/05 19:43:17.794, 2, 89.69 W, 100 %, 17599 MiB
2026/08/05 19:43:17.795, 3, 89.69 W, 100 %, 17599 MiB
2026/08/05 19:43:17.795, 4, 89.96 W, 100 %, 17599 MiB
2026/08/05 19:43:17.796, 5, 235.03 W, 94 %, 17599 MiB
2026/08/05 19:43:17.796, 6, 103.87 W, 73 %, 17827 MiB
2026/08/05 19:43:17.796, 7, 97.72 W, 100 %, 17835 MiB
2026/08/05 19:43:17.996, 0, 88.99 W, 100 %, 17529 MiB
2026/08/05 19:43:18.001, 1, 88.17 W, 100 %, 17599 MiB
2026/08/05 19:43:18.003, 2, 89.69 W, 100 %, 17599 MiB
2026/08/05 19:43:18.003, 3, 89.69 W, 100 %, 17599 MiB
2026/08/05 19:43:18.003, 4, 89.96 W, 100 %, 17599 MiB
2026/08/05 19:43:18.003, 5, 237.43 W, 77 %, 17599 MiB
2026/08/05 19:43:18.003, 6, 92.18 W, 99 %, 17827 MiB
2026/08/05 19:43:18.003, 7, 95.25 W, 94 %, 17835 MiB
2026/08/05 19:43:18.204, 0, 88.99 W, 100 %, 17529 MiB
2026/08/05 19:43:18.204, 1, 88.17 W, 100 %, 17599 MiB
2026/08/05 19:43:18.204, 2, 89.69 W, 100 %, 17599 MiB
2026/08/05 19:43:18.204, 3, 89.96 W, 100 %, 17599 MiB
2026/08/05 19:43:18.204, 4, 89.96 W, 100 %, 17599 MiB
2026/08/05 19:43:18.204, 5, 239.25 W, 77 %, 17599 MiB
2026/08/05 19:43:18.204, 6, 91.85 W, 100 %, 17827 MiB
2026/08/05 19:43:18.205, 7, 95.25 W, 100 %, 17835 MiB
2026/08/05 19:43:18.405, 0, 88.38 W, 100 %, 17529 MiB
2026/08/05 19:43:18.405, 1, 88.17 W, 100 %, 17599 MiB
2026/08/05 19:43:18.405, 2, 89.36 W, 100 %, 17599 MiB
2026/08/05 19:43:18.405, 3, 89.69 W, 100 %, 17599 MiB
2026/08/05 19:43:18.405, 4, 89.96 W, 100 %, 17599 MiB
2026/08/05 19:43:18.406, 5, 236.49 W, 77 %, 17599 MiB
2026/08/05 19:43:18.406, 6, 90.96 W, 100 %, 17827 MiB
2026/08/05 19:43:18.406, 7, 95.25 W, 100 %, 17835 MiB
2026/08/05 19:43:18.607, 0, 88.99 W, 100 %, 17529 MiB
2026/08/05 19:43:18.607, 1, 88.17 W, 100 %, 17599 MiB
2026/08/05 19:43:18.607, 2, 89.69 W, 100 %, 17599 MiB
2026/08/05 19:43:18.607, 3, 89.96 W, 100 %, 17599 MiB
2026/08/05 19:43:18.607, 4, 89.96 W, 100 %, 17599 MiB
2026/08/05 19:43:18.607, 5, 237.71 W, 77 %, 17599 MiB
2026/08/05 19:43:18.607, 6, 90.63 W, 100 %, 17827 MiB
2026/08/05 19:43:18.607, 7, 95.25 W, 100 %, 17835 MiB
2026/08/05 19:43:18.807, 0, 88.99 W, 100 %, 17529 MiB
2026/08/05 19:43:18.808, 1, 88.17 W, 100 %, 17599 MiB
2026/08/05 19:43:18.808, 2, 89.69 W, 100 %, 17599 MiB
2026/08/05 19:43:18.808, 3, 89.69 W, 100 %, 17599 MiB
2026/08/05 19:43:18.808, 4, 89.96 W, 100 %, 17599 MiB
2026/08/05 19:43:18.808, 5, 240.20 W, 77 %, 17599 MiB
2026/08/05 19:43:18.808, 6, 90.63 W, 100 %, 17827 MiB
2026/08/05 19:43:18.808, 7, 95.25 W, 100 %, 17835 MiB
2026/08/05 19:43:19.008, 0, 88.99 W, 100 %, 17529 MiB
2026/08/05 19:43:19.008, 1, 88.17 W, 100 %, 17599 MiB
2026/08/05 19:43:19.009, 2, 89.36 W, 100 %, 17599 MiB
2026/08/05 19:43:19.009, 3, 89.69 W, 100 %, 17599 MiB
2026/08/05 19:43:19.009, 4, 89.96 W, 100 %, 17599 MiB
2026/08/05 19:43:19.009, 5, 237.79 W, 77 %, 17599 MiB
2026/08/05 19:43:19.009, 6, 90.63 W, 100 %, 17827 MiB
2026/08/05 19:43:19.009, 7, 95.25 W, 100 %, 17835 MiB
2026/08/05 19:43:19.209, 0, 88.99 W, 100 %, 17529 MiB
2026/08/05 19:43:19.209, 1, 88.17 W, 100 %, 17599 MiB
2026/08/05 19:43:19.209, 2, 89.36 W, 100 %, 17599 MiB
2026/08/05 19:43:19.209, 3, 89.69 W, 100 %, 17599 MiB
2026/08/05 19:43:19.210, 4, 89.96 W, 100 %, 17599 MiB
2026/08/05 19:43:19.210, 5, 238.32 W, 77 %, 17599 MiB
2026/08/05 19:43:19.210, 6, 90.54 W, 100 %, 17827 MiB
2026/08/05 19:43:19.210, 7, 94.97 W, 100 %, 17835 MiB
2026/08/05 19:43:19.410, 0, 88.99 W, 100 %, 17529 MiB
2026/08/05 19:43:19.427, 1, 88.17 W, 100 %, 17599 MiB
2026/08/05 19:43:19.427, 2, 89.36 W, 100 %, 17599 MiB
2026/08/05 19:43:19.427, 3, 89.96 W, 100 %, 17599 MiB
2026/08/05 19:43:19.427, 4, 89.96 W, 100 %, 17599 MiB
2026/08/05 19:43:19.427, 5, 238.65 W, 77 %, 17599 MiB
2026/08/05 19:43:19.427, 6, 90.63 W, 100 %, 17827 MiB
2026/08/05 19:43:19.427, 7, 95.25 W, 100 %, 17835 MiB
2026/08/05 19:43:19.627, 0, 88.99 W, 100 %, 17529 MiB
2026/08/05 19:43:19.628, 1, 88.08 W, 100 %, 17599 MiB
2026/08/05 19:43:19.628, 2, 89.36 W, 100 %, 17599 MiB
2026/08/05 19:43:19.628, 3, 89.69 W, 100 %, 17599 MiB
2026/08/05 19:43:19.628, 4, 89.96 W, 100 %, 17599 MiB
2026/08/05 19:43:19.628, 5, 238.32 W, 77 %, 17827 MiB
2026/08/05 19:43:19.628, 6, 90.63 W, 100 %, 17827 MiB
2026/08/05 19:43:19.628, 7, 94.97 W, 100 %, 17835 MiB
2026/08/05 19:43:19.828, 0, 88.99 W, 100 %, 17529 MiB
2026/08/05 19:43:19.828, 1, 88.17 W, 100 %, 17599 MiB
2026/08/05 19:43:19.828, 2, 89.36 W, 100 %, 17599 MiB
2026/08/05 19:43:19.828, 3, 89.69 W, 100 %, 17599 MiB
2026/08/05 19:43:19.828, 4, 89.96 W, 80 %, 17599 MiB
2026/08/05 19:43:19.829, 5, 202.71 W, 77 %, 17827 MiB
2026/08/05 19:43:19.829, 6, 91.75 W, 100 %, 17827 MiB
2026/08/05 19:43:19.829, 7, 95.15 W, 100 %, 17835 MiB
2026/08/05 19:43:20.029, 0, 88.99 W, 100 %, 17529 MiB
2026/08/05 19:43:20.029, 1, 88.17 W, 100 %, 17599 MiB
2026/08/05 19:43:20.029, 2, 89.36 W, 100 %, 17599 MiB
2026/08/05 19:43:20.029, 3, 89.69 W, 100 %, 17599 MiB
2026/08/05 19:43:20.029, 4, 236.40 W, 77 %, 17599 MiB
2026/08/05 19:43:20.030, 5, 93.31 W, 84 %, 17827 MiB
2026/08/05 19:43:20.030, 6, 90.36 W, 94 %, 17827 MiB
2026/08/05 19:43:20.030, 7, 94.97 W, 100 %, 17835 MiB
2026/08/05 19:43:20.230, 0, 88.99 W, 100 %, 17529 MiB
2026/08/05 19:43:20.230, 1, 88.17 W, 100 %, 17599 MiB
2026/08/05 19:43:20.230, 2, 89.36 W, 100 %, 17599 MiB
2026/08/05 19:43:20.231, 3, 89.69 W, 100 %, 17599 MiB
2026/08/05 19:43:20.231, 4, 238.28 W, 77 %, 17599 MiB
2026/08/05 19:43:20.231, 5, 92.97 W, 100 %, 17827 MiB
2026/08/05 19:43:20.231, 6, 90.63 W, 100 %, 17827 MiB
2026/08/05 19:43:20.231, 7, 94.97 W, 100 %, 17835 MiB
2026/08/05 19:43:20.431, 0, 88.99 W, 100 %, 17529 MiB
2026/08/05 19:43:20.432, 1, 88.17 W, 100 %, 17599 MiB
2026/08/05 19:43:20.434, 2, 89.36 W, 100 %, 17599 MiB
2026/08/05 19:43:20.434, 3, 89.69 W, 100 %, 17599 MiB
2026/08/05 19:43:20.435, 4, 237.01 W, 77 %, 17599 MiB
2026/08/05 19:43:20.436, 5, 92.69 W, 100 %, 17827 MiB
2026/08/05 19:43:20.436, 6, 90.36 W, 100 %, 17827 MiB
2026/08/05 19:43:20.436, 7, 94.97 W, 100 %, 17835 MiB
2026/08/05 19:43:20.636, 0, 88.99 W, 100 %, 17529 MiB
2026/08/05 19:43:20.636, 1, 88.17 W, 100 %, 17599 MiB
2026/08/05 19:43:20.636, 2, 89.36 W, 100 %, 17599 MiB
2026/08/05 19:43:20.637, 3, 89.69 W, 100 %, 17599 MiB
2026/08/05 19:43:20.637, 4, 238.28 W, 77 %, 17599 MiB
2026/08/05 19:43:20.637, 5, 92.36 W, 100 %, 17827 MiB
2026/08/05 19:43:20.637, 6, 90.36 W, 100 %, 17827 MiB
2026/08/05 19:43:20.637, 7, 94.97 W, 100 %, 17835 MiB
2026/08/05 19:43:20.837, 0, 88.99 W, 100 %, 17529 MiB
2026/08/05 19:43:20.837, 1, 88.17 W, 100 %, 17599 MiB
2026/08/05 19:43:20.837, 2, 89.36 W, 100 %, 17599 MiB
2026/08/05 19:43:20.837, 3, 89.69 W, 100 %, 17599 MiB
2026/08/05 19:43:20.838, 4, 237.95 W, 77 %, 17599 MiB
2026/08/05 19:43:20.838, 5, 92.36 W, 100 %, 17827 MiB
2026/08/05 19:43:20.838, 6, 90.36 W, 100 %, 17827 MiB
2026/08/05 19:43:20.838, 7, 94.97 W, 100 %, 17835 MiB
2026/08/05 19:43:21.038, 0, 88.99 W, 100 %, 17529 MiB
2026/08/05 19:43:21.054, 1, 88.17 W, 100 %, 17599 MiB
2026/08/05 19:43:21.054, 2, 89.36 W, 100 %, 17599 MiB
2026/08/05 19:43:21.054, 3, 89.69 W, 100 %, 17599 MiB
2026/08/05 19:43:21.054, 4, 236.40 W, 77 %, 17599 MiB
2026/08/05 19:43:21.055, 5, 92.36 W, 100 %, 17827 MiB
2026/08/05 19:43:21.055, 6, 90.36 W, 100 %, 17827 MiB
2026/08/05 19:43:21.055, 7, 94.97 W, 100 %, 17835 MiB
2026/08/05 19:43:21.255, 0, 88.99 W, 100 %, 17529 MiB
2026/08/05 19:43:21.257, 1, 88.17 W, 100 %, 17599 MiB
2026/08/05 19:43:21.257, 2, 89.36 W, 100 %, 17599 MiB
2026/08/05 19:43:21.258, 3, 89.69 W, 100 %, 17599 MiB
2026/08/05 19:43:21.258, 4, 236.73 W, 77 %, 17599 MiB
2026/08/05 19:43:21.258, 5, 92.36 W, 100 %, 17827 MiB
2026/08/05 19:43:21.258, 6, 90.36 W, 100 %, 17827 MiB
2026/08/05 19:43:21.258, 7, 94.97 W, 100 %, 17835 MiB
2026/08/05 19:43:21.458, 0, 88.99 W, 100 %, 17529 MiB
2026/08/05 19:43:21.459, 1, 88.17 W, 100 %, 17599 MiB
2026/08/05 19:43:21.459, 2, 89.36 W, 100 %, 17599 MiB
2026/08/05 19:43:21.459, 3, 89.69 W, 100 %, 17599 MiB
2026/08/05 19:43:21.459, 4, 234.24 W, 77 %, 17599 MiB
2026/08/05 19:43:21.459, 5, 92.03 W, 100 %, 17827 MiB
2026/08/05 19:43:21.459, 6, 90.36 W, 100 %, 17827 MiB
2026/08/05 19:43:21.459, 7, 94.97 W, 100 %, 17835 MiB
2026/08/05 19:43:21.659, 0, 88.99 W, 100 %, 17529 MiB
2026/08/05 19:43:21.659, 1, 88.08 W, 100 %, 17599 MiB
2026/08/05 19:43:21.660, 2, 89.36 W, 100 %, 17599 MiB
2026/08/05 19:43:21.660, 3, 89.69 W, 100 %, 17599 MiB
2026/08/05 19:43:21.661, 4, 237.95 W, 77 %, 17607 MiB
2026/08/05 19:43:21.662, 5, 92.03 W, 100 %, 17827 MiB
2026/08/05 19:43:21.662, 6, 90.36 W, 100 %, 17827 MiB
2026/08/05 19:43:21.662, 7, 94.97 W, 100 %, 17835 MiB
2026/08/05 19:43:21.862, 0, 88.99 W, 100 %, 17529 MiB
2026/08/05 19:43:21.862, 1, 88.08 W, 100 %, 17599 MiB
2026/08/05 19:43:21.862, 2, 89.36 W, 100 %, 17599 MiB
2026/08/05 19:43:21.862, 3, 233.39 W, 81 %, 17599 MiB
2026/08/05 19:43:21.862, 4, 93.50 W, 73 %, 17827 MiB
2026/08/05 19:43:21.862, 5, 92.03 W, 94 %, 17827 MiB
2026/08/05 19:43:21.862, 6, 90.36 W, 100 %, 17827 MiB
2026/08/05 19:43:21.863, 7, 94.97 W, 100 %, 17835 MiB
2026/08/05 19:43:22.063, 0, 88.38 W, 100 %, 17529 MiB
2026/08/05 19:43:22.063, 1, 88.08 W, 100 %, 17599 MiB
2026/08/05 19:43:22.063, 2, 89.36 W, 100 %, 17599 MiB
2026/08/05 19:43:22.063, 3, 234.94 W, 76 %, 17599 MiB
2026/08/05 19:43:22.063, 4, 91.61 W, 100 %, 17827 MiB
2026/08/05 19:43:22.063, 5, 92.13 W, 100 %, 17827 MiB
2026/08/05 19:43:22.063, 6, 90.36 W, 100 %, 17827 MiB
2026/08/05 19:43:22.063, 7, 94.97 W, 100 %, 17835 MiB
2026/08/05 19:43:22.263, 0, 88.99 W, 100 %, 17529 MiB
2026/08/05 19:43:22.264, 1, 88.08 W, 100 %, 17599 MiB
2026/08/05 19:43:22.264, 2, 89.36 W, 100 %, 17599 MiB
2026/08/05 19:43:22.264, 3, 237.10 W, 76 %, 17599 MiB
2026/08/05 19:43:22.264, 4, 90.91 W, 100 %, 17827 MiB
2026/08/05 19:43:22.264, 5, 92.03 W, 100 %, 17827 MiB
2026/08/05 19:43:22.265, 6, 90.36 W, 100 %, 17827 MiB
2026/08/05 19:43:22.265, 7, 94.97 W, 100 %, 17835 MiB
2026/08/05 19:43:22.465, 0, 88.99 W, 100 %, 17529 MiB
2026/08/05 19:43:22.465, 1, 88.08 W, 100 %, 17599 MiB
2026/08/05 19:43:22.465, 2, 89.36 W, 100 %, 17599 MiB
2026/08/05 19:43:22.465, 3, 236.76 W, 76 %, 17599 MiB
2026/08/05 19:43:22.465, 4, 91.00 W, 100 %, 17827 MiB
2026/08/05 19:43:22.465, 5, 92.03 W, 100 %, 17827 MiB
2026/08/05 19:43:22.465, 6, 90.36 W, 100 %, 17827 MiB
2026/08/05 19:43:22.466, 7, 94.97 W, 100 %, 17835 MiB
2026/08/05 19:43:22.666, 0, 88.99 W, 100 %, 17529 MiB
2026/08/05 19:43:22.666, 1, 88.08 W, 100 %, 17599 MiB
2026/08/05 19:43:22.666, 2, 89.36 W, 100 %, 17599 MiB
2026/08/05 19:43:22.666, 3, 238.93 W, 76 %, 17599 MiB
2026/08/05 19:43:22.666, 4, 90.72 W, 100 %, 17827 MiB
2026/08/05 19:43:22.666, 5, 92.03 W, 100 %, 17827 MiB
2026/08/05 19:43:22.666, 6, 90.36 W, 100 %, 17827 MiB
2026/08/05 19:43:22.666, 7, 94.97 W, 100 %, 17835 MiB
2026/08/05 19:43:22.867, 0, 88.99 W, 100 %, 17529 MiB
2026/08/05 19:43:22.867, 1, 88.08 W, 100 %, 17599 MiB
2026/08/05 19:43:22.867, 2, 89.36 W, 100 %, 17599 MiB
2026/08/05 19:43:22.867, 3, 234.00 W, 76 %, 17599 MiB
2026/08/05 19:43:22.867, 4, 90.72 W, 100 %, 17827 MiB
2026/08/05 19:43:22.867, 5, 92.03 W, 100 %, 17827 MiB
2026/08/05 19:43:22.867, 6, 90.36 W, 100 %, 17827 MiB
2026/08/05 19:43:22.867, 7, 94.97 W, 100 %, 17835 MiB
2026/08/05 19:43:23.067, 0, 88.99 W, 100 %, 17529 MiB
2026/08/05 19:43:23.068, 1, 88.08 W, 100 %, 17599 MiB
2026/08/05 19:43:23.068, 2, 89.36 W, 100 %, 17599 MiB
2026/08/05 19:43:23.068, 3, 235.88 W, 76 %, 17599 MiB
2026/08/05 19:43:23.068, 4, 90.72 W, 100 %, 17827 MiB
2026/08/05 19:43:23.068, 5, 92.13 W, 100 %, 17827 MiB
2026/08/05 19:43:23.068, 6, 90.02 W, 100 %, 17827 MiB
2026/08/05 19:43:23.068, 7, 94.97 W, 100 %, 17835 MiB
2026/08/05 19:43:23.268, 0, 88.99 W, 100 %, 17529 MiB
2026/08/05 19:43:23.268, 1, 88.08 W, 100 %, 17599 MiB
2026/08/05 19:43:23.269, 2, 89.36 W, 100 %, 17599 MiB
2026/08/05 19:43:23.269, 3, 237.43 W, 76 %, 17599 MiB
2026/08/05 19:43:23.269, 4, 90.72 W, 100 %, 17827 MiB
2026/08/05 19:43:23.269, 5, 91.84 W, 100 %, 17827 MiB
2026/08/05 19:43:23.269, 6, 90.36 W, 100 %, 17827 MiB
2026/08/05 19:43:23.269, 7, 94.97 W, 100 %, 17835 MiB
2026/08/05 19:43:23.469, 0, 88.99 W, 100 %, 17529 MiB
2026/08/05 19:43:23.469, 1, 88.08 W, 100 %, 17599 MiB
2026/08/05 19:43:23.469, 2, 89.36 W, 100 %, 17599 MiB
2026/08/05 19:43:23.469, 3, 238.04 W, 76 %, 17599 MiB
2026/08/05 19:43:23.469, 4, 90.39 W, 100 %, 17827 MiB
2026/08/05 19:43:23.469, 5, 91.75 W, 100 %, 17827 MiB
2026/08/05 19:43:23.470, 6, 90.02 W, 100 %, 17827 MiB
2026/08/05 19:43:23.470, 7, 94.97 W, 100 %, 17835 MiB
2026/08/05 19:43:23.670, 0, 88.99 W, 100 %, 17529 MiB
2026/08/05 19:43:23.670, 1, 88.08 W, 100 %, 17599 MiB
2026/08/05 19:43:23.670, 2, 89.36 W, 100 %, 17599 MiB
2026/08/05 19:43:23.670, 3, 236.76 W, 76 %, 17599 MiB
2026/08/05 19:43:23.670, 4, 90.39 W, 100 %, 17827 MiB
2026/08/05 19:43:23.670, 5, 91.84 W, 100 %, 17827 MiB
2026/08/05 19:43:23.670, 6, 90.36 W, 100 %, 17827 MiB
2026/08/05 19:43:23.670, 7, 94.97 W, 100 %, 17835 MiB
2026/08/05 19:43:23.871, 0, 88.99 W, 100 %, 17529 MiB
2026/08/05 19:43:23.871, 1, 87.88 W, 100 %, 17599 MiB
2026/08/05 19:43:23.871, 2, 230.35 W, 87 %, 17599 MiB
2026/08/05 19:43:23.871, 3, 193.68 W, 76 %, 17827 MiB
2026/08/05 19:43:23.872, 4, 90.39 W, 100 %, 17827 MiB
2026/08/05 19:43:23.872, 5, 91.84 W, 100 %, 17827 MiB
2026/08/05 19:43:23.872, 6, 90.02 W, 100 %, 17827 MiB
2026/08/05 19:43:23.872, 7, 94.97 W, 100 %, 17835 MiB
2026/08/05 19:43:24.072, 0, 88.38 W, 100 %, 17529 MiB
2026/08/05 19:43:24.073, 1, 88.08 W, 100 %, 17599 MiB
2026/08/05 19:43:24.073, 2, 231.23 W, 76 %, 17599 MiB
2026/08/05 19:43:24.073, 3, 90.91 W, 70 %, 17827 MiB
2026/08/05 19:43:24.073, 4, 90.39 W, 94 %, 17827 MiB
2026/08/05 19:43:24.073, 5, 91.84 W, 100 %, 17827 MiB
2026/08/05 19:43:24.073, 6, 90.36 W, 100 %, 17827 MiB
2026/08/05 19:43:24.073, 7, 94.97 W, 100 %, 17835 MiB
2026/08/05 19:43:24.274, 0, 88.99 W, 100 %, 17529 MiB
2026/08/05 19:43:24.274, 1, 88.08 W, 100 %, 17599 MiB
2026/08/05 19:43:24.274, 2, 232.51 W, 76 %, 17599 MiB
2026/08/05 19:43:24.274, 3, 90.63 W, 99 %, 17827 MiB
2026/08/05 19:43:24.274, 4, 90.39 W, 100 %, 17827 MiB
2026/08/05 19:43:24.274, 5, 91.84 W, 100 %, 17827 MiB
2026/08/05 19:43:24.274, 6, 90.02 W, 100 %, 17827 MiB
2026/08/05 19:43:24.274, 7, 94.97 W, 100 %, 17835 MiB
2026/08/05 19:43:24.475, 0, 88.99 W, 100 %, 17529 MiB
2026/08/05 19:43:24.475, 1, 88.08 W, 100 %, 17599 MiB
2026/08/05 19:43:24.475, 2, 236.16 W, 76 %, 17599 MiB
2026/08/05 19:43:24.475, 3, 90.63 W, 100 %, 17827 MiB
2026/08/05 19:43:24.476, 4, 90.39 W, 100 %, 17827 MiB
2026/08/05 19:43:24.476, 5, 91.75 W, 100 %, 17827 MiB
2026/08/05 19:43:24.476, 6, 90.02 W, 100 %, 17827 MiB
2026/08/05 19:43:24.476, 7, 94.97 W, 100 %, 17835 MiB
2026/08/05 19:43:24.676, 0, 88.99 W, 100 %, 17529 MiB
2026/08/05 19:43:24.676, 1, 87.79 W, 100 %, 17599 MiB
2026/08/05 19:43:24.677, 2, 237.43 W, 76 %, 17599 MiB
2026/08/05 19:43:24.677, 3, 90.29 W, 100 %, 17827 MiB
2026/08/05 19:43:24.677, 4, 90.39 W, 100 %, 17827 MiB
2026/08/05 19:43:24.677, 5, 91.84 W, 100 %, 17827 MiB
2026/08/05 19:43:24.677, 6, 90.02 W, 100 %, 17827 MiB
2026/08/05 19:43:24.677, 7, 94.64 W, 100 %, 17835 MiB
2026/08/05 19:43:24.877, 0, 88.99 W, 100 %, 17529 MiB
2026/08/05 19:43:24.878, 1, 88.17 W, 100 %, 17599 MiB
2026/08/05 19:43:24.878, 2, 234.67 W, 76 %, 17599 MiB
2026/08/05 19:43:24.878, 3, 90.29 W, 100 %, 17827 MiB
2026/08/05 19:43:24.878, 4, 90.39 W, 100 %, 17827 MiB
2026/08/05 19:43:24.878, 5, 91.84 W, 100 %, 17827 MiB
2026/08/05 19:43:24.878, 6, 90.02 W, 100 %, 17827 MiB
2026/08/05 19:43:24.878, 7, 94.97 W, 100 %, 17835 MiB
2026/08/05 19:43:25.078, 0, 88.99 W, 100 %, 17529 MiB
2026/08/05 19:43:25.085, 1, 87.88 W, 100 %, 17599 MiB
2026/08/05 19:43:25.085, 2, 238.32 W, 76 %, 17599 MiB
2026/08/05 19:43:25.085, 3, 90.29 W, 100 %, 17827 MiB
2026/08/05 19:43:25.085, 4, 90.39 W, 100 %, 17827 MiB
2026/08/05 19:43:25.085, 5, 91.84 W, 100 %, 17827 MiB
2026/08/05 19:43:25.085, 6, 90.02 W, 100 %, 17827 MiB
2026/08/05 19:43:25.085, 7, 94.64 W, 100 %, 17835 MiB
2026/08/05 19:43:25.285, 0, 88.99 W, 100 %, 17529 MiB
2026/08/05 19:43:25.285, 1, 87.79 W, 100 %, 17599 MiB
2026/08/05 19:43:25.285, 2, 231.85 W, 76 %, 17599 MiB
2026/08/05 19:43:25.285, 3, 90.29 W, 100 %, 17827 MiB
2026/08/05 19:43:25.285, 4, 90.39 W, 100 %, 17827 MiB
2026/08/05 19:43:25.285, 5, 91.75 W, 100 %, 17827 MiB
2026/08/05 19:43:25.285, 6, 90.02 W, 100 %, 17827 MiB
2026/08/05 19:43:25.285, 7, 94.64 W, 100 %, 17835 MiB
2026/08/05 19:43:25.486, 0, 88.05 W, 100 %, 17529 MiB
2026/08/05 19:43:25.486, 1, 87.79 W, 100 %, 17599 MiB
2026/08/05 19:43:25.486, 2, 234.34 W, 76 %, 17599 MiB
2026/08/05 19:43:25.486, 3, 90.29 W, 100 %, 17827 MiB
2026/08/05 19:43:25.486, 4, 90.39 W, 100 %, 17827 MiB
2026/08/05 19:43:25.486, 5, 91.84 W, 100 %, 17827 MiB
2026/08/05 19:43:25.486, 6, 90.02 W, 100 %, 17827 MiB
2026/08/05 19:43:25.486, 7, 94.97 W, 100 %, 17835 MiB
2026/08/05 19:43:25.686, 0, 88.99 W, 100 %, 17529 MiB
2026/08/05 19:43:25.687, 1, 87.79 W, 100 %, 17599 MiB
2026/08/05 19:43:25.688, 2, 239.58 W, 76 %, 17599 MiB
2026/08/05 19:43:25.689, 3, 90.29 W, 100 %, 17827 MiB
2026/08/05 19:43:25.689, 4, 90.39 W, 100 %, 17827 MiB
2026/08/05 19:43:25.689, 5, 91.84 W, 100 %, 17827 MiB
2026/08/05 19:43:25.689, 6, 90.02 W, 100 %, 17827 MiB
2026/08/05 19:43:25.689, 7, 94.97 W, 100 %, 17835 MiB
2026/08/05 19:43:25.889, 0, 88.65 W, 100 %, 17529 MiB
2026/08/05 19:43:25.890, 1, 87.79 W, 100 %, 17599 MiB
2026/08/05 19:43:25.890, 2, 145.77 W, 76 %, 17827 MiB
2026/08/05 19:43:25.890, 3, 89.96 W, 100 %, 17827 MiB
2026/08/05 19:43:25.890, 4, 90.39 W, 100 %, 17827 MiB
2026/08/05 19:43:25.890, 5, 91.75 W, 100 %, 17827 MiB
2026/08/05 19:43:25.890, 6, 90.02 W, 100 %, 17827 MiB
2026/08/05 19:43:25.890, 7, 94.64 W, 100 %, 17835 MiB
2026/08/05 19:43:26.090, 0, 88.99 W, 100 %, 17529 MiB
2026/08/05 19:43:26.090, 1, 166.04 W, 81 %, 17599 MiB
2026/08/05 19:43:26.091, 2, 100.76 W, 86 %, 17827 MiB
2026/08/05 19:43:26.091, 3, 96.95 W, 100 %, 17827 MiB
2026/08/05 19:43:26.091, 4, 90.29 W, 100 %, 17827 MiB
2026/08/05 19:43:26.091, 5, 91.84 W, 100 %, 17827 MiB
2026/08/05 19:43:26.091, 6, 89.93 W, 100 %, 17827 MiB
2026/08/05 19:43:26.091, 7, 94.64 W, 100 %, 17835 MiB
2026/08/05 19:43:26.291, 0, 88.05 W, 100 %, 17529 MiB
2026/08/05 19:43:26.291, 1, 225.41 W, 76 %, 17599 MiB
2026/08/05 19:43:26.291, 2, 91.24 W, 100 %, 17827 MiB
2026/08/05 19:43:26.291, 3, 89.96 W, 94 %, 17827 MiB
2026/08/05 19:43:26.291, 4, 90.39 W, 100 %, 17827 MiB
2026/08/05 19:43:26.291, 5, 91.75 W, 100 %, 17827 MiB
2026/08/05 19:43:26.291, 6, 90.02 W, 100 %, 17827 MiB
2026/08/05 19:43:26.291, 7, 94.64 W, 100 %, 17835 MiB
2026/08/05 19:43:26.492, 0, 88.05 W, 100 %, 17529 MiB
2026/08/05 19:43:26.502, 1, 232.18 W, 76 %, 17599 MiB
2026/08/05 19:43:26.502, 2, 91.24 W, 100 %, 17827 MiB
2026/08/05 19:43:26.502, 3, 89.96 W, 100 %, 17827 MiB
2026/08/05 19:43:26.502, 4, 90.39 W, 100 %, 17827 MiB
2026/08/05 19:43:26.502, 5, 91.84 W, 100 %, 17827 MiB
2026/08/05 19:43:26.502, 6, 90.02 W, 100 %, 17827 MiB
2026/08/05 19:43:26.502, 7, 94.64 W, 100 %, 17835 MiB
2026/08/05 19:43:26.702, 0, 88.99 W, 100 %, 17529 MiB
2026/08/05 19:43:26.702, 1, 229.12 W, 76 %, 17599 MiB
2026/08/05 19:43:26.702, 2, 90.29 W, 100 %, 17827 MiB
2026/08/05 19:43:26.703, 3, 89.96 W, 100 %, 17827 MiB
2026/08/05 19:43:26.703, 4, 90.06 W, 100 %, 17827 MiB
2026/08/05 19:43:26.703, 5, 91.75 W, 100 %, 17827 MiB
2026/08/05 19:43:26.703, 6, 90.02 W, 100 %, 17827 MiB
2026/08/05 19:43:26.703, 7, 94.64 W, 100 %, 17835 MiB
2026/08/05 19:43:26.903, 0, 88.05 W, 100 %, 17529 MiB
2026/08/05 19:43:26.903, 1, 230.01 W, 76 %, 17599 MiB
2026/08/05 19:43:26.903, 2, 90.29 W, 100 %, 17827 MiB
2026/08/05 19:43:26.903, 3, 89.96 W, 100 %, 17827 MiB
2026/08/05 19:43:26.903, 4, 90.39 W, 100 %, 17827 MiB
2026/08/05 19:43:26.903, 5, 91.84 W, 100 %, 17827 MiB
2026/08/05 19:43:26.903, 6, 90.02 W, 100 %, 17827 MiB
2026/08/05 19:43:26.903, 7, 94.64 W, 100 %, 17835 MiB
2026/08/05 19:43:27.104, 0, 88.99 W, 100 %, 17529 MiB
2026/08/05 19:43:27.104, 1, 229.74 W, 76 %, 17599 MiB
2026/08/05 19:43:27.104, 2, 89.96 W, 100 %, 17827 MiB
2026/08/05 19:43:27.104, 3, 89.96 W, 100 %, 17827 MiB
2026/08/05 19:43:27.104, 4, 90.06 W, 100 %, 17827 MiB
2026/08/05 19:43:27.104, 5, 91.84 W, 100 %, 17827 MiB
2026/08/05 19:43:27.104, 6, 90.02 W, 100 %, 17827 MiB
2026/08/05 19:43:27.104, 7, 94.97 W, 100 %, 17835 MiB
2026/08/05 19:43:27.304, 0, 88.38 W, 100 %, 17529 MiB
2026/08/05 19:43:27.311, 1, 228.46 W, 76 %, 17599 MiB
2026/08/05 19:43:27.311, 2, 89.96 W, 100 %, 17827 MiB
2026/08/05 19:43:27.311, 3, 89.96 W, 100 %, 17827 MiB
2026/08/05 19:43:27.311, 4, 90.39 W, 100 %, 17827 MiB
2026/08/05 19:43:27.311, 5, 91.75 W, 100 %, 17827 MiB
2026/08/05 19:43:27.312, 6, 90.02 W, 100 %, 17827 MiB
2026/08/05 19:43:27.312, 7, 94.97 W, 100 %, 17835 MiB
2026/08/05 19:43:27.512, 0, 88.99 W, 100 %, 17529 MiB
2026/08/05 19:43:27.514, 1, 229.74 W, 76 %, 17599 MiB
2026/08/05 19:43:27.517, 2, 89.96 W, 100 %, 17827 MiB
2026/08/05 19:43:27.517, 3, 89.96 W, 100 %, 17827 MiB
2026/08/05 19:43:27.517, 4, 90.06 W, 100 %, 17827 MiB
2026/08/05 19:43:27.517, 5, 91.84 W, 100 %, 17827 MiB
2026/08/05 19:43:27.517, 6, 90.02 W, 100 %, 17827 MiB
2026/08/05 19:43:27.517, 7, 94.64 W, 100 %, 17835 MiB
2026/08/05 19:43:27.721, 0, 88.05 W, 100 %, 17529 MiB
2026/08/05 19:43:27.721, 1, 230.62 W, 76 %, 17599 MiB
2026/08/05 19:43:27.721, 2, 89.96 W, 100 %, 17827 MiB
2026/08/05 19:43:27.721, 3, 89.96 W, 100 %, 17827 MiB
2026/08/05 19:43:27.721, 4, 90.06 W, 100 %, 17827 MiB
2026/08/05 19:43:27.721, 5, 91.84 W, 100 %, 17827 MiB
2026/08/05 19:43:27.721, 6, 90.02 W, 100 %, 17827 MiB
2026/08/05 19:43:27.721, 7, 94.64 W, 100 %, 17835 MiB
2026/08/05 19:43:27.922, 0, 88.05 W, 100 %, 17529 MiB
2026/08/05 19:43:27.924, 1, 233.12 W, 76 %, 17607 MiB
2026/08/05 19:43:27.925, 2, 89.96 W, 100 %, 17827 MiB
2026/08/05 19:43:27.925, 3, 89.96 W, 100 %, 17827 MiB
2026/08/05 19:43:27.925, 4, 90.06 W, 100 %, 17827 MiB
2026/08/05 19:43:27.925, 5, 91.84 W, 100 %, 17827 MiB
2026/08/05 19:43:27.925, 6, 90.02 W, 100 %, 17827 MiB
2026/08/05 19:43:27.925, 7, 94.64 W, 100 %, 17835 MiB
2026/08/05 19:43:28.125, 0, 193.15 W, 95 %, 17529 MiB
2026/08/05 19:43:28.126, 1, 92.12 W, 68 %, 17827 MiB
2026/08/05 19:43:28.126, 2, 90.63 W, 93 %, 17827 MiB
2026/08/05 19:43:28.126, 3, 89.96 W, 100 %, 17827 MiB
2026/08/05 19:43:28.126, 4, 90.06 W, 100 %, 17827 MiB
2026/08/05 19:43:28.126, 5, 91.84 W, 100 %, 17827 MiB
2026/08/05 19:43:28.126, 6, 90.02 W, 100 %, 17827 MiB
2026/08/05 19:43:28.126, 7, 94.97 W, 100 %, 17835 MiB
2026/08/05 19:43:28.326, 0, 228.24 W, 75 %, 17529 MiB
2026/08/05 19:43:28.327, 1, 89.96 W, 98 %, 17827 MiB
2026/08/05 19:43:28.327, 2, 89.96 W, 100 %, 17827 MiB
2026/08/05 19:43:28.329, 3, 89.96 W, 100 %, 17827 MiB
2026/08/05 19:43:28.329, 4, 90.06 W, 100 %, 17827 MiB
2026/08/05 19:43:28.329, 5, 91.84 W, 100 %, 17827 MiB
2026/08/05 19:43:28.330, 6, 90.02 W, 100 %, 17827 MiB
2026/08/05 19:43:28.330, 7, 94.97 W, 100 %, 17835 MiB
2026/08/05 19:43:28.530, 0, 225.47 W, 75 %, 17529 MiB
2026/08/05 19:43:28.530, 1, 89.35 W, 100 %, 17827 MiB
2026/08/05 19:43:28.531, 2, 89.96 W, 100 %, 17827 MiB
2026/08/05 19:43:28.531, 3, 89.96 W, 100 %, 17827 MiB
2026/08/05 19:43:28.531, 4, 90.06 W, 100 %, 17827 MiB
2026/08/05 19:43:28.531, 5, 91.84 W, 100 %, 17827 MiB
2026/08/05 19:43:28.531, 6, 90.02 W, 100 %, 17827 MiB
2026/08/05 19:43:28.531, 7, 94.64 W, 100 %, 17835 MiB
2026/08/05 19:43:28.731, 0, 228.24 W, 75 %, 17529 MiB
2026/08/05 19:43:28.731, 1, 89.35 W, 100 %, 17827 MiB
2026/08/05 19:43:28.731, 2, 89.69 W, 100 %, 17827 MiB
2026/08/05 19:43:28.731, 3, 89.96 W, 100 %, 17827 MiB
2026/08/05 19:43:28.731, 4, 90.06 W, 100 %, 17827 MiB
2026/08/05 19:43:28.731, 5, 91.84 W, 100 %, 17827 MiB
2026/08/05 19:43:28.731, 6, 90.02 W, 100 %, 17827 MiB
2026/08/05 19:43:28.731, 7, 94.97 W, 100 %, 17835 MiB
2026/08/05 19:43:28.932, 0, 229.45 W, 75 %, 17529 MiB
2026/08/05 19:43:28.932, 1, 89.44 W, 100 %, 17827 MiB
2026/08/05 19:43:28.932, 2, 89.69 W, 100 %, 17827 MiB
2026/08/05 19:43:28.932, 3, 89.96 W, 100 %, 17827 MiB
2026/08/05 19:43:28.932, 4, 90.39 W, 100 %, 17827 MiB
2026/08/05 19:43:28.932, 5, 91.84 W, 100 %, 17827 MiB
2026/08/05 19:43:28.932, 6, 90.02 W, 100 %, 17827 MiB
2026/08/05 19:43:28.932, 7, 94.64 W, 100 %, 17835 MiB
2026/08/05 19:43:29.132, 0, 227.63 W, 75 %, 17529 MiB
2026/08/05 19:43:29.133, 1, 89.02 W, 100 %, 17827 MiB
2026/08/05 19:43:29.133, 2, 89.69 W, 100 %, 17827 MiB
2026/08/05 19:43:29.133, 3, 89.96 W, 100 %, 17827 MiB
2026/08/05 19:43:29.133, 4, 89.96 W, 100 %, 17827 MiB
2026/08/05 19:43:29.133, 5, 91.75 W, 100 %, 17827 MiB
2026/08/05 19:43:29.133, 6, 90.02 W, 100 %, 17827 MiB
2026/08/05 19:43:29.133, 7, 94.97 W, 100 %, 17835 MiB
2026/08/05 19:43:29.334, 0, 225.47 W, 75 %, 17529 MiB
2026/08/05 19:43:29.334, 1, 89.02 W, 100 %, 17827 MiB
2026/08/05 19:43:29.334, 2, 89.69 W, 100 %, 17827 MiB
2026/08/05 19:43:29.334, 3, 89.96 W, 100 %, 17827 MiB
2026/08/05 19:43:29.334, 4, 90.39 W, 100 %, 17827 MiB
2026/08/05 19:43:29.334, 5, 91.75 W, 100 %, 17827 MiB
2026/08/05 19:43:29.334, 6, 90.02 W, 100 %, 17827 MiB
2026/08/05 19:43:29.334, 7, 94.97 W, 100 %, 17835 MiB
2026/08/05 19:43:29.534, 0, 229.79 W, 75 %, 17529 MiB
2026/08/05 19:43:29.549, 1, 89.02 W, 100 %, 17827 MiB
2026/08/05 19:43:29.549, 2, 89.69 W, 100 %, 17827 MiB
2026/08/05 19:43:29.549, 3, 89.96 W, 100 %, 17827 MiB
2026/08/05 19:43:29.549, 4, 90.39 W, 100 %, 17827 MiB
2026/08/05 19:43:29.549, 5, 91.75 W, 100 %, 17827 MiB
2026/08/05 19:43:29.549, 6, 90.02 W, 100 %, 17827 MiB
2026/08/05 19:43:29.549, 7, 94.64 W, 100 %, 17835 MiB
2026/08/05 19:43:29.750, 0, 229.79 W, 75 %, 17529 MiB
2026/08/05 19:43:29.750, 1, 89.02 W, 100 %, 17827 MiB
2026/08/05 19:43:29.750, 2, 89.69 W, 100 %, 17827 MiB
2026/08/05 19:43:29.750, 3, 89.96 W, 100 %, 17827 MiB
2026/08/05 19:43:29.750, 4, 90.06 W, 100 %, 17827 MiB
2026/08/05 19:43:29.750, 5, 91.84 W, 100 %, 17827 MiB
2026/08/05 19:43:29.750, 6, 90.02 W, 100 %, 17827 MiB
2026/08/05 19:43:29.750, 7, 94.64 W, 100 %, 17835 MiB
2026/08/05 19:43:29.950, 0, 233.49 W, 75 %, 17529 MiB
2026/08/05 19:43:29.951, 1, 89.02 W, 100 %, 17827 MiB
2026/08/05 19:43:29.951, 2, 89.69 W, 100 %, 17827 MiB
2026/08/05 19:43:29.951, 3, 89.96 W, 100 %, 17827 MiB
2026/08/05 19:43:29.951, 4, 90.39 W, 100 %, 17827 MiB
2026/08/05 19:43:29.951, 5, 91.84 W, 100 %, 17827 MiB
2026/08/05 19:43:29.951, 6, 90.02 W, 100 %, 17827 MiB
2026/08/05 19:43:29.951, 7, 94.64 W, 100 %, 17835 MiB
2026/08/05 19:43:30.151, 0, 227.30 W, 75 %, 17757 MiB
2026/08/05 19:43:30.151, 1, 89.02 W, 100 %, 17827 MiB
2026/08/05 19:43:30.151, 2, 89.69 W, 100 %, 17827 MiB
2026/08/05 19:43:30.152, 3, 89.96 W, 100 %, 17827 MiB
2026/08/05 19:43:30.152, 4, 90.06 W, 100 %, 17827 MiB
2026/08/05 19:43:30.152, 5, 91.75 W, 100 %, 17827 MiB
2026/08/05 19:43:30.152, 6, 90.02 W, 100 %, 17827 MiB
2026/08/05 19:43:30.152, 7, 94.64 W, 100 %, 17835 MiB
2026/08/05 19:43:30.352, 0, 83.48 W, 59 %, 17757 MiB
2026/08/05 19:43:30.353, 1, 81.04 W, 66 %, 17827 MiB
2026/08/05 19:43:30.353, 2, 82.96 W, 89 %, 17779 MiB
2026/08/05 19:43:30.354, 3, 86.59 W, 99 %, 17761 MiB
2026/08/05 19:43:30.355, 4, 89.17 W, 100 %, 16585 MiB
2026/08/05 19:43:30.356, 5, 85.04 W, 100 %, 16405 MiB
2026/08/05 19:43:30.356, 6, 82.71 W, 89 %, 16385 MiB
2026/08/05 19:43:30.357, 7, 95.07 W, 99 %, 16353 MiB
2026/08/05 19:43:30.558, 0, 85.04 W, 0 %, 15435 MiB
2026/08/05 19:43:30.559, 1, 81.99 W, 1 %, 15285 MiB
2026/08/05 19:43:30.560, 2, 84.24 W, 19 %, 14885 MiB
2026/08/05 19:43:30.561, 3, 82.96 W, 17 %, 14865 MiB
2026/08/05 19:43:30.563, 4, 84.51 W, 44 %, 13625 MiB
2026/08/05 19:43:30.564, 5, 86.92 W, 41 %, 13285 MiB
2026/08/05 19:43:30.564, 6, 84.59 W, 38 %, 13205 MiB
2026/08/05 19:43:30.565, 7, 91.38 W, 44 %, 13373 MiB
2026/08/05 19:43:30.767, 0, 84.43 W, 28 %, 13155 MiB
2026/08/05 19:43:30.767, 1, 81.99 W, 36 %, 12945 MiB
2026/08/05 19:43:30.767, 2, 83.57 W, 33 %, 12685 MiB
2026/08/05 19:43:30.768, 3, 84.24 W, 34 %, 12625 MiB
2026/08/05 19:43:30.769, 4, 83.91 W, 37 %, 11385 MiB
2026/08/05 19:43:30.769, 5, 85.37 W, 34 %, 11085 MiB
2026/08/05 19:43:30.770, 6, 84.59 W, 38 %, 10745 MiB
2026/08/05 19:43:30.771, 7, 89.23 W, 43 %, 11233 MiB
2026/08/05 19:43:30.971, 0, 85.98 W, 29 %, 8895 MiB
2026/08/05 19:43:30.972, 1, 83.82 W, 30 %, 8665 MiB
2026/08/05 19:43:30.972, 2, 86.07 W, 39 %, 8305 MiB
2026/08/05 19:43:30.973, 3, 85.73 W, 34 %, 8465 MiB
2026/08/05 19:43:30.974, 4, 85.46 W, 30 %, 7185 MiB
2026/08/05 19:43:30.975, 5, 87.81 W, 33 %, 6805 MiB
2026/08/05 19:43:30.976, 6, 86.04 W, 41 %, 6205 MiB
2026/08/05 19:43:30.977, 7, 90.77 W, 28 %, 7133 MiB
2026/08/05 19:43:31.177, 0, 85.37 W, 56 %, 5475 MiB
2026/08/05 19:43:31.178, 1, 83.55 W, 56 %, 5365 MiB
2026/08/05 19:43:31.179, 2, 85.13 W, 53 %, 4765 MiB
2026/08/05 19:43:31.180, 3, 85.13 W, 51 %, 5145 MiB
2026/08/05 19:43:31.184, 4, 85.46 W, 55 %, 3545 MiB
2026/08/05 19:43:31.185, 5, 87.20 W, 55 %, 3265 MiB
2026/08/05 19:43:31.187, 6, 85.47 W, 54 %, 2725 MiB
2026/08/05 19:43:31.187, 7, 89.51 W, 54 %, 3493 MiB
2026/08/05 19:43:31.387, 0, 84.15 W, 46 %, 1891 MiB
2026/08/05 19:43:31.388, 1, 82.32 W, 44 %, 1883 MiB
2026/08/05 19:43:31.388, 2, 84.51 W, 53 %, 1843 MiB
2026/08/05 19:43:31.389, 3, 85.46 W, 51 %, 1843 MiB
2026/08/05 19:43:31.389, 4, 89.78 W, 48 %, 1843 MiB
2026/08/05 19:43:31.389, 5, 86.31 W, 43 %, 1843 MiB
2026/08/05 19:43:31.390, 6, 83.98 W, 46 %, 1843 MiB
2026/08/05 19:43:31.390, 7, 89.23 W, 50 %, 1891 MiB
2026/08/05 19:43:31.591, 0, 82.88 W, 42 %, 1891 MiB
2026/08/05 19:43:31.591, 1, 80.85 W, 45 %, 1883 MiB
2026/08/05 19:43:31.591, 2, 82.35 W, 40 %, 1803 MiB
2026/08/05 19:43:31.591, 3, 82.69 W, 40 %, 1803 MiB
2026/08/05 19:43:31.591, 4, 82.69 W, 52 %, 1803 MiB
2026/08/05 19:43:31.591, 5, 84.43 W, 60 %, 1803 MiB
2026/08/05 19:43:31.591, 6, 82.71 W, 60 %, 1803 MiB
2026/08/05 19:43:31.592, 7, 87.08 W, 58 %, 1891 MiB
2026/08/05 19:43:31.792, 0, 82.88 W, 12 %, 1891 MiB
2026/08/05 19:43:31.792, 1, 80.77 W, 3 %, 1883 MiB
2026/08/05 19:43:31.792, 2, 82.35 W, 34 %, 1803 MiB
2026/08/05 19:43:31.792, 3, 82.69 W, 0 %, 1803 MiB
2026/08/05 19:43:31.792, 4, 82.69 W, 1 %, 1803 MiB
2026/08/05 19:43:31.792, 5, 84.43 W, 0 %, 1803 MiB
2026/08/05 19:43:31.792, 6, 82.71 W, 0 %, 1803 MiB
2026/08/05 19:43:31.792, 7, 87.36 W, 0 %, 1891 MiB
2026/08/05 19:43:31.993, 0, 82.88 W, 0 %, 1891 MiB
2026/08/05 19:43:31.993, 1, 80.77 W, 0 %, 1511 MiB
2026/08/05 19:43:31.993, 2, 82.35 W, 0 %, 1295 MiB
2026/08/05 19:43:31.993, 3, 82.35 W, 5 %, 1295 MiB
2026/08/05 19:43:31.993, 4, 84.84 W, 0 %, 1295 MiB
2026/08/05 19:43:31.993, 5, 84.43 W, 3 %, 1295 MiB
2026/08/05 19:43:31.993, 6, 82.71 W, 3 %, 1295 MiB
2026/08/05 19:43:31.993, 7, 87.08 W, 0 %, 1463 MiB
2026/08/05 19:43:32.193, 0, 83.21 W, 0 %, 1891 MiB
2026/08/05 19:43:32.194, 1, 81.04 W, 5 %, 1511 MiB
2026/08/05 19:43:32.194, 2, 83.29 W, 4 %, 1295 MiB
2026/08/05 19:43:32.194, 3, 82.35 W, 2 %, 1295 MiB
2026/08/05 19:43:32.194, 4, 82.69 W, 7 %, 1295 MiB
2026/08/05 19:43:32.194, 5, 84.76 W, 4 %, 1295 MiB
2026/08/05 19:43:32.194, 6, 82.71 W, 4 %, 1295 MiB
2026/08/05 19:43:32.194, 7, 88.90 W, 4 %, 1463 MiB
2026/08/05 19:43:32.394, 0, 82.26 W, 0 %, 1891 MiB
2026/08/05 19:43:32.394, 1, 80.77 W, 1 %, 1511 MiB
2026/08/05 19:43:32.394, 2, 82.35 W, 3 %, 1283 MiB
2026/08/05 19:43:32.395, 3, 82.35 W, 2 %, 1283 MiB
2026/08/05 19:43:32.396, 4, 82.69 W, 0 %, 1283 MiB
2026/08/05 19:43:32.396, 5, 84.43 W, 0 %, 1283 MiB
2026/08/05 19:43:32.397, 6, 82.71 W, 0 %, 1283 MiB
2026/08/05 19:43:32.398, 7, 87.36 W, 1 %, 1451 MiB
2026/08/05 19:43:32.598, 0, 84.15 W, 0 %, 1327 MiB
2026/08/05 19:43:32.660, 1, 81.04 W, 3 %, 1295 MiB
2026/08/05 19:43:32.669, 2, 82.69 W, 0 %, 1283 MiB
2026/08/05 19:43:32.679, 3, 82.35 W, 0 %, 1283 MiB
2026/08/05 19:43:32.688, 4, 82.69 W, 0 %, 1283 MiB
2026/08/05 19:43:32.701, 5, 86.92 W, 0 %, 550 MiB
2026/08/05 19:43:32.714, 6, 83.65 W, 0 %, 1283 MiB
2026/08/05 19:43:32.725, 7, 87.36 W, 2 %, 1283 MiB
2026/08/05 19:43:33.010, 0, 82.26 W, 0 %, 1283 MiB
2026/08/05 19:43:33.057, 1, 81.80 W, 0 %, 1283 MiB
2026/08/05 19:43:33.066, 2, 67.23 W, 0 %, 550 MiB
2026/08/05 19:43:33.074, 3, 66.94 W, 0 %, 550 MiB
2026/08/05 19:43:33.165, 4, 82.96 W, 0 %, 1283 MiB
2026/08/05 19:43:33.167, 5, 84.76 W, 0 %, 550 MiB
2026/08/05 19:43:33.254, 6, 82.71 W, 0 %, 550 MiB
2026/08/05 19:43:33.261, 7, 87.36 W, 0 %, 550 MiB
2026/08/05 19:43:33.468, 0, 67.56 W, 12 %, 549 MiB
2026/08/05 19:43:33.468, 1, 69.06 W, 0 %, 549 MiB
2026/08/05 19:43:33.468, 2, 67.01 W, 0 %, 549 MiB
2026/08/05 19:43:33.468, 3, 66.61 W, 12 %, 549 MiB
2026/08/05 19:43:33.468, 4, 67.63 W, 0 %, 549 MiB
2026/08/05 19:43:33.468, 5, 67.89 W, 0 %, 549 MiB
2026/08/05 19:43:33.468, 6, 67.68 W, 0 %, 549 MiB
2026/08/05 19:43:33.468, 7, 69.64 W, 10 %, 549 MiB
2026/08/05 19:43:33.668, 0, 66.94 W, 0 %, 549 MiB
2026/08/05 19:43:33.668, 1, 66.88 W, 12 %, 549 MiB
2026/08/05 19:43:33.668, 2, 67.01 W, 0 %, 549 MiB
2026/08/05 19:43:33.668, 3, 66.34 W, 0 %, 549 MiB
2026/08/05 19:43:33.668, 4, 67.96 W, 12 %, 549 MiB
2026/08/05 19:43:33.668, 5, 68.16 W, 0 %, 549 MiB
2026/08/05 19:43:33.668, 6, 67.68 W, 0 %, 549 MiB
2026/08/05 19:43:33.668, 7, 69.36 W, 0 %, 549 MiB
2026/08/05 19:43:33.869, 0, 66.94 W, 0 %, 549 MiB
2026/08/05 19:43:33.869, 1, 66.61 W, 0 %, 549 MiB
2026/08/05 19:43:33.869, 2, 67.01 W, 0 %, 549 MiB
2026/08/05 19:43:33.869, 3, 66.34 W, 0 %, 549 MiB
2026/08/05 19:43:33.869, 4, 67.29 W, 0 %, 549 MiB
2026/08/05 19:43:33.869, 5, 67.56 W, 0 %, 549 MiB
2026/08/05 19:43:33.869, 6, 67.68 W, 0 %, 549 MiB
2026/08/05 19:43:33.869, 7, 69.36 W, 0 %, 549 MiB
2026/08/05 19:43:34.069, 0, 66.94 W, 0 %, 549 MiB
2026/08/05 19:43:34.069, 1, 66.61 W, 0 %, 549 MiB
2026/08/05 19:43:34.069, 2, 67.01 W, 0 %, 549 MiB
2026/08/05 19:43:34.069, 3, 66.34 W, 0 %, 549 MiB
2026/08/05 19:43:34.069, 4, 67.29 W, 0 %, 549 MiB
2026/08/05 19:43:34.069, 5, 67.89 W, 0 %, 549 MiB
2026/08/05 19:43:34.069, 6, 67.68 W, 0 %, 549 MiB
2026/08/05 19:43:34.069, 7, 69.36 W, 0 %, 549 MiB
2026/08/05 19:43:34.269, 0, 67.56 W, 0 %, 549 MiB
2026/08/05 19:43:34.269, 1, 66.88 W, 0 %, 549 MiB
2026/08/05 19:43:34.269, 2, 67.23 W, 0 %, 549 MiB
2026/08/05 19:43:34.270, 3, 66.61 W, 0 %, 549 MiB
2026/08/05 19:43:34.270, 4, 67.29 W, 0 %, 549 MiB
2026/08/05 19:43:34.270, 5, 67.89 W, 0 %, 549 MiB
2026/08/05 19:43:34.270, 6, 67.68 W, 0 %, 549 MiB
2026/08/05 19:43:34.270, 7, 69.36 W, 0 %, 549 MiB
2026/08/05 19:43:34.470, 0, 66.94 W, 0 %, 549 MiB
2026/08/05 19:43:34.470, 1, 66.61 W, 0 %, 549 MiB
2026/08/05 19:43:34.470, 2, 66.94 W, 0 %, 549 MiB
2026/08/05 19:43:34.470, 3, 66.34 W, 0 %, 549 MiB
2026/08/05 19:43:34.470, 4, 67.63 W, 0 %, 549 MiB
2026/08/05 19:43:34.470, 5, 67.56 W, 0 %, 549 MiB
2026/08/05 19:43:34.470, 6, 67.68 W, 0 %, 549 MiB
2026/08/05 19:43:34.471, 7, 69.36 W, 0 %, 549 MiB
2026/08/05 19:43:34.671, 0, 66.94 W, 0 %, 549 MiB
2026/08/05 19:43:34.671, 1, 66.61 W, 0 %, 549 MiB
2026/08/05 19:43:34.671, 2, 67.01 W, 0 %, 549 MiB
2026/08/05 19:43:34.671, 3, 66.34 W, 0 %, 549 MiB
2026/08/05 19:43:34.671, 4, 67.63 W, 0 %, 549 MiB
2026/08/05 19:43:34.671, 5, 67.56 W, 0 %, 549 MiB
2026/08/05 19:43:34.671, 6, 67.68 W, 0 %, 549 MiB
2026/08/05 19:43:34.672, 7, 69.03 W, 0 %, 549 MiB
2026/08/05 19:43:34.872, 0, 66.94 W, 0 %, 549 MiB
2026/08/05 19:43:34.872, 1, 66.61 W, 0 %, 549 MiB
2026/08/05 19:43:34.872, 2, 66.94 W, 0 %, 549 MiB
2026/08/05 19:43:34.872, 3, 66.34 W, 0 %, 549 MiB
2026/08/05 19:43:34.872, 4, 67.29 W, 0 %, 549 MiB
2026/08/05 19:43:34.872, 5, 67.56 W, 0 %, 549 MiB
2026/08/05 19:43:34.872, 6, 67.68 W, 0 %, 549 MiB
2026/08/05 19:43:34.872, 7, 69.03 W, 0 %, 549 MiB
2026/08/05 19:43:35.073, 0, 66.94 W, 0 %, 549 MiB
2026/08/05 19:43:35.073, 1, 66.88 W, 0 %, 549 MiB
2026/08/05 19:43:35.073, 2, 67.29 W, 0 %, 549 MiB
2026/08/05 19:43:35.073, 3, 66.34 W, 0 %, 549 MiB
2026/08/05 19:43:35.073, 4, 67.29 W, 0 %, 549 MiB
2026/08/05 19:43:35.073, 5, 67.89 W, 0 %, 549 MiB
2026/08/05 19:43:35.073, 6, 67.68 W, 0 %, 549 MiB
2026/08/05 19:43:35.073, 7, 69.36 W, 0 %, 549 MiB
2026/08/05 19:43:35.273, 0, 66.94 W, 0 %, 549 MiB
2026/08/05 19:43:35.280, 1, 66.61 W, 0 %, 549 MiB
2026/08/05 19:43:35.280, 2, 67.01 W, 0 %, 549 MiB
2026/08/05 19:43:35.280, 3, 66.34 W, 0 %, 549 MiB
2026/08/05 19:43:35.280, 4, 67.29 W, 0 %, 549 MiB
2026/08/05 19:43:35.280, 5, 68.16 W, 0 %, 549 MiB
2026/08/05 19:43:35.281, 6, 67.68 W, 0 %, 549 MiB
2026/08/05 19:43:35.281, 7, 69.03 W, 0 %, 549 MiB
2026/08/05 19:43:35.481, 0, 66.94 W, 0 %, 549 MiB
2026/08/05 19:43:35.481, 1, 66.61 W, 0 %, 549 MiB
2026/08/05 19:43:35.481, 2, 67.01 W, 0 %, 549 MiB
2026/08/05 19:43:35.481, 3, 66.34 W, 0 %, 549 MiB
2026/08/05 19:43:35.481, 4, 67.63 W, 0 %, 549 MiB
2026/08/05 19:43:35.481, 5, 67.89 W, 0 %, 549 MiB
2026/08/05 19:43:35.481, 6, 67.68 W, 0 %, 549 MiB
2026/08/05 19:43:35.481, 7, 69.03 W, 0 %, 549 MiB
2026/08/05 19:43:35.681, 0, 66.94 W, 0 %, 549 MiB
2026/08/05 19:43:35.682, 1, 66.61 W, 0 %, 549 MiB
2026/08/05 19:43:35.682, 2, 67.01 W, 0 %, 549 MiB
2026/08/05 19:43:35.682, 3, 66.61 W, 0 %, 549 MiB
2026/08/05 19:43:35.682, 4, 67.29 W, 0 %, 549 MiB
2026/08/05 19:43:35.682, 5, 67.56 W, 0 %, 549 MiB
2026/08/05 19:43:35.682, 6, 67.68 W, 0 %, 549 MiB
2026/08/05 19:43:35.682, 7, 69.03 W, 0 %, 549 MiB
2026/08/05 19:43:35.882, 0, 66.94 W, 0 %, 549 MiB
2026/08/05 19:43:35.882, 1, 66.61 W, 0 %, 549 MiB
2026/08/05 19:43:35.882, 2, 67.01 W, 0 %, 549 MiB
2026/08/05 19:43:35.882, 3, 66.34 W, 0 %, 549 MiB
2026/08/05 19:43:35.882, 4, 67.29 W, 0 %, 549 MiB
2026/08/05 19:43:35.883, 5, 67.56 W, 0 %, 549 MiB
2026/08/05 19:43:35.883, 6, 67.68 W, 0 %, 549 MiB
2026/08/05 19:43:35.883, 7, 69.03 W, 0 %, 549 MiB
2026/08/05 19:43:36.083, 0, 66.94 W, 0 %, 549 MiB
2026/08/05 19:43:36.083, 1, 66.61 W, 0 %, 549 MiB
2026/08/05 19:43:36.083, 2, 66.94 W, 0 %, 549 MiB
2026/08/05 19:43:36.083, 3, 66.34 W, 0 %, 549 MiB
2026/08/05 19:43:36.083, 4, 67.29 W, 0 %, 549 MiB
2026/08/05 19:43:36.084, 5, 68.16 W, 0 %, 549 MiB
2026/08/05 19:43:36.084, 6, 67.68 W, 0 %, 549 MiB
2026/08/05 19:43:36.084, 7, 69.03 W, 0 %, 549 MiB
2026/08/05 19:43:36.284, 0, 66.94 W, 0 %, 549 MiB
2026/08/05 19:43:36.284, 1, 66.61 W, 0 %, 549 MiB
2026/08/05 19:43:36.284, 2, 67.01 W, 0 %, 549 MiB
2026/08/05 19:43:36.284, 3, 66.34 W, 0 %, 549 MiB
2026/08/05 19:43:36.284, 4, 67.29 W, 0 %, 549 MiB
2026/08/05 19:43:36.284, 5, 67.23 W, 0 %, 549 MiB
2026/08/05 19:43:36.284, 6, 67.35 W, 0 %, 549 MiB
2026/08/05 19:43:36.285, 7, 69.03 W, 0 %, 549 MiB
2026/08/05 19:43:36.485, 0, 66.94 W, 0 %, 549 MiB
2026/08/05 19:43:36.485, 1, 66.61 W, 0 %, 549 MiB
2026/08/05 19:43:36.485, 2, 66.68 W, 0 %, 549 MiB
2026/08/05 19:43:36.485, 3, 66.34 W, 0 %, 549 MiB
2026/08/05 19:43:36.485, 4, 67.29 W, 0 %, 549 MiB
2026/08/05 19:43:36.485, 5, 67.23 W, 0 %, 549 MiB
2026/08/05 19:43:36.485, 6, 67.35 W, 0 %, 549 MiB
2026/08/05 19:43:36.485, 7, 69.03 W, 0 %, 549 MiB
2026/08/05 19:43:36.686, 0, 66.61 W, 0 %, 549 MiB
2026/08/05 19:43:36.686, 1, 66.61 W, 0 %, 549 MiB
2026/08/05 19:43:36.686, 2, 66.68 W, 0 %, 549 MiB
2026/08/05 19:43:36.686, 3, 66.34 W, 0 %, 549 MiB
2026/08/05 19:43:36.686, 4, 67.29 W, 0 %, 549 MiB
2026/08/05 19:43:36.686, 5, 67.23 W, 0 %, 549 MiB
2026/08/05 19:43:36.686, 6, 67.68 W, 0 %, 549 MiB
2026/08/05 19:43:36.686, 7, 69.03 W, 0 %, 549 MiB
2026/08/05 19:43:36.886, 0, 67.16 W, 0 %, 549 MiB
2026/08/05 19:43:36.895, 1, 66.88 W, 0 %, 549 MiB
2026/08/05 19:43:36.895, 2, 67.01 W, 0 %, 549 MiB
2026/08/05 19:43:36.895, 3, 66.34 W, 0 %, 549 MiB
2026/08/05 19:43:36.895, 4, 67.29 W, 0 %, 549 MiB
2026/08/05 19:43:36.895, 5, 67.56 W, 0 %, 549 MiB
2026/08/05 19:43:36.895, 6, 67.68 W, 0 %, 549 MiB
2026/08/05 19:43:36.896, 7, 69.03 W, 0 %, 549 MiB
2026/08/05 19:43:37.096, 0, 66.94 W, 0 %, 549 MiB
2026/08/05 19:43:37.096, 1, 66.61 W, 0 %, 549 MiB
2026/08/05 19:43:37.096, 2, 66.68 W, 0 %, 549 MiB
2026/08/05 19:43:37.096, 3, 66.34 W, 0 %, 549 MiB
2026/08/05 19:43:37.096, 4, 67.29 W, 0 %, 549 MiB
2026/08/05 19:43:37.096, 5, 67.89 W, 0 %, 549 MiB
2026/08/05 19:43:37.096, 6, 67.35 W, 0 %, 549 MiB
2026/08/05 19:43:37.096, 7, 69.03 W, 0 %, 549 MiB
2026/08/05 19:43:37.296, 0, 66.94 W, 0 %, 549 MiB
2026/08/05 19:43:37.297, 1, 66.61 W, 0 %, 549 MiB
2026/08/05 19:43:37.297, 2, 66.68 W, 0 %, 549 MiB
2026/08/05 19:43:37.297, 3, 66.34 W, 0 %, 549 MiB
2026/08/05 19:43:37.297, 4, 67.29 W, 0 %, 549 MiB
2026/08/05 19:43:37.297, 5, 67.56 W, 0 %, 549 MiB
2026/08/05 19:43:37.297, 6, 67.35 W, 0 %, 549 MiB
2026/08/05 19:43:37.297, 7, 69.03 W, 0 %, 549 MiB
2026/08/05 19:43:37.497, 0, 66.94 W, 0 %, 549 MiB
2026/08/05 19:43:37.497, 1, 66.61 W, 0 %, 549 MiB
2026/08/05 19:43:37.498, 2, 66.68 W, 0 %, 549 MiB
2026/08/05 19:43:37.498, 3, 66.34 W, 0 %, 549 MiB
2026/08/05 19:43:37.498, 4, 67.29 W, 0 %, 549 MiB
2026/08/05 19:43:37.498, 5, 67.56 W, 0 %, 549 MiB
2026/08/05 19:43:37.498, 6, 67.68 W, 0 %, 549 MiB
2026/08/05 19:43:37.498, 7, 69.03 W, 0 %, 549 MiB
2026/08/05 19:43:37.698, 0, 66.94 W, 0 %, 549 MiB
2026/08/05 19:43:37.702, 1, 66.61 W, 0 %, 549 MiB
2026/08/05 19:43:37.702, 2, 67.01 W, 0 %, 549 MiB
2026/08/05 19:43:37.702, 3, 66.34 W, 0 %, 549 MiB
2026/08/05 19:43:37.702, 4, 67.29 W, 0 %, 549 MiB
2026/08/05 19:43:37.702, 5, 67.56 W, 0 %, 549 MiB
2026/08/05 19:43:37.702, 6, 67.68 W, 0 %, 549 MiB
2026/08/05 19:43:37.702, 7, 69.03 W, 0 %, 549 MiB
2026/08/05 19:43:37.902, 0, 66.61 W, 0 %, 549 MiB
2026/08/05 19:43:37.902, 1, 66.61 W, 0 %, 549 MiB
2026/08/05 19:43:37.903, 2, 66.68 W, 0 %, 549 MiB
2026/08/05 19:43:37.903, 3, 66.34 W, 0 %, 549 MiB
2026/08/05 19:43:37.903, 4, 67.29 W, 0 %, 549 MiB
2026/08/05 19:43:37.903, 5, 67.23 W, 0 %, 549 MiB
2026/08/05 19:43:37.903, 6, 67.35 W, 0 %, 549 MiB
2026/08/05 19:43:37.903, 7, 69.03 W, 0 %, 549 MiB
2026/08/05 19:43:38.103, 0, 66.61 W, 0 %, 549 MiB
2026/08/05 19:43:38.103, 1, 66.61 W, 0 %, 549 MiB
2026/08/05 19:43:38.103, 2, 66.61 W, 0 %, 549 MiB
2026/08/05 19:43:38.103, 3, 66.34 W, 0 %, 549 MiB
2026/08/05 19:43:38.103, 4, 67.96 W, 0 %, 549 MiB
2026/08/05 19:43:38.104, 5, 67.89 W, 0 %, 549 MiB
2026/08/05 19:43:38.104, 6, 67.68 W, 0 %, 549 MiB
2026/08/05 19:43:38.104, 7, 69.03 W, 0 %, 549 MiB
2026/08/05 19:43:38.304, 0, 66.61 W, 0 %, 549 MiB
2026/08/05 19:43:38.304, 1, 66.61 W, 0 %, 549 MiB
2026/08/05 19:43:38.304, 2, 66.68 W, 0 %, 549 MiB
2026/08/05 19:43:38.304, 3, 66.34 W, 0 %, 549 MiB
2026/08/05 19:43:38.304, 4, 67.63 W, 0 %, 549 MiB
2026/08/05 19:43:38.304, 5, 67.23 W, 0 %, 549 MiB
2026/08/05 19:43:38.304, 6, 67.68 W, 0 %, 549 MiB
2026/08/05 19:43:38.304, 7, 69.03 W, 0 %, 549 MiB
