timestamp, index, power.draw [W], utilization.gpu [%], memory.used [MiB]
2026/08/05 19:44:19.888, 0, 66.94 W, 0 %, 549 MiB
2026/08/05 19:44:19.890, 1, 66.61 W, 0 %, 549 MiB
2026/08/05 19:44:19.892, 2, 66.40 W, 0 %, 549 MiB
2026/08/05 19:44:19.893, 3, 66.01 W, 0 %, 549 MiB
2026/08/05 19:44:19.894, 4, 67.01 W, 0 %, 549 MiB
2026/08/05 19:44:19.895, 5, 67.23 W, 0 %, 549 MiB
2026/08/05 19:44:19.896, 6, 67.35 W, 0 %, 549 MiB
2026/08/05 19:44:19.897, 7, 68.76 W, 0 %, 549 MiB
2026/08/05 19:44:20.099, 0, 66.61 W, 0 %, 549 MiB
2026/08/05 19:44:20.099, 1, 66.28 W, 0 %, 549 MiB
2026/08/05 19:44:20.099, 2, 66.40 W, 0 %, 549 MiB
2026/08/05 19:44:20.099, 3, 66.01 W, 0 %, 549 MiB
2026/08/05 19:44:20.099, 4, 67.01 W, 0 %, 549 MiB
2026/08/05 19:44:20.099, 5, 67.56 W, 0 %, 549 MiB
2026/08/05 19:44:20.099, 6, 67.35 W, 0 %, 549 MiB
2026/08/05 19:44:20.099, 7, 68.76 W, 0 %, 549 MiB
2026/08/05 19:44:20.299, 0, 66.61 W, 0 %, 549 MiB
2026/08/05 19:44:20.300, 1, 66.28 W, 0 %, 549 MiB
2026/08/05 19:44:20.300, 2, 66.40 W, 0 %, 549 MiB
2026/08/05 19:44:20.300, 3, 66.01 W, 0 %, 549 MiB
2026/08/05 19:44:20.300, 4, 67.01 W, 0 %, 549 MiB
2026/08/05 19:44:20.300, 5, 67.56 W, 0 %, 549 MiB
2026/08/05 19:44:20.300, 6, 67.02 W, 0 %, 549 MiB
2026/08/05 19:44:20.300, 7, 68.76 W, 0 %, 549 MiB
2026/08/05 19:44:20.500, 0, 66.61 W, 0 %, 549 MiB
2026/08/05 19:44:20.500, 1, 66.28 W, 0 %, 549 MiB
2026/08/05 19:44:20.500, 2, 66.40 W, 0 %, 549 MiB
2026/08/05 19:44:20.500, 3, 66.01 W, 0 %, 549 MiB
2026/08/05 19:44:20.500, 4, 67.01 W, 0 %, 549 MiB
2026/08/05 19:44:20.501, 5, 67.56 W, 0 %, 549 MiB
2026/08/05 19:44:20.501, 6, 67.02 W, 0 %, 549 MiB
2026/08/05 19:44:20.501, 7, 68.76 W, 0 %, 549 MiB
2026/08/05 19:44:20.701, 0, 66.61 W, 0 %, 549 MiB
2026/08/05 19:44:20.701, 1, 66.28 W, 0 %, 549 MiB
2026/08/05 19:44:20.701, 2, 66.40 W, 0 %, 549 MiB
2026/08/05 19:44:20.701, 3, 66.01 W, 0 %, 549 MiB
2026/08/05 19:44:20.701, 4, 67.01 W, 0 %, 549 MiB
2026/08/05 19:44:20.701, 5, 67.56 W, 0 %, 549 MiB
2026/08/05 19:44:20.701, 6, 67.35 W, 0 %, 549 MiB
2026/08/05 19:44:20.701, 7, 68.76 W, 0 %, 549 MiB
2026/08/05 19:44:20.901, 0, 66.94 W, 0 %, 549 MiB
2026/08/05 19:44:20.901, 1, 66.28 W, 0 %, 549 MiB
2026/08/05 19:44:20.902, 2, 66.40 W, 0 %, 549 MiB
2026/08/05 19:44:20.902, 3, 66.01 W, 0 %, 549 MiB
2026/08/05 19:44:20.902, 4, 67.01 W, 0 %, 549 MiB
2026/08/05 19:44:20.902, 5, 67.56 W, 0 %, 549 MiB
2026/08/05 19:44:20.903, 6, 67.02 W, 0 %, 549 MiB
2026/08/05 19:44:20.903, 7, 68.76 W, 0 %, 549 MiB
2026/08/05 19:44:21.104, 0, 66.61 W, 0 %, 549 MiB
2026/08/05 19:44:21.104, 1, 66.28 W, 0 %, 549 MiB
2026/08/05 19:44:21.104, 2, 66.40 W, 0 %, 549 MiB
2026/08/05 19:44:21.104, 3, 66.01 W, 0 %, 549 MiB
2026/08/05 19:44:21.104, 4, 67.01 W, 0 %, 549 MiB
2026/08/05 19:44:21.104, 5, 67.56 W, 0 %, 549 MiB
2026/08/05 19:44:21.104, 6, 67.02 W, 0 %, 549 MiB
2026/08/05 19:44:21.104, 7, 68.76 W, 0 %, 549 MiB
2026/08/05 19:44:21.304, 0, 66.94 W, 0 %, 549 MiB
2026/08/05 19:44:21.305, 1, 66.61 W, 0 %, 549 MiB
2026/08/05 19:44:21.305, 2, 66.68 W, 0 %, 549 MiB
2026/08/05 19:44:21.305, 3, 66.01 W, 0 %, 549 MiB
2026/08/05 19:44:21.305, 4, 67.01 W, 0 %, 549 MiB
2026/08/05 19:44:21.305, 5, 67.56 W, 0 %, 549 MiB
2026/08/05 19:44:21.305, 6, 67.35 W, 0 %, 549 MiB
2026/08/05 19:44:21.305, 7, 68.76 W, 0 %, 549 MiB
2026/08/05 19:44:21.505, 0, 66.61 W, 0 %, 549 MiB
2026/08/05 19:44:21.505, 1, 66.28 W, 0 %, 549 MiB
2026/08/05 19:44:21.505, 2, 66.40 W, 0 %, 549 MiB
2026/08/05 19:44:21.505, 3, 66.01 W, 0 %, 549 MiB
2026/08/05 19:44:21.505, 4, 67.01 W, 0 %, 549 MiB
2026/08/05 19:44:21.505, 5, 67.56 W, 0 %, 549 MiB
2026/08/05 19:44:21.505, 6, 67.02 W, 0 %, 549 MiB
2026/08/05 19:44:21.505, 7, 68.43 W, 0 %, 549 MiB
2026/08/05 19:44:21.705, 0, 66.61 W, 0 %, 549 MiB
2026/08/05 19:44:21.706, 1, 66.28 W, 0 %, 549 MiB
2026/08/05 19:44:21.706, 2, 66.40 W, 0 %, 549 MiB
2026/08/05 19:44:21.706, 3, 66.01 W, 0 %, 549 MiB
2026/08/05 19:44:21.706, 4, 67.01 W, 0 %, 549 MiB
2026/08/05 19:44:21.706, 5, 67.23 W, 0 %, 549 MiB
2026/08/05 19:44:21.706, 6, 67.02 W, 0 %, 549 MiB
2026/08/05 19:44:21.706, 7, 68.43 W, 0 %, 549 MiB
2026/08/05 19:44:21.906, 0, 66.94 W, 0 %, 549 MiB
2026/08/05 19:44:21.906, 1, 66.61 W, 0 %, 549 MiB
2026/08/05 19:44:21.906, 2, 66.40 W, 0 %, 549 MiB
2026/08/05 19:44:21.906, 3, 66.01 W, 0 %, 549 MiB
2026/08/05 19:44:21.906, 4, 67.01 W, 0 %, 549 MiB
2026/08/05 19:44:21.906, 5, 67.56 W, 0 %, 549 MiB
2026/08/05 19:44:21.907, 6, 67.02 W, 0 %, 549 MiB
2026/08/05 19:44:21.907, 7, 68.76 W, 0 %, 549 MiB
2026/08/05 19:44:22.107, 0, 66.94 W, 0 %, 549 MiB
2026/08/05 19:44:22.107, 1, 66.61 W, 0 %, 549 MiB
2026/08/05 19:44:22.107, 2, 66.68 W, 0 %, 549 MiB
2026/08/05 19:44:22.107, 3, 66.01 W, 0 %, 549 MiB
2026/08/05 19:44:22.107, 4, 67.01 W, 0 %, 549 MiB
2026/08/05 19:44:22.107, 5, 67.56 W, 0 %, 549 MiB
2026/08/05 19:44:22.107, 6, 67.02 W, 0 %, 549 MiB
2026/08/05 19:44:22.107, 7, 68.76 W, 0 %, 549 MiB
2026/08/05 19:44:22.307, 0, 66.61 W, 0 %, 549 MiB
2026/08/05 19:44:22.307, 1, 66.61 W, 0 %, 549 MiB
2026/08/05 19:44:22.308, 2, 66.40 W, 0 %, 549 MiB
2026/08/05 19:44:22.308, 3, 66.07 W, 0 %, 549 MiB
2026/08/05 19:44:22.308, 4, 67.01 W, 0 %, 549 MiB
2026/08/05 19:44:22.308, 5, 67.56 W, 0 %, 549 MiB
2026/08/05 19:44:22.308, 6, 67.02 W, 0 %, 549 MiB
2026/08/05 19:44:22.308, 7, 68.76 W, 0 %, 549 MiB
2026/08/05 19:44:22.508, 0, 66.94 W, 0 %, 549 MiB
2026/08/05 19:44:22.508, 1, 66.28 W, 0 %, 549 MiB
2026/08/05 19:44:22.508, 2, 66.68 W, 0 %, 549 MiB
2026/08/05 19:44:22.508, 3, 66.01 W, 0 %, 549 MiB
2026/08/05 19:44:22.508, 4, 67.01 W, 0 %, 549 MiB
2026/08/05 19:44:22.508, 5, 67.56 W, 0 %, 549 MiB
2026/08/05 19:44:22.508, 6, 67.35 W, 0 %, 549 MiB
2026/08/05 19:44:22.508, 7, 68.43 W, 0 %, 549 MiB
2026/08/05 19:44:22.709, 0, 66.94 W, 0 %, 549 MiB
2026/08/05 19:44:22.709, 1, 66.28 W, 0 %, 549 MiB
2026/08/05 19:44:22.709, 2, 66.40 W, 0 %, 549 MiB
2026/08/05 19:44:22.709, 3, 66.01 W, 0 %, 549 MiB
2026/08/05 19:44:22.709, 4, 67.01 W, 0 %, 549 MiB
2026/08/05 19:44:22.709, 5, 67.56 W, 0 %, 549 MiB
2026/08/05 19:44:22.709, 6, 67.02 W, 0 %, 549 MiB
2026/08/05 19:44:22.709, 7, 68.43 W, 0 %, 549 MiB
2026/08/05 19:44:22.909, 0, 66.94 W, 0 %, 549 MiB
2026/08/05 19:44:22.909, 1, 66.61 W, 0 %, 549 MiB
2026/08/05 19:44:22.909, 2, 66.40 W, 0 %, 549 MiB
2026/08/05 19:44:22.910, 3, 66.01 W, 0 %, 549 MiB
2026/08/05 19:44:22.910, 4, 67.29 W, 0 %, 549 MiB
2026/08/05 19:44:22.910, 5, 67.56 W, 0 %, 549 MiB
2026/08/05 19:44:22.910, 6, 67.35 W, 0 %, 549 MiB
2026/08/05 19:44:22.910, 7, 68.43 W, 0 %, 549 MiB
2026/08/05 19:44:23.110, 0, 66.61 W, 0 %, 549 MiB
2026/08/05 19:44:23.110, 1, 66.28 W, 0 %, 549 MiB
2026/08/05 19:44:23.110, 2, 66.40 W, 0 %, 549 MiB
2026/08/05 19:44:23.110, 3, 66.01 W, 0 %, 549 MiB
2026/08/05 19:44:23.110, 4, 67.01 W, 0 %, 549 MiB
2026/08/05 19:44:23.110, 5, 67.56 W, 0 %, 549 MiB
2026/08/05 19:44:23.110, 6, 67.02 W, 0 %, 549 MiB
2026/08/05 19:44:23.110, 7, 68.43 W, 0 %, 549 MiB
2026/08/05 19:44:23.311, 0, 66.94 W, 0 %, 549 MiB
2026/08/05 19:44:23.311, 1, 66.28 W, 0 %, 549 MiB
2026/08/05 19:44:23.311, 2, 66.40 W, 0 %, 549 MiB
2026/08/05 19:44:23.311, 3, 66.01 W, 0 %, 549 MiB
2026/08/05 19:44:23.311, 4, 67.01 W, 0 %, 549 MiB
2026/08/05 19:44:23.311, 5, 67.56 W, 0 %, 549 MiB
2026/08/05 19:44:23.311, 6, 67.02 W, 0 %, 549 MiB
2026/08/05 19:44:23.311, 7, 68.43 W, 0 %, 549 MiB
2026/08/05 19:44:23.511, 0, 66.61 W, 0 %, 549 MiB
2026/08/05 19:44:23.512, 1, 66.28 W, 0 %, 549 MiB
2026/08/05 19:44:23.512, 2, 66.40 W, 0 %, 549 MiB
2026/08/05 19:44:23.512, 3, 66.01 W, 0 %, 549 MiB
2026/08/05 19:44:23.512, 4, 67.01 W, 0 %, 549 MiB
2026/08/05 19:44:23.512, 5, 67.56 W, 0 %, 549 MiB
2026/08/05 19:44:23.512, 6, 67.35 W, 0 %, 549 MiB
2026/08/05 19:44:23.512, 7, 68.76 W, 0 %, 549 MiB
2026/08/05 19:44:23.712, 0, 66.94 W, 0 %, 549 MiB
2026/08/05 19:44:23.712, 1, 66.61 W, 0 %, 549 MiB
2026/08/05 19:44:23.712, 2, 66.68 W, 0 %, 549 MiB
2026/08/05 19:44:23.712, 3, 66.01 W, 0 %, 549 MiB
2026/08/05 19:44:23.712, 4, 67.01 W, 0 %, 549 MiB
2026/08/05 19:44:23.712, 5, 67.56 W, 0 %, 549 MiB
2026/08/05 19:44:23.712, 6, 67.35 W, 0 %, 549 MiB
2026/08/05 19:44:23.712, 7, 68.76 W, 0 %, 549 MiB
2026/08/05 19:44:23.913, 0, 66.61 W, 0 %, 549 MiB
2026/08/05 19:44:23.913, 1, 66.28 W, 0 %, 549 MiB
2026/08/05 19:44:23.913, 2, 66.40 W, 0 %, 549 MiB
2026/08/05 19:44:23.913, 3, 66.01 W, 0 %, 549 MiB
2026/08/05 19:44:23.913, 4, 66.68 W, 0 %, 549 MiB
2026/08/05 19:44:23.913, 5, 67.56 W, 0 %, 549 MiB
2026/08/05 19:44:23.913, 6, 67.35 W, 0 %, 549 MiB
2026/08/05 19:44:23.913, 7, 68.43 W, 0 %, 549 MiB
2026/08/05 19:44:24.113, 0, 66.94 W, 0 %, 549 MiB
2026/08/05 19:44:24.114, 1, 66.28 W, 0 %, 549 MiB
2026/08/05 19:44:24.114, 2, 66.40 W, 0 %, 549 MiB
2026/08/05 19:44:24.114, 3, 66.01 W, 0 %, 549 MiB
2026/08/05 19:44:24.114, 4, 67.01 W, 0 %, 549 MiB
2026/08/05 19:44:24.114, 5, 67.56 W, 0 %, 549 MiB
2026/08/05 19:44:24.114, 6, 67.02 W, 0 %, 549 MiB
2026/08/05 19:44:24.114, 7, 68.76 W, 0 %, 549 MiB
2026/08/05 19:44:24.314, 0, 66.94 W, 0 %, 549 MiB
2026/08/05 19:44:24.314, 1, 66.61 W, 0 %, 549 MiB
2026/08/05 19:44:24.314, 2, 66.40 W, 0 %, 549 MiB
2026/08/05 19:44:24.315, 3, 66.01 W, 0 %, 549 MiB
2026/08/05 19:44:24.315, 4, 67.01 W, 0 %, 549 MiB
2026/08/05 19:44:24.315, 5, 67.56 W, 0 %, 549 MiB
2026/08/05 19:44:24.315, 6, 67.02 W, 0 %, 549 MiB
2026/08/05 19:44:24.315, 7, 68.43 W, 0 %, 549 MiB
2026/08/05 19:44:24.515, 0, 66.61 W, 0 %, 549 MiB
2026/08/05 19:44:24.515, 1, 67.22 W, 0 %, 549 MiB
2026/08/05 19:44:24.515, 2, 66.40 W, 0 %, 549 MiB
2026/08/05 19:44:24.515, 3, 66.01 W, 0 %, 549 MiB
2026/08/05 19:44:24.515, 4, 67.29 W, 0 %, 549 MiB
2026/08/05 19:44:24.515, 5, 67.56 W, 0 %, 549 MiB
2026/08/05 19:44:24.515, 6, 67.02 W, 0 %, 549 MiB
2026/08/05 19:44:24.515, 7, 68.43 W, 0 %, 549 MiB
2026/08/05 19:44:24.716, 0, 66.94 W, 0 %, 549 MiB
2026/08/05 19:44:24.716, 1, 66.28 W, 0 %, 549 MiB
2026/08/05 19:44:24.716, 2, 66.40 W, 0 %, 549 MiB
2026/08/05 19:44:24.716, 3, 66.01 W, 0 %, 549 MiB
2026/08/05 19:44:24.716, 4, 67.01 W, 0 %, 549 MiB
2026/08/05 19:44:24.716, 5, 67.56 W, 0 %, 549 MiB
2026/08/05 19:44:24.716, 6, 67.35 W, 0 %, 549 MiB
2026/08/05 19:44:24.716, 7, 68.43 W, 0 %, 549 MiB
2026/08/05 19:44:24.916, 0, 66.61 W, 0 %, 549 MiB
2026/08/05 19:44:24.916, 1, 66.28 W, 0 %, 549 MiB
2026/08/05 19:44:24.916, 2, 66.40 W, 0 %, 549 MiB
2026/08/05 19:44:24.916, 3, 66.01 W, 0 %, 549 MiB
2026/08/05 19:44:24.917, 4, 67.01 W, 0 %, 549 MiB
2026/08/05 19:44:24.917, 5, 67.56 W, 0 %, 549 MiB
2026/08/05 19:44:24.917, 6, 67.35 W, 0 %, 549 MiB
2026/08/05 19:44:24.917, 7, 68.76 W, 0 %, 549 MiB
2026/08/05 19:44:25.117, 0, 66.61 W, 0 %, 549 MiB
2026/08/05 19:44:25.118, 1, 66.28 W, 0 %, 549 MiB
2026/08/05 19:44:25.118, 2, 66.40 W, 0 %, 549 MiB
2026/08/05 19:44:25.118, 3, 65.72 W, 0 %, 549 MiB
2026/08/05 19:44:25.118, 4, 67.01 W, 0 %, 549 MiB
2026/08/05 19:44:25.119, 5, 67.56 W, 0 %, 549 MiB
2026/08/05 19:44:25.120, 6, 67.02 W, 0 %, 549 MiB
2026/08/05 19:44:25.120, 7, 68.43 W, 0 %, 549 MiB
2026/08/05 19:44:25.320, 0, 66.94 W, 0 %, 549 MiB
2026/08/05 19:44:25.320, 1, 66.61 W, 0 %, 549 MiB
2026/08/05 19:44:25.320, 2, 66.40 W, 0 %, 549 MiB
2026/08/05 19:44:25.320, 3, 66.01 W, 0 %, 549 MiB
2026/08/05 19:44:25.320, 4, 67.01 W, 0 %, 549 MiB
2026/08/05 19:44:25.320, 5, 67.56 W, 0 %, 549 MiB
2026/08/05 19:44:25.320, 6, 67.02 W, 0 %, 549 MiB
2026/08/05 19:44:25.320, 7, 68.43 W, 0 %, 549 MiB
2026/08/05 19:44:25.520, 0, 66.94 W, 0 %, 549 MiB
2026/08/05 19:44:25.521, 1, 66.61 W, 0 %, 549 MiB
2026/08/05 19:44:25.521, 2, 66.68 W, 0 %, 549 MiB
2026/08/05 19:44:25.521, 3, 66.01 W, 0 %, 549 MiB
2026/08/05 19:44:25.521, 4, 67.01 W, 0 %, 549 MiB
2026/08/05 19:44:25.521, 5, 67.56 W, 0 %, 549 MiB
2026/08/05 19:44:25.521, 6, 67.35 W, 0 %, 549 MiB
2026/08/05 19:44:25.521, 7, 68.76 W, 0 %, 549 MiB
2026/08/05 19:44:25.721, 0, 66.94 W, 0 %, 549 MiB
2026/08/05 19:44:25.721, 1, 66.28 W, 0 %, 549 MiB
2026/08/05 19:44:25.721, 2, 66.40 W, 0 %, 549 MiB
2026/08/05 19:44:25.721, 3, 66.01 W, 0 %, 549 MiB
2026/08/05 19:44:25.721, 4, 66.68 W, 0 %, 549 MiB
2026/08/05 19:44:25.722, 5, 67.56 W, 0 %, 549 MiB
2026/08/05 19:44:25.722, 6, 67.02 W, 0 %, 549 MiB
2026/08/05 19:44:25.722, 7, 68.43 W, 0 %, 549 MiB
2026/08/05 19:44:25.922, 0, 66.94 W, 0 %, 549 MiB
2026/08/05 19:44:25.922, 1, 66.28 W, 0 %, 549 MiB
2026/08/05 19:44:25.922, 2, 66.68 W, 0 %, 549 MiB
2026/08/05 19:44:25.922, 3, 66.01 W, 0 %, 549 MiB
2026/08/05 19:44:25.922, 4, 67.01 W, 0 %, 549 MiB
2026/08/05 19:44:25.922, 5, 67.56 W, 0 %, 549 MiB
2026/08/05 19:44:25.922, 6, 67.35 W, 0 %, 549 MiB
2026/08/05 19:44:25.922, 7, 68.76 W, 0 %, 549 MiB
2026/08/05 19:44:26.122, 0, 66.61 W, 0 %, 549 MiB
2026/08/05 19:44:26.123, 1, 66.28 W, 0 %, 549 MiB
2026/08/05 19:44:26.123, 2, 66.40 W, 0 %, 549 MiB
2026/08/05 19:44:26.123, 3, 66.01 W, 0 %, 549 MiB
2026/08/05 19:44:26.123, 4, 67.01 W, 0 %, 549 MiB
2026/08/05 19:44:26.123, 5, 67.23 W, 0 %, 549 MiB
2026/08/05 19:44:26.123, 6, 67.02 W, 0 %, 549 MiB
2026/08/05 19:44:26.123, 7, 68.43 W, 0 %, 549 MiB
2026/08/05 19:44:26.323, 0, 66.61 W, 0 %, 549 MiB
2026/08/05 19:44:26.323, 1, 66.28 W, 0 %, 549 MiB
2026/08/05 19:44:26.323, 2, 66.40 W, 0 %, 549 MiB
2026/08/05 19:44:26.323, 3, 66.01 W, 0 %, 549 MiB
2026/08/05 19:44:26.323, 4, 67.01 W, 0 %, 549 MiB
2026/08/05 19:44:26.324, 5, 67.23 W, 0 %, 549 MiB
2026/08/05 19:44:26.324, 6, 67.02 W, 0 %, 549 MiB
2026/08/05 19:44:26.324, 7, 68.43 W, 0 %, 549 MiB
2026/08/05 19:44:26.524, 0, 66.94 W, 0 %, 549 MiB
2026/08/05 19:44:26.524, 1, 66.28 W, 0 %, 549 MiB
2026/08/05 19:44:26.524, 2, 66.68 W, 0 %, 549 MiB
2026/08/05 19:44:26.524, 3, 66.01 W, 0 %, 549 MiB
2026/08/05 19:44:26.524, 4, 67.01 W, 0 %, 549 MiB
2026/08/05 19:44:26.524, 5, 67.23 W, 0 %, 549 MiB
2026/08/05 19:44:26.524, 6, 67.02 W, 0 %, 549 MiB
2026/08/05 19:44:26.524, 7, 68.43 W, 0 %, 549 MiB
2026/08/05 19:44:26.725, 0, 66.94 W, 0 %, 549 MiB
2026/08/05 19:44:26.725, 1, 66.28 W, 0 %, 549 MiB
2026/08/05 19:44:26.725, 2, 66.68 W, 0 %, 549 MiB
2026/08/05 19:44:26.725, 3, 66.01 W, 0 %, 549 MiB
2026/08/05 19:44:26.725, 4, 67.01 W, 0 %, 549 MiB
2026/08/05 19:44:26.725, 5, 67.56 W, 0 %, 549 MiB
2026/08/05 19:44:26.725, 6, 67.35 W, 0 %, 549 MiB
2026/08/05 19:44:26.725, 7, 68.43 W, 0 %, 549 MiB
2026/08/05 19:44:26.925, 0, 66.94 W, 0 %, 549 MiB
2026/08/05 19:44:26.926, 1, 66.28 W, 0 %, 549 MiB
2026/08/05 19:44:26.926, 2, 66.40 W, 0 %, 549 MiB
2026/08/05 19:44:26.926, 3, 66.01 W, 0 %, 549 MiB
2026/08/05 19:44:26.926, 4, 67.01 W, 0 %, 549 MiB
2026/08/05 19:44:26.926, 5, 67.56 W, 0 %, 549 MiB
2026/08/05 19:44:26.926, 6, 67.02 W, 0 %, 549 MiB
2026/08/05 19:44:26.926, 7, 68.43 W, 0 %, 549 MiB
2026/08/05 19:44:27.127, 0, 67.23 W, 0 %, 549 MiB
2026/08/05 19:44:27.127, 1, 66.28 W, 0 %, 549 MiB
2026/08/05 19:44:27.127, 2, 66.40 W, 0 %, 549 MiB
2026/08/05 19:44:27.127, 3, 66.01 W, 0 %, 549 MiB
2026/08/05 19:44:27.127, 4, 67.01 W, 0 %, 549 MiB
2026/08/05 19:44:27.127, 5, 68.49 W, 0 %, 549 MiB
2026/08/05 19:44:27.127, 6, 67.35 W, 0 %, 549 MiB
2026/08/05 19:44:27.127, 7, 68.43 W, 0 %, 549 MiB
2026/08/05 19:44:27.327, 0, 66.94 W, 0 %, 549 MiB
2026/08/05 19:44:27.327, 1, 66.28 W, 0 %, 549 MiB
2026/08/05 19:44:27.327, 2, 66.40 W, 0 %, 549 MiB
2026/08/05 19:44:27.327, 3, 66.01 W, 0 %, 549 MiB
2026/08/05 19:44:27.327, 4, 67.01 W, 0 %, 549 MiB
2026/08/05 19:44:27.327, 5, 67.89 W, 0 %, 549 MiB
2026/08/05 19:44:27.327, 6, 67.02 W, 0 %, 549 MiB
2026/08/05 19:44:27.327, 7, 68.43 W, 0 %, 549 MiB
2026/08/05 19:44:27.528, 0, 66.94 W, 0 %, 549 MiB
2026/08/05 19:44:27.528, 1, 66.28 W, 0 %, 549 MiB
2026/08/05 19:44:27.528, 2, 66.68 W, 0 %, 549 MiB
2026/08/05 19:44:27.528, 3, 66.01 W, 0 %, 549 MiB
2026/08/05 19:44:27.528, 4, 66.68 W, 0 %, 549 MiB
2026/08/05 19:44:27.528, 5, 67.89 W, 0 %, 549 MiB
2026/08/05 19:44:27.528, 6, 67.35 W, 0 %, 549 MiB
2026/08/05 19:44:27.528, 7, 68.76 W, 0 %, 549 MiB
2026/08/05 19:44:27.728, 0, 66.94 W, 0 %, 549 MiB
2026/08/05 19:44:27.728, 1, 66.28 W, 0 %, 549 MiB
2026/08/05 19:44:27.728, 2, 66.40 W, 0 %, 549 MiB
2026/08/05 19:44:27.729, 3, 66.01 W, 0 %, 549 MiB
2026/08/05 19:44:27.729, 4, 67.01 W, 0 %, 549 MiB
2026/08/05 19:44:27.729, 5, 67.56 W, 0 %, 549 MiB
2026/08/05 19:44:27.729, 6, 67.02 W, 0 %, 549 MiB
2026/08/05 19:44:27.729, 7, 68.43 W, 0 %, 549 MiB
2026/08/05 19:44:27.929, 0, 67.23 W, 0 %, 549 MiB
2026/08/05 19:44:27.931, 1, 66.28 W, 0 %, 549 MiB
2026/08/05 19:44:27.932, 2, 66.40 W, 0 %, 549 MiB
2026/08/05 19:44:27.932, 3, 66.01 W, 0 %, 549 MiB
2026/08/05 19:44:27.932, 4, 67.01 W, 0 %, 549 MiB
2026/08/05 19:44:27.932, 5, 68.78 W, 0 %, 549 MiB
2026/08/05 19:44:27.932, 6, 67.35 W, 0 %, 549 MiB
2026/08/05 19:44:27.932, 7, 68.43 W, 0 %, 549 MiB
2026/08/05 19:44:28.132, 0, 66.94 W, 0 %, 549 MiB
2026/08/05 19:44:28.132, 1, 66.28 W, 0 %, 549 MiB
2026/08/05 19:44:28.133, 2, 66.40 W, 0 %, 549 MiB
2026/08/05 19:44:28.133, 3, 66.01 W, 0 %, 549 MiB
2026/08/05 19:44:28.133, 4, 67.01 W, 0 %, 549 MiB
2026/08/05 19:44:28.133, 5, 67.89 W, 0 %, 549 MiB
2026/08/05 19:44:28.133, 6, 67.02 W, 0 %, 549 MiB
2026/08/05 19:44:28.133, 7, 68.43 W, 0 %, 549 MiB
2026/08/05 19:44:28.333, 0, 66.94 W, 0 %, 549 MiB
2026/08/05 19:44:28.333, 1, 66.28 W, 0 %, 549 MiB
2026/08/05 19:44:28.333, 2, 66.68 W, 0 %, 549 MiB
2026/08/05 19:44:28.333, 3, 66.01 W, 0 %, 549 MiB
2026/08/05 19:44:28.333, 4, 67.01 W, 0 %, 549 MiB
2026/08/05 19:44:28.333, 5, 67.23 W, 0 %, 549 MiB
2026/08/05 19:44:28.333, 6, 67.35 W, 0 %, 549 MiB
2026/08/05 19:44:28.333, 7, 68.43 W, 0 %, 549 MiB
2026/08/05 19:44:28.534, 0, 66.94 W, 0 %, 549 MiB
2026/08/05 19:44:28.534, 1, 66.28 W, 0 %, 549 MiB
2026/08/05 19:44:28.534, 2, 66.68 W, 0 %, 549 MiB
2026/08/05 19:44:28.534, 3, 65.72 W, 0 %, 549 MiB
2026/08/05 19:44:28.534, 4, 67.01 W, 0 %, 549 MiB
2026/08/05 19:44:28.534, 5, 67.56 W, 0 %, 549 MiB
2026/08/05 19:44:28.534, 6, 67.02 W, 0 %, 549 MiB
2026/08/05 19:44:28.534, 7, 68.43 W, 0 %, 549 MiB
2026/08/05 19:44:28.734, 0, 67.23 W, 0 %, 549 MiB
2026/08/05 19:44:28.734, 1, 66.28 W, 0 %, 549 MiB
2026/08/05 19:44:28.734, 2, 66.40 W, 0 %, 549 MiB
2026/08/05 19:44:28.734, 3, 66.01 W, 0 %, 549 MiB
2026/08/05 19:44:28.734, 4, 67.01 W, 0 %, 549 MiB
2026/08/05 19:44:28.734, 5, 67.23 W, 0 %, 549 MiB
2026/08/05 19:44:28.734, 6, 67.02 W, 0 %, 549 MiB
2026/08/05 19:44:28.734, 7, 68.43 W, 0 %, 549 MiB
2026/08/05 19:44:28.934, 0, 66.94 W, 0 %, 549 MiB
2026/08/05 19:44:28.934, 1, 66.28 W, 0 %, 549 MiB
2026/08/05 19:44:28.935, 2, 66.40 W, 0 %, 549 MiB
2026/08/05 19:44:28.935, 3, 66.01 W, 0 %, 549 MiB
2026/08/05 19:44:28.935, 4, 67.01 W, 0 %, 549 MiB
2026/08/05 19:44:28.935, 5, 67.56 W, 0 %, 549 MiB
2026/08/05 19:44:28.935, 6, 67.35 W, 0 %, 549 MiB
2026/08/05 19:44:28.935, 7, 68.43 W, 0 %, 549 MiB
2026/08/05 19:44:29.135, 0, 66.61 W, 0 %, 549 MiB
2026/08/05 19:44:29.135, 1, 66.28 W, 0 %, 549 MiB
2026/08/05 19:44:29.135, 2, 66.40 W, 0 %, 549 MiB
2026/08/05 19:44:29.135, 3, 66.01 W, 0 %, 549 MiB
2026/08/05 19:44:29.135, 4, 67.01 W, 0 %, 549 MiB
2026/08/05 19:44:29.135, 5, 67.56 W, 0 %, 549 MiB
2026/08/05 19:44:29.135, 6, 67.02 W, 0 %, 549 MiB
2026/08/05 19:44:29.136, 7, 68.43 W, 0 %, 549 MiB
2026/08/05 19:44:29.336, 0, 66.94 W, 0 %, 549 MiB
2026/08/05 19:44:29.336, 1, 66.28 W, 0 %, 549 MiB
2026/08/05 19:44:29.336, 2, 66.68 W, 0 %, 549 MiB
2026/08/05 19:44:29.336, 3, 66.01 W, 0 %, 549 MiB
2026/08/05 19:44:29.336, 4, 67.01 W, 0 %, 549 MiB
2026/08/05 19:44:29.336, 5, 67.56 W, 0 %, 549 MiB
2026/08/05 19:44:29.336, 6, 67.02 W, 0 %, 549 MiB
2026/08/05 19:44:29.336, 7, 68.76 W, 0 %, 549 MiB
2026/08/05 19:44:29.536, 0, 66.94 W, 0 %, 549 MiB
2026/08/05 19:44:29.536, 1, 66.28 W, 0 %, 549 MiB
2026/08/05 19:44:29.536, 2, 66.40 W, 0 %, 549 MiB
2026/08/05 19:44:29.537, 3, 66.01 W, 0 %, 549 MiB
2026/08/05 19:44:29.537, 4, 66.68 W, 0 %, 549 MiB
2026/08/05 19:44:29.537, 5, 67.23 W, 0 %, 549 MiB
2026/08/05 19:44:29.537, 6, 67.02 W, 0 %, 549 MiB
2026/08/05 19:44:29.537, 7, 68.43 W, 0 %, 549 MiB
2026/08/05 19:44:29.737, 0, 66.94 W, 0 %, 549 MiB
2026/08/05 19:44:29.737, 1, 66.28 W, 0 %, 549 MiB
2026/08/05 19:44:29.737, 2, 66.40 W, 0 %, 549 MiB
2026/08/05 19:44:29.737, 3, 66.01 W, 0 %, 549 MiB
2026/08/05 19:44:29.737, 4, 67.01 W, 0 %, 549 MiB
2026/08/05 19:44:29.737, 5, 67.56 W, 0 %, 549 MiB
2026/08/05 19:44:29.737, 6, 67.02 W, 0 %, 549 MiB
2026/08/05 19:44:29.737, 7, 68.76 W, 0 %, 549 MiB
2026/08/05 19:44:29.938, 0, 66.94 W, 0 %, 549 MiB
2026/08/05 19:44:29.938, 1, 66.28 W, 0 %, 549 MiB
2026/08/05 19:44:29.938, 2, 66.68 W, 0 %, 549 MiB
2026/08/05 19:44:29.938, 3, 66.01 W, 0 %, 549 MiB
2026/08/05 19:44:29.938, 4, 67.01 W, 0 %, 549 MiB
2026/08/05 19:44:29.938, 5, 67.23 W, 0 %, 549 MiB
2026/08/05 19:44:29.938, 6, 67.02 W, 0 %, 549 MiB
2026/08/05 19:44:29.938, 7, 68.43 W, 0 %, 549 MiB
2026/08/05 19:44:30.138, 0, 66.94 W, 0 %, 549 MiB
2026/08/05 19:44:30.138, 1, 66.28 W, 0 %, 549 MiB
2026/08/05 19:44:30.138, 2, 66.68 W, 0 %, 549 MiB
2026/08/05 19:44:30.138, 3, 66.01 W, 0 %, 549 MiB
2026/08/05 19:44:30.138, 4, 66.68 W, 0 %, 549 MiB
2026/08/05 19:44:30.139, 5, 67.23 W, 0 %, 549 MiB
2026/08/05 19:44:30.139, 6, 67.02 W, 0 %, 549 MiB
2026/08/05 19:44:30.139, 7, 68.76 W, 0 %, 549 MiB
2026/08/05 19:44:30.339, 0, 66.94 W, 0 %, 549 MiB
2026/08/05 19:44:30.340, 1, 66.28 W, 0 %, 549 MiB
2026/08/05 19:44:30.340, 2, 66.68 W, 0 %, 549 MiB
2026/08/05 19:44:30.340, 3, 66.01 W, 0 %, 549 MiB
2026/08/05 19:44:30.340, 4, 67.01 W, 0 %, 549 MiB
2026/08/05 19:44:30.340, 5, 67.23 W, 0 %, 549 MiB
2026/08/05 19:44:30.340, 6, 67.02 W, 0 %, 549 MiB
2026/08/05 19:44:30.340, 7, 68.43 W, 0 %, 549 MiB
2026/08/05 19:44:30.540, 0, 66.94 W, 0 %, 549 MiB
2026/08/05 19:44:30.540, 1, 66.28 W, 0 %, 549 MiB
2026/08/05 19:44:30.540, 2, 66.68 W, 0 %, 549 MiB
2026/08/05 19:44:30.540, 3, 66.01 W, 0 %, 549 MiB
2026/08/05 19:44:30.541, 4, 67.01 W, 0 %, 549 MiB
2026/08/05 19:44:30.541, 5, 67.23 W, 0 %, 549 MiB
2026/08/05 19:44:30.541, 6, 67.02 W, 0 %, 549 MiB
2026/08/05 19:44:30.541, 7, 68.43 W, 0 %, 549 MiB
2026/08/05 19:44:30.741, 0, 66.94 W, 0 %, 549 MiB
2026/08/05 19:44:30.741, 1, 66.28 W, 0 %, 549 MiB
2026/08/05 19:44:30.741, 2, 66.40 W, 0 %, 549 MiB
2026/08/05 19:44:30.741, 3, 66.01 W, 0 %, 549 MiB
2026/08/05 19:44:30.741, 4, 67.01 W, 0 %, 549 MiB
2026/08/05 19:44:30.741, 5, 67.56 W, 0 %, 549 MiB
2026/08/05 19:44:30.741, 6, 67.02 W, 0 %, 549 MiB
2026/08/05 19:44:30.741, 7, 68.43 W, 0 %, 549 MiB
2026/08/05 19:44:30.941, 0, 66.94 W, 0 %, 549 MiB
2026/08/05 19:44:30.942, 1, 66.28 W, 0 %, 549 MiB
2026/08/05 19:44:30.942, 2, 66.68 W, 0 %, 549 MiB
2026/08/05 19:44:30.942, 3, 66.01 W, 0 %, 549 MiB
2026/08/05 19:44:30.942, 4, 67.01 W, 0 %, 549 MiB
2026/08/05 19:44:30.942, 5, 67.56 W, 0 %, 549 MiB
2026/08/05 19:44:30.942, 6, 67.02 W, 0 %, 549 MiB
2026/08/05 19:44:30.942, 7, 68.76 W, 0 %, 549 MiB
2026/08/05 19:44:31.142, 0, 66.94 W, 0 %, 549 MiB
2026/08/05 19:44:31.142, 1, 66.28 W, 0 %, 549 MiB
2026/08/05 19:44:31.142, 2, 66.68 W, 0 %, 549 MiB
2026/08/05 19:44:31.142, 3, 66.01 W, 0 %, 549 MiB
2026/08/05 19:44:31.142, 4, 67.01 W, 0 %, 549 MiB
2026/08/05 19:44:31.142, 5, 67.89 W, 0 %, 549 MiB
2026/08/05 19:44:31.142, 6, 67.02 W, 0 %, 549 MiB
2026/08/05 19:44:31.142, 7, 68.43 W, 0 %, 549 MiB
2026/08/05 19:44:31.343, 0, 66.61 W, 0 %, 549 MiB
2026/08/05 19:44:31.343, 1, 66.28 W, 0 %, 549 MiB
2026/08/05 19:44:31.343, 2, 66.61 W, 0 %, 549 MiB
2026/08/05 19:44:31.343, 3, 66.01 W, 0 %, 549 MiB
2026/08/05 19:44:31.343, 4, 67.01 W, 0 %, 549 MiB
2026/08/05 19:44:31.343, 5, 67.89 W, 0 %, 549 MiB
2026/08/05 19:44:31.343, 6, 67.35 W, 0 %, 549 MiB
2026/08/05 19:44:31.343, 7, 68.43 W, 0 %, 549 MiB
2026/08/05 19:44:31.543, 0, 66.94 W, 0 %, 549 MiB
2026/08/05 19:44:31.544, 1, 66.28 W, 0 %, 549 MiB
2026/08/05 19:44:31.544, 2, 66.68 W, 0 %, 549 MiB
2026/08/05 19:44:31.544, 3, 66.61 W, 0 %, 549 MiB
2026/08/05 19:44:31.544, 4, 67.01 W, 0 %, 549 MiB
2026/08/05 19:44:31.544, 5, 67.56 W, 0 %, 549 MiB
2026/08/05 19:44:31.544, 6, 67.35 W, 0 %, 549 MiB
2026/08/05 19:44:31.544, 7, 68.43 W, 0 %, 549 MiB
2026/08/05 19:44:31.744, 0, 66.94 W, 0 %, 549 MiB
2026/08/05 19:44:31.744, 1, 66.28 W, 0 %, 549 MiB
2026/08/05 19:44:31.744, 2, 66.68 W, 0 %, 549 MiB
2026/08/05 19:44:31.744, 3, 66.01 W, 0 %, 549 MiB
2026/08/05 19:44:31.744, 4, 67.01 W, 0 %, 549 MiB
2026/08/05 19:44:31.744, 5, 67.56 W, 0 %, 549 MiB
2026/08/05 19:44:31.745, 6, 67.02 W, 0 %, 549 MiB
2026/08/05 19:44:31.745, 7, 68.76 W, 0 %, 549 MiB
2026/08/05 19:44:31.945, 0, 66.61 W, 0 %, 549 MiB
2026/08/05 19:44:31.946, 1, 66.61 W, 0 %, 549 MiB
2026/08/05 19:44:31.946, 2, 66.68 W, 0 %, 549 MiB
2026/08/05 19:44:31.947, 3, 66.01 W, 0 %, 549 MiB
2026/08/05 19:44:31.947, 4, 67.01 W, 0 %, 549 MiB
2026/08/05 19:44:31.947, 5, 67.56 W, 0 %, 549 MiB
2026/08/05 19:44:31.947, 6, 67.02 W, 0 %, 549 MiB
2026/08/05 19:44:31.947, 7, 68.76 W, 0 %, 549 MiB
2026/08/05 19:44:32.147, 0, 66.94 W, 0 %, 549 MiB
2026/08/05 19:44:32.149, 1, 66.28 W, 0 %, 549 MiB
2026/08/05 19:44:32.149, 2, 66.68 W, 0 %, 549 MiB
2026/08/05 19:44:32.150, 3, 66.01 W, 0 %, 549 MiB
2026/08/05 19:44:32.150, 4, 67.01 W, 0 %, 549 MiB
2026/08/05 19:44:32.150, 5, 67.56 W, 0 %, 549 MiB
2026/08/05 19:44:32.150, 6, 67.02 W, 0 %, 549 MiB
2026/08/05 19:44:32.150, 7, 69.36 W, 0 %, 549 MiB
2026/08/05 19:44:32.350, 0, 66.94 W, 0 %, 549 MiB
2026/08/05 19:44:32.350, 1, 66.28 W, 0 %, 549 MiB
2026/08/05 19:44:32.350, 2, 66.68 W, 0 %, 549 MiB
2026/08/05 19:44:32.350, 3, 66.34 W, 0 %, 549 MiB
2026/08/05 19:44:32.351, 4, 67.01 W, 0 %, 549 MiB
2026/08/05 19:44:32.351, 5, 67.56 W, 0 %, 549 MiB
2026/08/05 19:44:32.351, 6, 67.02 W, 0 %, 549 MiB
2026/08/05 19:44:32.351, 7, 68.76 W, 0 %, 549 MiB
2026/08/05 19:44:32.551, 0, 66.94 W, 0 %, 549 MiB
2026/08/05 19:44:32.551, 1, 66.28 W, 0 %, 549 MiB
2026/08/05 19:44:32.551, 2, 66.68 W, 0 %, 549 MiB
2026/08/05 19:44:32.551, 3, 66.01 W, 0 %, 549 MiB
2026/08/05 19:44:32.551, 4, 67.01 W, 0 %, 549 MiB
2026/08/05 19:44:32.551, 5, 67.56 W, 0 %, 549 MiB
2026/08/05 19:44:32.551, 6, 67.02 W, 0 %, 549 MiB
2026/08/05 19:44:32.551, 7, 68.76 W, 0 %, 549 MiB
2026/08/05 19:44:32.751, 0, 66.94 W, 0 %, 549 MiB
2026/08/05 19:44:32.751, 1, 66.28 W, 0 %, 549 MiB
2026/08/05 19:44:32.752, 2, 66.68 W, 0 %, 549 MiB
2026/08/05 19:44:32.752, 3, 66.01 W, 0 %, 549 MiB
2026/08/05 19:44:32.752, 4, 66.68 W, 0 %, 549 MiB
2026/08/05 19:44:32.752, 5, 67.56 W, 0 %, 549 MiB
2026/08/05 19:44:32.752, 6, 67.02 W, 0 %, 549 MiB
2026/08/05 19:44:32.752, 7, 68.43 W, 0 %, 549 MiB
2026/08/05 19:44:32.952, 0, 66.61 W, 0 %, 549 MiB
2026/08/05 19:44:32.952, 1, 66.28 W, 0 %, 549 MiB
2026/08/05 19:44:32.952, 2, 66.40 W, 0 %, 549 MiB
2026/08/05 19:44:32.952, 3, 66.01 W, 0 %, 549 MiB
2026/08/05 19:44:32.952, 4, 67.01 W, 0 %, 549 MiB
2026/08/05 19:44:32.953, 5, 67.56 W, 0 %, 549 MiB
2026/08/05 19:44:32.953, 6, 67.02 W, 0 %, 549 MiB
2026/08/05 19:44:32.953, 7, 68.76 W, 0 %, 549 MiB
2026/08/05 19:44:33.153, 0, 66.94 W, 0 %, 549 MiB
2026/08/05 19:44:33.153, 1, 66.28 W, 0 %, 549 MiB
2026/08/05 19:44:33.153, 2, 66.68 W, 0 %, 549 MiB
2026/08/05 19:44:33.153, 3, 66.01 W, 0 %, 549 MiB
2026/08/05 19:44:33.153, 4, 67.01 W, 0 %, 549 MiB
2026/08/05 19:44:33.153, 5, 67.56 W, 0 %, 549 MiB
2026/08/05 19:44:33.153, 6, 67.02 W, 0 %, 549 MiB
2026/08/05 19:44:33.153, 7, 68.76 W, 0 %, 549 MiB
2026/08/05 19:44:33.353, 0, 66.61 W, 0 %, 549 MiB
2026/08/05 19:44:33.353, 1, 66.28 W, 0 %, 549 MiB
2026/08/05 19:44:33.353, 2, 66.68 W, 0 %, 549 MiB
2026/08/05 19:44:33.353, 3, 66.01 W, 0 %, 549 MiB
2026/08/05 19:44:33.353, 4, 67.01 W, 0 %, 549 MiB
2026/08/05 19:44:33.353, 5, 67.56 W, 0 %, 549 MiB
2026/08/05 19:44:33.353, 6, 67.02 W, 0 %, 549 MiB
2026/08/05 19:44:33.353, 7, 68.76 W, 0 %, 549 MiB
2026/08/05 19:44:33.553, 0, 66.61 W, 0 %, 549 MiB
2026/08/05 19:44:33.554, 1, 66.28 W, 0 %, 549 MiB
2026/08/05 19:44:33.554, 2, 66.40 W, 0 %, 549 MiB
2026/08/05 19:44:33.554, 3, 66.01 W, 0 %, 549 MiB
2026/08/05 19:44:33.554, 4, 67.01 W, 0 %, 549 MiB
2026/08/05 19:44:33.554, 5, 67.56 W, 0 %, 549 MiB
2026/08/05 19:44:33.554, 6, 67.35 W, 0 %, 549 MiB
2026/08/05 19:44:33.554, 7, 68.43 W, 0 %, 549 MiB
2026/08/05 19:44:33.754, 0, 66.94 W, 0 %, 549 MiB
2026/08/05 19:44:33.754, 1, 66.28 W, 0 %, 549 MiB
2026/08/05 19:44:33.754, 2, 66.40 W, 0 %, 549 MiB
2026/08/05 19:44:33.754, 3, 66.01 W, 0 %, 549 MiB
2026/08/05 19:44:33.754, 4, 67.01 W, 0 %, 549 MiB
2026/08/05 19:44:33.754, 5, 67.23 W, 0 %, 549 MiB
2026/08/05 19:44:33.754, 6, 67.02 W, 0 %, 549 MiB
2026/08/05 19:44:33.754, 7, 68.76 W, 0 %, 549 MiB
2026/08/05 19:44:33.954, 0, 66.94 W, 0 %, 549 MiB
2026/08/05 19:44:33.955, 1, 66.61 W, 0 %, 549 MiB
2026/08/05 19:44:33.955, 2, 67.01 W, 0 %, 549 MiB
2026/08/05 19:44:33.955, 3, 66.01 W, 0 %, 549 MiB
2026/08/05 19:44:33.955, 4, 67.01 W, 0 %, 549 MiB
2026/08/05 19:44:33.955, 5, 67.56 W, 0 %, 549 MiB
2026/08/05 19:44:33.955, 6, 67.02 W, 0 %, 549 MiB
2026/08/05 19:44:33.955, 7, 68.76 W, 0 %, 549 MiB
2026/08/05 19:44:34.155, 0, 66.94 W, 0 %, 549 MiB
2026/08/05 19:44:34.155, 1, 66.28 W, 0 %, 549 MiB
2026/08/05 19:44:34.155, 2, 66.68 W, 0 %, 549 MiB
2026/08/05 19:44:34.155, 3, 66.01 W, 0 %, 549 MiB
2026/08/05 19:44:34.155, 4, 67.01 W, 0 %, 549 MiB
2026/08/05 19:44:34.155, 5, 67.56 W, 0 %, 549 MiB
2026/08/05 19:44:34.155, 6, 67.02 W, 0 %, 549 MiB
2026/08/05 19:44:34.155, 7, 68.76 W, 0 %, 549 MiB
2026/08/05 19:44:34.355, 0, 66.94 W, 0 %, 549 MiB
2026/08/05 19:44:34.355, 1, 66.28 W, 0 %, 549 MiB
2026/08/05 19:44:34.355, 2, 66.40 W, 0 %, 549 MiB
2026/08/05 19:44:34.356, 3, 66.01 W, 0 %, 549 MiB
2026/08/05 19:44:34.356, 4, 67.01 W, 0 %, 549 MiB
2026/08/05 19:44:34.356, 5, 67.56 W, 0 %, 549 MiB
2026/08/05 19:44:34.356, 6, 67.35 W, 0 %, 549 MiB
2026/08/05 19:44:34.356, 7, 68.43 W, 0 %, 549 MiB
2026/08/05 19:44:34.556, 0, 66.61 W, 0 %, 549 MiB
2026/08/05 19:44:34.556, 1, 66.28 W, 0 %, 549 MiB
2026/08/05 19:44:34.556, 2, 66.40 W, 0 %, 549 MiB
2026/08/05 19:44:34.556, 3, 66.01 W, 0 %, 549 MiB
2026/08/05 19:44:34.556, 4, 67.01 W, 0 %, 549 MiB
2026/08/05 19:44:34.556, 5, 67.56 W, 0 %, 549 MiB
2026/08/05 19:44:34.557, 6, 67.02 W, 0 %, 549 MiB
2026/08/05 19:44:34.557, 7, 68.76 W, 0 %, 549 MiB
2026/08/05 19:44:34.757, 0, 66.94 W, 0 %, 549 MiB
2026/08/05 19:44:34.757, 1, 66.28 W, 0 %, 549 MiB
2026/08/05 19:44:34.757, 2, 66.68 W, 0 %, 549 MiB
2026/08/05 19:44:34.757, 3, 66.34 W, 0 %, 549 MiB
2026/08/05 19:44:34.757, 4, 67.01 W, 0 %, 549 MiB
2026/08/05 19:44:34.757, 5, 67.56 W, 0 %, 549 MiB
2026/08/05 19:44:34.757, 6, 67.02 W, 0 %, 549 MiB
2026/08/05 19:44:34.757, 7, 68.43 W, 0 %, 549 MiB
2026/08/05 19:44:34.957, 0, 66.94 W, 0 %, 549 MiB
2026/08/05 19:44:34.957, 1, 66.28 W, 0 %, 549 MiB
2026/08/05 19:44:34.957, 2, 66.40 W, 0 %, 549 MiB
2026/08/05 19:44:34.957, 3, 66.01 W, 0 %, 549 MiB
2026/08/05 19:44:34.957, 4, 67.01 W, 0 %, 549 MiB
2026/08/05 19:44:34.957, 5, 67.56 W, 0 %, 549 MiB
2026/08/05 19:44:34.957, 6, 67.02 W, 0 %, 549 MiB
2026/08/05 19:44:34.957, 7, 68.76 W, 0 %, 549 MiB
2026/08/05 19:44:35.158, 0, 66.61 W, 0 %, 549 MiB
2026/08/05 19:44:35.158, 1, 66.28 W, 0 %, 549 MiB
2026/08/05 19:44:35.158, 2, 66.40 W, 0 %, 549 MiB
2026/08/05 19:44:35.158, 3, 66.01 W, 0 %, 549 MiB
2026/08/05 19:44:35.159, 4, 67.01 W, 0 %, 549 MiB
2026/08/05 19:44:35.159, 5, 67.56 W, 0 %, 549 MiB
2026/08/05 19:44:35.159, 6, 67.02 W, 0 %, 549 MiB
2026/08/05 19:44:35.159, 7, 68.43 W, 0 %, 549 MiB
2026/08/05 19:44:35.359, 0, 66.94 W, 0 %, 549 MiB
2026/08/05 19:44:35.359, 1, 66.28 W, 0 %, 549 MiB
2026/08/05 19:44:35.359, 2, 66.68 W, 0 %, 549 MiB
2026/08/05 19:44:35.359, 3, 66.01 W, 0 %, 549 MiB
2026/08/05 19:44:35.359, 4, 67.01 W, 0 %, 549 MiB
2026/08/05 19:44:35.360, 5, 67.56 W, 0 %, 549 MiB
2026/08/05 19:44:35.360, 6, 67.02 W, 0 %, 549 MiB
2026/08/05 19:44:35.360, 7, 68.76 W, 0 %, 549 MiB
2026/08/05 19:44:35.560, 0, 66.61 W, 0 %, 549 MiB
2026/08/05 19:44:35.560, 1, 66.28 W, 0 %, 549 MiB
2026/08/05 19:44:35.560, 2, 66.40 W, 0 %, 549 MiB
2026/08/05 19:44:35.560, 3, 66.01 W, 0 %, 549 MiB
2026/08/05 19:44:35.560, 4, 67.01 W, 0 %, 549 MiB
2026/08/05 19:44:35.560, 5, 67.56 W, 0 %, 549 MiB
2026/08/05 19:44:35.560, 6, 67.02 W, 0 %, 549 MiB
2026/08/05 19:44:35.560, 7, 68.43 W, 0 %, 549 MiB
2026/08/05 19:44:35.760, 0, 66.94 W, 0 %, 549 MiB
2026/08/05 19:44:35.761, 1, 66.28 W, 0 %, 549 MiB
2026/08/05 19:44:35.761, 2, 66.68 W, 0 %, 549 MiB
2026/08/05 19:44:35.761, 3, 66.01 W, 0 %, 549 MiB
2026/08/05 19:44:35.761, 4, 66.68 W, 0 %, 549 MiB
2026/08/05 19:44:35.761, 5, 67.56 W, 0 %, 549 MiB
2026/08/05 19:44:35.761, 6, 67.35 W, 0 %, 549 MiB
2026/08/05 19:44:35.761, 7, 68.76 W, 0 %, 549 MiB
2026/08/05 19:44:35.961, 0, 66.94 W, 0 %, 549 MiB
2026/08/05 19:44:35.961, 1, 66.28 W, 0 %, 549 MiB
2026/08/05 19:44:35.961, 2, 66.40 W, 0 %, 549 MiB
2026/08/05 19:44:35.961, 3, 66.01 W, 0 %, 549 MiB
2026/08/05 19:44:35.961, 4, 67.01 W, 0 %, 549 MiB
2026/08/05 19:44:35.961, 5, 67.56 W, 0 %, 549 MiB
2026/08/05 19:44:35.961, 6, 67.02 W, 0 %, 549 MiB
2026/08/05 19:44:35.961, 7, 68.43 W, 0 %, 549 MiB
2026/08/05 19:44:36.161, 0, 66.61 W, 0 %, 549 MiB
2026/08/05 19:44:36.162, 1, 66.28 W, 0 %, 549 MiB
2026/08/05 19:44:36.162, 2, 66.40 W, 0 %, 549 MiB
2026/08/05 19:44:36.162, 3, 66.01 W, 0 %, 549 MiB
2026/08/05 19:44:36.162, 4, 66.68 W, 0 %, 549 MiB
2026/08/05 19:44:36.162, 5, 67.56 W, 0 %, 549 MiB
2026/08/05 19:44:36.162, 6, 67.02 W, 0 %, 549 MiB
2026/08/05 19:44:36.162, 7, 68.43 W, 0 %, 549 MiB
2026/08/05 19:44:36.363, 0, 66.61 W, 0 %, 549 MiB
2026/08/05 19:44:36.363, 1, 66.28 W, 0 %, 549 MiB
2026/08/05 19:44:36.363, 2, 66.68 W, 0 %, 549 MiB
2026/08/05 19:44:36.363, 3, 66.01 W, 0 %, 549 MiB
2026/08/05 19:44:36.363, 4, 67.01 W, 0 %, 549 MiB
2026/08/05 19:44:36.363, 5, 67.56 W, 0 %, 549 MiB
2026/08/05 19:44:36.363, 6, 67.02 W, 0 %, 549 MiB
2026/08/05 19:44:36.363, 7, 68.76 W, 0 %, 549 MiB
2026/08/05 19:44:36.563, 0, 66.94 W, 0 %, 549 MiB
2026/08/05 19:44:36.563, 1, 66.28 W, 0 %, 549 MiB
2026/08/05 19:44:36.563, 2, 66.40 W, 0 %, 549 MiB
2026/08/05 19:44:36.563, 3, 66.34 W, 0 %, 549 MiB
2026/08/05 19:44:36.563, 4, 67.01 W, 0 %, 549 MiB
2026/08/05 19:44:36.563, 5, 67.56 W, 0 %, 549 MiB
2026/08/05 19:44:36.563, 6, 67.02 W, 0 %, 549 MiB
2026/08/05 19:44:36.564, 7, 68.43 W, 0 %, 549 MiB
2026/08/05 19:44:36.764, 0, 66.61 W, 0 %, 549 MiB
2026/08/05 19:44:36.764, 1, 66.28 W, 0 %, 549 MiB
2026/08/05 19:44:36.764, 2, 66.40 W, 0 %, 549 MiB
2026/08/05 19:44:36.764, 3, 66.01 W, 0 %, 549 MiB
2026/08/05 19:44:36.764, 4, 67.01 W, 0 %, 549 MiB
2026/08/05 19:44:36.764, 5, 67.56 W, 0 %, 549 MiB
2026/08/05 19:44:36.764, 6, 67.02 W, 0 %, 549 MiB
2026/08/05 19:44:36.764, 7, 68.43 W, 0 %, 549 MiB
2026/08/05 19:44:36.964, 0, 66.94 W, 0 %, 549 MiB
2026/08/05 19:44:36.964, 1, 66.28 W, 0 %, 549 MiB
2026/08/05 19:44:36.965, 2, 66.40 W, 0 %, 549 MiB
2026/08/05 19:44:36.965, 3, 66.01 W, 0 %, 549 MiB
2026/08/05 19:44:36.965, 4, 67.01 W, 0 %, 549 MiB
2026/08/05 19:44:36.965, 5, 67.56 W, 0 %, 549 MiB
2026/08/05 19:44:36.965, 6, 67.02 W, 0 %, 549 MiB
2026/08/05 19:44:36.965, 7, 68.43 W, 0 %, 549 MiB
2026/08/05 19:44:37.165, 0, 66.61 W, 0 %, 549 MiB
2026/08/05 19:44:37.165, 1, 66.28 W, 0 %, 549 MiB
2026/08/05 19:44:37.165, 2, 66.40 W, 0 %, 549 MiB
2026/08/05 19:44:37.165, 3, 66.01 W, 0 %, 549 MiB
2026/08/05 19:44:37.165, 4, 67.01 W, 0 %, 549 MiB
2026/08/05 19:44:37.165, 5, 67.56 W, 0 %, 549 MiB
2026/08/05 19:44:37.165, 6, 67.02 W, 0 %, 549 MiB
2026/08/05 19:44:37.165, 7, 68.43 W, 0 %, 549 MiB
2026/08/05 19:44:37.366, 0, 66.94 W, 0 %, 549 MiB
2026/08/05 19:44:37.366, 1, 66.61 W, 0 %, 549 MiB
2026/08/05 19:44:37.366, 2, 66.40 W, 0 %, 549 MiB
2026/08/05 19:44:37.366, 3, 66.01 W, 0 %, 549 MiB
2026/08/05 19:44:37.366, 4, 67.01 W, 0 %, 549 MiB
2026/08/05 19:44:37.366, 5, 67.56 W, 0 %, 549 MiB
2026/08/05 19:44:37.366, 6, 67.02 W, 0 %, 549 MiB
2026/08/05 19:44:37.366, 7, 68.43 W, 0 %, 549 MiB
2026/08/05 19:44:37.566, 0, 66.61 W, 0 %, 549 MiB
2026/08/05 19:44:37.569, 1, 66.28 W, 0 %, 549 MiB
2026/08/05 19:44:37.569, 2, 66.40 W, 0 %, 549 MiB
2026/08/05 19:44:37.570, 3, 66.01 W, 0 %, 549 MiB
2026/08/05 19:44:37.570, 4, 67.01 W, 0 %, 549 MiB
2026/08/05 19:44:37.570, 5, 67.56 W, 0 %, 549 MiB
2026/08/05 19:44:37.570, 6, 67.02 W, 0 %, 549 MiB
2026/08/05 19:44:37.570, 7, 68.43 W, 0 %, 549 MiB
2026/08/05 19:44:37.770, 0, 66.61 W, 0 %, 549 MiB
2026/08/05 19:44:37.770, 1, 66.28 W, 0 %, 549 MiB
2026/08/05 19:44:37.770, 2, 66.40 W, 0 %, 549 MiB
2026/08/05 19:44:37.771, 3, 66.01 W, 0 %, 549 MiB
2026/08/05 19:44:37.771, 4, 67.01 W, 0 %, 549 MiB
2026/08/05 19:44:37.771, 5, 67.56 W, 0 %, 549 MiB
2026/08/05 19:44:37.771, 6, 67.02 W, 0 %, 549 MiB
2026/08/05 19:44:37.772, 7, 68.43 W, 0 %, 549 MiB
2026/08/05 19:44:37.973, 0, 66.94 W, 0 %, 549 MiB
2026/08/05 19:44:37.973, 1, 66.28 W, 0 %, 549 MiB
2026/08/05 19:44:37.973, 2, 66.40 W, 0 %, 549 MiB
2026/08/05 19:44:37.973, 3, 66.01 W, 0 %, 549 MiB
2026/08/05 19:44:37.973, 4, 67.01 W, 0 %, 549 MiB
2026/08/05 19:44:37.973, 5, 67.56 W, 0 %, 549 MiB
2026/08/05 19:44:37.973, 6, 67.02 W, 0 %, 549 MiB
2026/08/05 19:44:37.973, 7, 68.43 W, 0 %, 549 MiB
2026/08/05 19:44:38.173, 0, 66.94 W, 0 %, 549 MiB
2026/08/05 19:44:38.173, 1, 66.28 W, 0 %, 549 MiB
2026/08/05 19:44:38.174, 2, 66.68 W, 0 %, 549 MiB
2026/08/05 19:44:38.174, 3, 65.72 W, 0 %, 549 MiB
2026/08/05 19:44:38.174, 4, 67.01 W, 0 %, 549 MiB
2026/08/05 19:44:38.174, 5, 67.56 W, 0 %, 549 MiB
2026/08/05 19:44:38.174, 6, 67.02 W, 0 %, 549 MiB
2026/08/05 19:44:38.174, 7, 68.43 W, 0 %, 549 MiB
2026/08/05 19:44:38.374, 0, 66.94 W, 0 %, 549 MiB
2026/08/05 19:44:38.374, 1, 66.61 W, 0 %, 549 MiB
2026/08/05 19:44:38.374, 2, 66.40 W, 0 %, 549 MiB
2026/08/05 19:44:38.374, 3, 66.01 W, 0 %, 549 MiB
2026/08/05 19:44:38.374, 4, 67.01 W, 0 %, 549 MiB
2026/08/05 19:44:38.374, 5, 67.56 W, 0 %, 549 MiB
2026/08/05 19:44:38.374, 6, 67.02 W, 0 %, 549 MiB
2026/08/05 19:44:38.374, 7, 68.43 W, 0 %, 549 MiB
2026/08/05 19:44:38.575, 0, 66.61 W, 0 %, 549 MiB
2026/08/05 19:44:38.584, 1, 66.28 W, 0 %, 549 MiB
2026/08/05 19:44:38.585, 2, 66.40 W, 0 %, 549 MiB
2026/08/05 19:44:38.585, 3, 66.01 W, 0 %, 549 MiB
2026/08/05 19:44:38.585, 4, 67.01 W, 0 %, 549 MiB
2026/08/05 19:44:38.585, 5, 67.56 W, 0 %, 549 MiB
2026/08/05 19:44:38.585, 6, 67.35 W, 0 %, 549 MiB
2026/08/05 19:44:38.585, 7, 68.43 W, 0 %, 549 MiB
2026/08/05 19:44:38.785, 0, 66.94 W, 0 %, 549 MiB
2026/08/05 19:44:38.785, 1, 66.28 W, 0 %, 549 MiB
2026/08/05 19:44:38.785, 2, 66.40 W, 0 %, 549 MiB
2026/08/05 19:44:38.785, 3, 66.01 W, 0 %, 549 MiB
2026/08/05 19:44:38.785, 4, 67.01 W, 0 %, 549 MiB
2026/08/05 19:44:38.785, 5, 67.56 W, 0 %, 549 MiB
2026/08/05 19:44:38.786, 6, 67.02 W, 0 %, 549 MiB
2026/08/05 19:44:38.786, 7, 68.43 W, 0 %, 549 MiB
2026/08/05 19:44:38.986, 0, 66.94 W, 0 %, 549 MiB
2026/08/05 19:44:38.986, 1, 66.28 W, 0 %, 549 MiB
2026/08/05 19:44:38.986, 2, 66.40 W, 0 %, 549 MiB
2026/08/05 19:44:38.986, 3, 66.01 W, 0 %, 549 MiB
2026/08/05 19:44:38.986, 4, 67.01 W, 0 %, 549 MiB
2026/08/05 19:44:38.986, 5, 67.56 W, 0 %, 549 MiB
2026/08/05 19:44:38.986, 6, 67.02 W, 0 %, 549 MiB
2026/08/05 19:44:38.986, 7, 68.43 W, 0 %, 549 MiB
2026/08/05 19:44:39.187, 0, 66.61 W, 0 %, 549 MiB
2026/08/05 19:44:39.187, 1, 66.61 W, 0 %, 549 MiB
2026/08/05 19:44:39.187, 2, 66.40 W, 0 %, 549 MiB
2026/08/05 19:44:39.187, 3, 65.72 W, 0 %, 549 MiB
2026/08/05 19:44:39.187, 4, 67.01 W, 0 %, 549 MiB
2026/08/05 19:44:39.187, 5, 67.89 W, 0 %, 549 MiB
2026/08/05 19:44:39.187, 6, 67.02 W, 0 %, 549 MiB
2026/08/05 19:44:39.187, 7, 68.43 W, 0 %, 549 MiB
2026/08/05 19:44:39.387, 0, 66.94 W, 0 %, 549 MiB
2026/08/05 19:44:39.387, 1, 66.28 W, 0 %, 549 MiB
2026/08/05 19:44:39.387, 2, 66.40 W, 0 %, 549 MiB
2026/08/05 19:44:39.387, 3, 66.01 W, 0 %, 549 MiB
2026/08/05 19:44:39.388, 4, 67.01 W, 0 %, 549 MiB
2026/08/05 19:44:39.388, 5, 67.56 W, 0 %, 549 MiB
2026/08/05 19:44:39.388, 6, 67.02 W, 0 %, 549 MiB
2026/08/05 19:44:39.388, 7, 68.43 W, 0 %, 549 MiB
2026/08/05 19:44:39.588, 0, 66.61 W, 0 %, 549 MiB
2026/08/05 19:44:39.588, 1, 66.28 W, 0 %, 549 MiB
2026/08/05 19:44:39.588, 2, 66.40 W, 0 %, 549 MiB
2026/08/05 19:44:39.588, 3, 66.01 W, 0 %, 549 MiB
2026/08/05 19:44:39.588, 4, 67.01 W, 0 %, 549 MiB
2026/08/05 19:44:39.588, 5, 67.56 W, 0 %, 549 MiB
2026/08/05 19:44:39.588, 6, 67.02 W, 0 %, 549 MiB
2026/08/05 19:44:39.588, 7, 68.43 W, 0 %, 549 MiB
2026/08/05 19:44:39.788, 0, 66.94 W, 0 %, 549 MiB
2026/08/05 19:44:39.789, 1, 66.28 W, 0 %, 549 MiB
2026/08/05 19:44:39.789, 2, 66.40 W, 0 %, 549 MiB
2026/08/05 19:44:39.789, 3, 66.01 W, 0 %, 549 MiB
2026/08/05 19:44:39.789, 4, 67.01 W, 0 %, 549 MiB
2026/08/05 19:44:39.789, 5, 67.56 W, 0 %, 549 MiB
2026/08/05 19:44:39.789, 6, 67.02 W, 0 %, 549 MiB
2026/08/05 19:44:39.789, 7, 68.43 W, 0 %, 549 MiB
2026/08/05 19:44:39.989, 0, 66.61 W, 0 %, 549 MiB
2026/08/05 19:44:39.989, 1, 66.61 W, 0 %, 549 MiB
2026/08/05 19:44:39.989, 2, 66.40 W, 0 %, 549 MiB
2026/08/05 19:44:39.989, 3, 66.01 W, 0 %, 549 MiB
2026/08/05 19:44:39.989, 4, 67.01 W, 0 %, 549 MiB
2026/08/05 19:44:39.989, 5, 67.56 W, 0 %, 549 MiB
2026/08/05 19:44:39.989, 6, 67.02 W, 0 %, 549 MiB
2026/08/05 19:44:39.989, 7, 68.43 W, 0 %, 549 MiB
2026/08/05 19:44:40.189, 0, 66.61 W, 0 %, 549 MiB
2026/08/05 19:44:40.189, 1, 66.28 W, 0 %, 549 MiB
2026/08/05 19:44:40.190, 2, 66.40 W, 0 %, 549 MiB
2026/08/05 19:44:40.190, 3, 65.72 W, 0 %, 549 MiB
2026/08/05 19:44:40.190, 4, 67.01 W, 0 %, 549 MiB
2026/08/05 19:44:40.190, 5, 67.56 W, 0 %, 549 MiB
2026/08/05 19:44:40.190, 6, 67.35 W, 0 %, 549 MiB
2026/08/05 19:44:40.190, 7, 68.43 W, 0 %, 549 MiB
2026/08/05 19:44:40.390, 0, 66.61 W, 0 %, 549 MiB
2026/08/05 19:44:40.390, 1, 66.28 W, 0 %, 549 MiB
2026/08/05 19:44:40.390, 2, 66.40 W, 0 %, 549 MiB
2026/08/05 19:44:40.390, 3, 66.01 W, 0 %, 549 MiB
2026/08/05 19:44:40.390, 4, 67.01 W, 0 %, 549 MiB
2026/08/05 19:44:40.390, 5, 67.56 W, 0 %, 549 MiB
2026/08/05 19:44:40.390, 6, 67.02 W, 0 %, 549 MiB
2026/08/05 19:44:40.390, 7, 68.43 W, 0 %, 549 MiB
2026/08/05 19:44:40.591, 0, 66.94 W, 0 %, 549 MiB
2026/08/05 19:44:40.591, 1, 66.28 W, 0 %, 549 MiB
2026/08/05 19:44:40.591, 2, 66.68 W, 0 %, 549 MiB
2026/08/05 19:44:40.591, 3, 66.01 W, 0 %, 549 MiB
2026/08/05 19:44:40.591, 4, 67.29 W, 0 %, 549 MiB
2026/08/05 19:44:40.591, 5, 67.56 W, 0 %, 549 MiB
2026/08/05 19:44:40.591, 6, 67.02 W, 0 %, 549 MiB
2026/08/05 19:44:40.591, 7, 68.43 W, 0 %, 549 MiB
2026/08/05 19:44:40.791, 0, 66.61 W, 0 %, 549 MiB
2026/08/05 19:44:40.791, 1, 66.28 W, 0 %, 549 MiB
2026/08/05 19:44:40.791, 2, 66.40 W, 0 %, 549 MiB
2026/08/05 19:44:40.792, 3, 66.01 W, 0 %, 549 MiB
2026/08/05 19:44:40.792, 4, 67.01 W, 0 %, 549 MiB
2026/08/05 19:44:40.792, 5, 67.56 W, 0 %, 549 MiB
2026/08/05 19:44:40.792, 6, 67.02 W, 0 %, 549 MiB
2026/08/05 19:44:40.792, 7, 68.43 W, 0 %, 549 MiB
2026/08/05 19:44:40.992, 0, 67.23 W, 0 %, 549 MiB
2026/08/05 19:44:40.993, 1, 66.61 W, 0 %, 549 MiB
2026/08/05 19:44:40.993, 2, 66.40 W, 0 %, 549 MiB
2026/08/05 19:44:40.993, 3, 66.01 W, 0 %, 549 MiB
2026/08/05 19:44:40.994, 4, 67.01 W, 0 %, 549 MiB
2026/08/05 19:44:40.994, 5, 67.56 W, 0 %, 549 MiB
2026/08/05 19:44:40.994, 6, 67.02 W, 0 %, 549 MiB
2026/08/05 19:44:40.994, 7, 68.43 W, 0 %, 549 MiB
2026/08/05 19:44:41.194, 0, 66.94 W, 0 %, 549 MiB
2026/08/05 19:44:41.195, 1, 66.28 W, 0 %, 549 MiB
2026/08/05 19:44:41.195, 2, 66.40 W, 0 %, 549 MiB
2026/08/05 19:44:41.195, 3, 66.01 W, 0 %, 549 MiB
2026/08/05 19:44:41.195, 4, 67.01 W, 0 %, 549 MiB
2026/08/05 19:44:41.195, 5, 67.56 W, 0 %, 549 MiB
2026/08/05 19:44:41.195, 6, 67.02 W, 0 %, 549 MiB
2026/08/05 19:44:41.195, 7, 68.43 W, 0 %, 549 MiB
2026/08/05 19:44:41.396, 0, 66.94 W, 0 %, 549 MiB
2026/08/05 19:44:41.396, 1, 66.28 W, 0 %, 549 MiB
2026/08/05 19:44:41.396, 2, 66.40 W, 0 %, 549 MiB
2026/08/05 19:44:41.396, 3, 66.01 W, 0 %, 549 MiB
2026/08/05 19:44:41.396, 4, 67.29 W, 0 %, 549 MiB
2026/08/05 19:44:41.396, 5, 67.56 W, 0 %, 549 MiB
2026/08/05 19:44:41.396, 6, 67.02 W, 0 %, 549 MiB
2026/08/05 19:44:41.396, 7, 68.43 W, 0 %, 549 MiB
2026/08/05 19:44:41.596, 0, 66.94 W, 0 %, 549 MiB
2026/08/05 19:44:41.596, 1, 66.28 W, 0 %, 549 MiB
2026/08/05 19:44:41.596, 2, 66.40 W, 0 %, 549 MiB
2026/08/05 19:44:41.596, 3, 66.01 W, 0 %, 549 MiB
2026/08/05 19:44:41.596, 4, 67.01 W, 0 %, 549 MiB
2026/08/05 19:44:41.597, 5, 67.56 W, 0 %, 549 MiB
2026/08/05 19:44:41.597, 6, 67.02 W, 0 %, 549 MiB
2026/08/05 19:44:41.597, 7, 68.43 W, 0 %, 549 MiB
2026/08/05 19:44:41.797, 0, 66.94 W, 0 %, 549 MiB
2026/08/05 19:44:41.797, 1, 66.28 W, 0 %, 549 MiB
2026/08/05 19:44:41.797, 2, 66.40 W, 0 %, 549 MiB
2026/08/05 19:44:41.797, 3, 66.01 W, 0 %, 549 MiB
2026/08/05 19:44:41.797, 4, 67.01 W, 0 %, 549 MiB
2026/08/05 19:44:41.797, 5, 67.56 W, 0 %, 549 MiB
2026/08/05 19:44:41.797, 6, 67.35 W, 0 %, 549 MiB
2026/08/05 19:44:41.797, 7, 68.43 W, 0 %, 549 MiB
2026/08/05 19:44:41.997, 0, 66.94 W, 0 %, 549 MiB
2026/08/05 19:44:41.997, 1, 66.61 W, 0 %, 549 MiB
2026/08/05 19:44:41.998, 2, 66.40 W, 0 %, 549 MiB
2026/08/05 19:44:41.998, 3, 66.01 W, 0 %, 549 MiB
2026/08/05 19:44:41.998, 4, 67.01 W, 0 %, 549 MiB
2026/08/05 19:44:41.998, 5, 67.56 W, 0 %, 549 MiB
2026/08/05 19:44:41.998, 6, 67.02 W, 0 %, 549 MiB
2026/08/05 19:44:41.998, 7, 68.43 W, 0 %, 549 MiB
2026/08/05 19:44:42.198, 0, 66.94 W, 0 %, 549 MiB
2026/08/05 19:44:42.198, 1, 66.88 W, 0 %, 549 MiB
2026/08/05 19:44:42.198, 2, 66.40 W, 0 %, 549 MiB
2026/08/05 19:44:42.198, 3, 66.01 W, 0 %, 549 MiB
2026/08/05 19:44:42.198, 4, 67.29 W, 0 %, 549 MiB
2026/08/05 19:44:42.198, 5, 67.56 W, 0 %, 549 MiB
2026/08/05 19:44:42.198, 6, 67.02 W, 0 %, 549 MiB
2026/08/05 19:44:42.198, 7, 68.43 W, 0 %, 549 MiB
2026/08/05 19:44:42.399, 0, 67.23 W, 0 %, 549 MiB
2026/08/05 19:44:42.399, 1, 66.61 W, 0 %, 549 MiB
2026/08/05 19:44:42.399, 2, 66.68 W, 0 %, 549 MiB
2026/08/05 19:44:42.399, 3, 65.72 W, 0 %, 549 MiB
2026/08/05 19:44:42.399, 4, 67.01 W, 0 %, 549 MiB
2026/08/05 19:44:42.399, 5, 67.23 W, 0 %, 549 MiB
2026/08/05 19:44:42.399, 6, 67.02 W, 0 %, 549 MiB
2026/08/05 19:44:42.399, 7, 68.43 W, 0 %, 549 MiB
2026/08/05 19:44:42.599, 0, 66.94 W, 0 %, 549 MiB
2026/08/05 19:44:42.599, 1, 66.61 W, 0 %, 549 MiB
2026/08/05 19:44:42.600, 2, 66.40 W, 0 %, 549 MiB
2026/08/05 19:44:42.600, 3, 66.01 W, 0 %, 549 MiB
2026/08/05 19:44:42.600, 4, 67.01 W, 0 %, 549 MiB
2026/08/05 19:44:42.600, 5, 67.56 W, 0 %, 549 MiB
2026/08/05 19:44:42.600, 6, 67.02 W, 0 %, 549 MiB
2026/08/05 19:44:42.600, 7, 68.43 W, 0 %, 549 MiB
2026/08/05 19:44:42.800, 0, 66.61 W, 0 %, 549 MiB
2026/08/05 19:44:42.800, 1, 66.28 W, 0 %, 549 MiB
2026/08/05 19:44:42.800, 2, 66.40 W, 0 %, 549 MiB
2026/08/05 19:44:42.800, 3, 66.01 W, 0 %, 549 MiB
2026/08/05 19:44:42.800, 4, 67.01 W, 0 %, 549 MiB
2026/08/05 19:44:42.801, 5, 67.56 W, 0 %, 549 MiB
2026/08/05 19:44:42.801, 6, 67.02 W, 0 %, 549 MiB
2026/08/05 19:44:42.802, 7, 68.43 W, 0 %, 549 MiB
2026/08/05 19:44:43.002, 0, 66.61 W, 0 %, 549 MiB
2026/08/05 19:44:43.002, 1, 66.61 W, 0 %, 549 MiB
2026/08/05 19:44:43.002, 2, 66.40 W, 0 %, 549 MiB
2026/08/05 19:44:43.002, 3, 66.01 W, 0 %, 549 MiB
2026/08/05 19:44:43.002, 4, 67.01 W, 0 %, 549 MiB
2026/08/05 19:44:43.002, 5, 67.56 W, 0 %, 549 MiB
2026/08/05 19:44:43.002, 6, 67.02 W, 0 %, 549 MiB
2026/08/05 19:44:43.002, 7, 68.43 W, 0 %, 549 MiB
2026/08/05 19:44:43.202, 0, 66.94 W, 0 %, 549 MiB
2026/08/05 19:44:43.203, 1, 66.61 W, 0 %, 549 MiB
2026/08/05 19:44:43.203, 2, 66.68 W, 0 %, 549 MiB
2026/08/05 19:44:43.203, 3, 66.01 W, 0 %, 549 MiB
2026/08/05 19:44:43.203, 4, 67.01 W, 0 %, 549 MiB
2026/08/05 19:44:43.203, 5, 67.56 W, 0 %, 549 MiB
2026/08/05 19:44:43.203, 6, 67.02 W, 0 %, 549 MiB
2026/08/05 19:44:43.203, 7, 68.43 W, 0 %, 549 MiB
2026/08/05 19:44:43.403, 0, 66.61 W, 0 %, 549 MiB
2026/08/05 19:44:43.403, 1, 66.28 W, 0 %, 549 MiB
2026/08/05 19:44:43.403, 2, 66.40 W, 0 %, 549 MiB
2026/08/05 19:44:43.403, 3, 66.01 W, 0 %, 549 MiB
2026/08/05 19:44:43.403, 4, 67.01 W, 0 %, 549 MiB
2026/08/05 19:44:43.403, 5, 67.23 W, 0 %, 549 MiB
2026/08/05 19:44:43.403, 6, 67.35 W, 0 %, 549 MiB
2026/08/05 19:44:43.403, 7, 68.43 W, 0 %, 549 MiB
2026/08/05 19:44:43.604, 0, 66.94 W, 0 %, 549 MiB
2026/08/05 19:44:43.604, 1, 66.28 W, 0 %, 549 MiB
2026/08/05 19:44:43.604, 2, 66.40 W, 0 %, 549 MiB
2026/08/05 19:44:43.604, 3, 66.01 W, 0 %, 549 MiB
2026/08/05 19:44:43.604, 4, 67.01 W, 0 %, 549 MiB
2026/08/05 19:44:43.604, 5, 67.56 W, 0 %, 549 MiB
2026/08/05 19:44:43.605, 6, 67.02 W, 0 %, 549 MiB
2026/08/05 19:44:43.605, 7, 68.43 W, 0 %, 549 MiB
2026/08/05 19:44:43.805, 0, 66.61 W, 0 %, 549 MiB
2026/08/05 19:44:43.805, 1, 66.61 W, 0 %, 549 MiB
2026/08/05 19:44:43.805, 2, 66.01 W, 0 %, 549 MiB
2026/08/05 19:44:43.805, 3, 66.01 W, 0 %, 549 MiB
2026/08/05 19:44:43.805, 4, 67.01 W, 0 %, 549 MiB
2026/08/05 19:44:43.805, 5, 67.23 W, 0 %, 549 MiB
2026/08/05 19:44:43.805, 6, 67.02 W, 0 %, 549 MiB
2026/08/05 19:44:43.805, 7, 68.43 W, 0 %, 549 MiB
2026/08/05 19:44:44.005, 0, 66.94 W, 0 %, 549 MiB
2026/08/05 19:44:44.006, 1, 66.28 W, 0 %, 549 MiB
2026/08/05 19:44:44.006, 2, 66.40 W, 0 %, 549 MiB
2026/08/05 19:44:44.006, 3, 66.01 W, 0 %, 549 MiB
2026/08/05 19:44:44.006, 4, 67.01 W, 0 %, 549 MiB
2026/08/05 19:44:44.006, 5, 67.23 W, 0 %, 549 MiB
2026/08/05 19:44:44.006, 6, 67.02 W, 0 %, 549 MiB
2026/08/05 19:44:44.006, 7, 68.76 W, 0 %, 549 MiB
2026/08/05 19:44:44.206, 0, 66.61 W, 0 %, 549 MiB
2026/08/05 19:44:44.206, 1, 66.28 W, 0 %, 549 MiB
2026/08/05 19:44:44.206, 2, 66.40 W, 0 %, 549 MiB
2026/08/05 19:44:44.206, 3, 66.01 W, 0 %, 549 MiB
2026/08/05 19:44:44.206, 4, 67.01 W, 0 %, 549 MiB
2026/08/05 19:44:44.206, 5, 67.23 W, 0 %, 549 MiB
2026/08/05 19:44:44.206, 6, 67.02 W, 0 %, 549 MiB
2026/08/05 19:44:44.206, 7, 68.43 W, 0 %, 549 MiB
2026/08/05 19:44:44.406, 0, 66.61 W, 0 %, 549 MiB
2026/08/05 19:44:44.407, 1, 66.28 W, 0 %, 549 MiB
2026/08/05 19:44:44.407, 2, 66.40 W, 0 %, 549 MiB
2026/08/05 19:44:44.407, 3, 65.72 W, 0 %, 549 MiB
2026/08/05 19:44:44.407, 4, 67.01 W, 0 %, 549 MiB
2026/08/05 19:44:44.407, 5, 67.23 W, 0 %, 549 MiB
2026/08/05 19:44:44.408, 6, 67.02 W, 0 %, 549 MiB
2026/08/05 19:44:44.408, 7, 68.43 W, 0 %, 549 MiB
2026/08/05 19:44:44.609, 0, 66.94 W, 0 %, 549 MiB
2026/08/05 19:44:44.609, 1, 66.61 W, 0 %, 549 MiB
2026/08/05 19:44:44.609, 2, 66.40 W, 0 %, 549 MiB
2026/08/05 19:44:44.609, 3, 66.01 W, 0 %, 549 MiB
2026/08/05 19:44:44.609, 4, 67.01 W, 0 %, 549 MiB
2026/08/05 19:44:44.609, 5, 67.23 W, 0 %, 549 MiB
2026/08/05 19:44:44.609, 6, 67.02 W, 0 %, 549 MiB
2026/08/05 19:44:44.609, 7, 68.43 W, 0 %, 549 MiB
2026/08/05 19:44:44.809, 0, 66.61 W, 0 %, 549 MiB
2026/08/05 19:44:44.809, 1, 66.28 W, 0 %, 549 MiB
2026/08/05 19:44:44.809, 2, 66.07 W, 0 %, 549 MiB
2026/08/05 19:44:44.809, 3, 66.01 W, 0 %, 549 MiB
2026/08/05 19:44:44.810, 4, 67.01 W, 0 %, 549 MiB
2026/08/05 19:44:44.810, 5, 67.56 W, 0 %, 549 MiB
2026/08/05 19:44:44.810, 6, 67.02 W, 0 %, 549 MiB
2026/08/05 19:44:44.810, 7, 68.43 W, 0 %, 549 MiB
2026/08/05 19:44:45.010, 0, 66.94 W, 0 %, 549 MiB
2026/08/05 19:44:45.013, 1, 66.28 W, 0 %, 549 MiB
2026/08/05 19:44:45.013, 2, 66.40 W, 0 %, 549 MiB
2026/08/05 19:44:45.013, 3, 66.01 W, 0 %, 549 MiB
2026/08/05 19:44:45.013, 4, 67.01 W, 0 %, 549 MiB
2026/08/05 19:44:45.013, 5, 67.56 W, 0 %, 549 MiB
2026/08/05 19:44:45.013, 6, 67.02 W, 0 %, 549 MiB
2026/08/05 19:44:45.013, 7, 68.43 W, 0 %, 549 MiB
2026/08/05 19:44:45.213, 0, 66.61 W, 0 %, 549 MiB
2026/08/05 19:44:45.214, 1, 66.28 W, 0 %, 549 MiB
2026/08/05 19:44:45.214, 2, 66.07 W, 0 %, 549 MiB
2026/08/05 19:44:45.214, 3, 66.01 W, 0 %, 549 MiB
2026/08/05 19:44:45.214, 4, 67.01 W, 0 %, 549 MiB
2026/08/05 19:44:45.214, 5, 67.23 W, 0 %, 549 MiB
2026/08/05 19:44:45.214, 6, 67.02 W, 0 %, 549 MiB
2026/08/05 19:44:45.214, 7, 68.43 W, 0 %, 549 MiB
2026/08/05 19:44:45.415, 0, 66.61 W, 0 %, 549 MiB
2026/08/05 19:44:45.415, 1, 66.88 W, 0 %, 549 MiB
2026/08/05 19:44:45.415, 2, 66.40 W, 0 %, 549 MiB
2026/08/05 19:44:45.415, 3, 66.01 W, 0 %, 549 MiB
2026/08/05 19:44:45.415, 4, 67.01 W, 0 %, 549 MiB
2026/08/05 19:44:45.415, 5, 67.23 W, 0 %, 549 MiB
2026/08/05 19:44:45.415, 6, 67.02 W, 0 %, 549 MiB
2026/08/05 19:44:45.415, 7, 68.43 W, 0 %, 549 MiB
2026/08/05 19:44:45.615, 0, 66.94 W, 0 %, 549 MiB
2026/08/05 19:44:45.615, 1, 66.28 W, 0 %, 549 MiB
2026/08/05 19:44:45.615, 2, 66.07 W, 0 %, 549 MiB
2026/08/05 19:44:45.616, 3, 66.01 W, 0 %, 549 MiB
2026/08/05 19:44:45.616, 4, 67.01 W, 0 %, 549 MiB
2026/08/05 19:44:45.616, 5, 67.56 W, 0 %, 549 MiB
2026/08/05 19:44:45.616, 6, 67.35 W, 0 %, 549 MiB
2026/08/05 19:44:45.616, 7, 68.43 W, 0 %, 549 MiB
2026/08/05 19:44:45.816, 0, 66.94 W, 0 %, 549 MiB
2026/08/05 19:44:45.816, 1, 66.28 W, 0 %, 549 MiB
2026/08/05 19:44:45.816, 2, 66.07 W, 0 %, 549 MiB
2026/08/05 19:44:45.816, 3, 65.72 W, 0 %, 549 MiB
2026/08/05 19:44:45.816, 4, 67.01 W, 0 %, 549 MiB
2026/08/05 19:44:45.817, 5, 67.56 W, 0 %, 549 MiB
2026/08/05 19:44:45.817, 6, 67.02 W, 0 %, 549 MiB
2026/08/05 19:44:45.817, 7, 68.43 W, 0 %, 549 MiB
2026/08/05 19:44:46.017, 0, 66.94 W, 0 %, 549 MiB
2026/08/05 19:44:46.017, 1, 66.61 W, 0 %, 549 MiB
2026/08/05 19:44:46.018, 2, 66.07 W, 0 %, 549 MiB
2026/08/05 19:44:46.018, 3, 66.01 W, 0 %, 549 MiB
2026/08/05 19:44:46.018, 4, 67.01 W, 0 %, 549 MiB
2026/08/05 19:44:46.018, 5, 67.23 W, 0 %, 549 MiB
2026/08/05 19:44:46.018, 6, 67.02 W, 0 %, 549 MiB
2026/08/05 19:44:46.018, 7, 68.43 W, 0 %, 549 MiB
2026/08/05 19:44:46.218, 0, 66.94 W, 0 %, 549 MiB
2026/08/05 19:44:46.218, 1, 66.28 W, 0 %, 549 MiB
2026/08/05 19:44:46.218, 2, 66.40 W, 0 %, 549 MiB
2026/08/05 19:44:46.218, 3, 66.01 W, 0 %, 549 MiB
2026/08/05 19:44:46.218, 4, 67.01 W, 0 %, 549 MiB
2026/08/05 19:44:46.218, 5, 67.56 W, 0 %, 549 MiB
2026/08/05 19:44:46.218, 6, 67.02 W, 0 %, 549 MiB
2026/08/05 19:44:46.218, 7, 68.43 W, 0 %, 549 MiB
2026/08/05 19:44:46.419, 0, 66.61 W, 0 %, 549 MiB
2026/08/05 19:44:46.419, 1, 66.28 W, 0 %, 549 MiB
2026/08/05 19:44:46.419, 2, 66.07 W, 0 %, 549 MiB
2026/08/05 19:44:46.419, 3, 66.01 W, 0 %, 549 MiB
2026/08/05 19:44:46.419, 4, 67.01 W, 0 %, 549 MiB
2026/08/05 19:44:46.419, 5, 67.23 W, 0 %, 549 MiB
2026/08/05 19:44:46.419, 6, 67.02 W, 0 %, 549 MiB
2026/08/05 19:44:46.419, 7, 68.43 W, 0 %, 549 MiB
2026/08/05 19:44:46.619, 0, 66.94 W, 0 %, 549 MiB
2026/08/05 19:44:46.619, 1, 66.28 W, 0 %, 549 MiB
2026/08/05 19:44:46.619, 2, 66.07 W, 0 %, 549 MiB
2026/08/05 19:44:46.620, 3, 66.01 W, 0 %, 549 MiB
2026/08/05 19:44:46.620, 4, 67.01 W, 0 %, 549 MiB
2026/08/05 19:44:46.620, 5, 67.23 W, 0 %, 549 MiB
2026/08/05 19:44:46.620, 6, 67.02 W, 0 %, 549 MiB
2026/08/05 19:44:46.620, 7, 68.43 W, 0 %, 549 MiB
2026/08/05 19:44:46.820, 0, 66.61 W, 0 %, 549 MiB
2026/08/05 19:44:46.820, 1, 66.28 W, 0 %, 549 MiB
2026/08/05 19:44:46.820, 2, 66.07 W, 0 %, 549 MiB
2026/08/05 19:44:46.820, 3, 65.72 W, 0 %, 549 MiB
2026/08/05 19:44:46.820, 4, 67.01 W, 0 %, 549 MiB
2026/08/05 19:44:46.820, 5, 67.23 W, 0 %, 549 MiB
2026/08/05 19:44:46.820, 6, 67.02 W, 0 %, 549 MiB
2026/08/05 19:44:46.821, 7, 68.43 W, 0 %, 549 MiB
2026/08/05 19:44:47.021, 0, 66.61 W, 0 %, 549 MiB
2026/08/05 19:44:47.021, 1, 66.28 W, 0 %, 549 MiB
2026/08/05 19:44:47.021, 2, 66.40 W, 0 %, 549 MiB
2026/08/05 19:44:47.021, 3, 66.01 W, 0 %, 549 MiB
2026/08/05 19:44:47.021, 4, 67.01 W, 0 %, 549 MiB
2026/08/05 19:44:47.021, 5, 67.23 W, 0 %, 549 MiB
2026/08/05 19:44:47.021, 6, 67.35 W, 0 %, 549 MiB
2026/08/05 19:44:47.021, 7, 68.76 W, 0 %, 549 MiB
2026/08/05 19:44:47.221, 0, 66.61 W, 0 %, 549 MiB
2026/08/05 19:44:47.222, 1, 66.28 W, 0 %, 549 MiB
2026/08/05 19:44:47.222, 2, 66.07 W, 0 %, 549 MiB
2026/08/05 19:44:47.222, 3, 66.01 W, 0 %, 549 MiB
2026/08/05 19:44:47.222, 4, 67.01 W, 0 %, 549 MiB
2026/08/05 19:44:47.222, 5, 67.56 W, 0 %, 549 MiB
2026/08/05 19:44:47.222, 6, 67.02 W, 0 %, 549 MiB
2026/08/05 19:44:47.222, 7, 68.43 W, 0 %, 549 MiB
2026/08/05 19:44:47.422, 0, 66.61 W, 0 %, 549 MiB
2026/08/05 19:44:47.423, 1, 66.28 W, 0 %, 549 MiB
2026/08/05 19:44:47.423, 2, 66.07 W, 0 %, 549 MiB
2026/08/05 19:44:47.423, 3, 65.72 W, 0 %, 549 MiB
2026/08/05 19:44:47.423, 4, 67.01 W, 0 %, 549 MiB
2026/08/05 19:44:47.423, 5, 67.56 W, 0 %, 549 MiB
2026/08/05 19:44:47.423, 6, 67.02 W, 0 %, 549 MiB
2026/08/05 19:44:47.423, 7, 68.43 W, 0 %, 549 MiB
2026/08/05 19:44:47.624, 0, 66.94 W, 0 %, 549 MiB
2026/08/05 19:44:47.624, 1, 66.61 W, 0 %, 549 MiB
2026/08/05 19:44:47.624, 2, 66.40 W, 0 %, 549 MiB
2026/08/05 19:44:47.624, 3, 66.01 W, 0 %, 549 MiB
2026/08/05 19:44:47.624, 4, 66.68 W, 0 %, 549 MiB
2026/08/05 19:44:47.624, 5, 67.89 W, 0 %, 549 MiB
2026/08/05 19:44:47.624, 6, 67.68 W, 0 %, 549 MiB
2026/08/05 19:44:47.624, 7, 68.43 W, 0 %, 549 MiB
2026/08/05 19:44:47.824, 0, 66.61 W, 0 %, 549 MiB
2026/08/05 19:44:47.824, 1, 66.28 W, 0 %, 549 MiB
2026/08/05 19:44:47.825, 2, 66.40 W, 0 %, 549 MiB
2026/08/05 19:44:47.825, 3, 66.01 W, 0 %, 549 MiB
2026/08/05 19:44:47.825, 4, 67.01 W, 0 %, 549 MiB
2026/08/05 19:44:47.825, 5, 67.56 W, 0 %, 549 MiB
2026/08/05 19:44:47.825, 6, 67.35 W, 0 %, 549 MiB
2026/08/05 19:44:47.825, 7, 68.43 W, 0 %, 549 MiB
2026/08/05 19:44:48.025, 0, 66.61 W, 0 %, 549 MiB
2026/08/05 19:44:48.025, 1, 66.28 W, 0 %, 549 MiB
2026/08/05 19:44:48.025, 2, 66.40 W, 0 %, 549 MiB
2026/08/05 19:44:48.025, 3, 66.01 W, 0 %, 549 MiB
2026/08/05 19:44:48.025, 4, 67.01 W, 0 %, 549 MiB
2026/08/05 19:44:48.025, 5, 67.56 W, 0 %, 549 MiB
2026/08/05 19:44:48.026, 6, 67.35 W, 0 %, 549 MiB
2026/08/05 19:44:48.026, 7, 68.76 W, 0 %, 549 MiB
2026/08/05 19:44:48.226, 0, 66.61 W, 0 %, 549 MiB
2026/08/05 19:44:48.226, 1, 66.28 W, 0 %, 549 MiB
2026/08/05 19:44:48.226, 2, 66.07 W, 0 %, 549 MiB
2026/08/05 19:44:48.226, 3, 66.01 W, 0 %, 549 MiB
2026/08/05 19:44:48.226, 4, 67.01 W, 0 %, 549 MiB
2026/08/05 19:44:48.226, 5, 67.56 W, 0 %, 549 MiB
2026/08/05 19:44:48.226, 6, 67.02 W, 0 %, 549 MiB
2026/08/05 19:44:48.227, 7, 68.43 W, 0 %, 549 MiB
2026/08/05 19:44:48.427, 0, 66.94 W, 0 %, 549 MiB
2026/08/05 19:44:48.427, 1, 66.61 W, 0 %, 549 MiB
2026/08/05 19:44:48.427, 2, 66.40 W, 0 %, 549 MiB
2026/08/05 19:44:48.427, 3, 66.01 W, 0 %, 549 MiB
2026/08/05 19:44:48.427, 4, 67.01 W, 0 %, 549 MiB
2026/08/05 19:44:48.427, 5, 67.89 W, 0 %, 549 MiB
2026/08/05 19:44:48.427, 6, 67.35 W, 0 %, 549 MiB
2026/08/05 19:44:48.427, 7, 68.43 W, 0 %, 549 MiB
2026/08/05 19:44:48.628, 0, 66.61 W, 0 %, 549 MiB
2026/08/05 19:44:48.628, 1, 66.28 W, 0 %, 549 MiB
2026/08/05 19:44:48.628, 2, 66.40 W, 0 %, 549 MiB
2026/08/05 19:44:48.628, 3, 66.01 W, 0 %, 549 MiB
2026/08/05 19:44:48.628, 4, 67.01 W, 0 %, 549 MiB
2026/08/05 19:44:48.628, 5, 67.56 W, 0 %, 549 MiB
2026/08/05 19:44:48.628, 6, 67.35 W, 0 %, 549 MiB
2026/08/05 19:44:48.628, 7, 68.43 W, 0 %, 549 MiB
2026/08/05 19:44:48.828, 0, 66.61 W, 0 %, 549 MiB
2026/08/05 19:44:48.828, 1, 66.28 W, 0 %, 549 MiB
2026/08/05 19:44:48.829, 2, 66.07 W, 0 %, 549 MiB
2026/08/05 19:44:48.829, 3, 66.01 W, 0 %, 549 MiB
2026/08/05 19:44:48.829, 4, 67.01 W, 0 %, 549 MiB
2026/08/05 19:44:48.829, 5, 67.56 W, 0 %, 549 MiB
2026/08/05 19:44:48.829, 6, 67.35 W, 0 %, 549 MiB
2026/08/05 19:44:48.829, 7, 68.43 W, 0 %, 549 MiB
2026/08/05 19:44:49.029, 0, 66.61 W, 0 %, 549 MiB
2026/08/05 19:44:49.029, 1, 66.28 W, 0 %, 549 MiB
2026/08/05 19:44:49.029, 2, 66.40 W, 0 %, 549 MiB
2026/08/05 19:44:49.029, 3, 66.01 W, 0 %, 549 MiB
2026/08/05 19:44:49.029, 4, 67.01 W, 0 %, 549 MiB
2026/08/05 19:44:49.029, 5, 67.56 W, 0 %, 549 MiB
2026/08/05 19:44:49.029, 6, 67.02 W, 0 %, 549 MiB
2026/08/05 19:44:49.029, 7, 68.43 W, 0 %, 549 MiB
2026/08/05 19:44:49.230, 0, 66.61 W, 0 %, 549 MiB
2026/08/05 19:44:49.230, 1, 66.28 W, 0 %, 549 MiB
2026/08/05 19:44:49.230, 2, 66.07 W, 0 %, 549 MiB
2026/08/05 19:44:49.230, 3, 66.01 W, 0 %, 549 MiB
2026/08/05 19:44:49.230, 4, 67.01 W, 0 %, 549 MiB
2026/08/05 19:44:49.230, 5, 67.23 W, 0 %, 549 MiB
2026/08/05 19:44:49.230, 6, 67.02 W, 0 %, 549 MiB
2026/08/05 19:44:49.230, 7, 68.43 W, 0 %, 549 MiB
2026/08/05 19:44:49.430, 0, 66.61 W, 0 %, 549 MiB
2026/08/05 19:44:49.430, 1, 66.28 W, 0 %, 549 MiB
2026/08/05 19:44:49.430, 2, 66.40 W, 0 %, 549 MiB
2026/08/05 19:44:49.430, 3, 66.01 W, 0 %, 549 MiB
2026/08/05 19:44:49.430, 4, 67.01 W, 0 %, 549 MiB
2026/08/05 19:44:49.431, 5, 67.56 W, 0 %, 549 MiB
2026/08/05 19:44:49.431, 6, 67.35 W, 0 %, 549 MiB
2026/08/05 19:44:49.431, 7, 68.76 W, 0 %, 549 MiB
2026/08/05 19:44:49.631, 0, 66.61 W, 0 %, 549 MiB
2026/08/05 19:44:49.631, 1, 66.61 W, 0 %, 549 MiB
2026/08/05 19:44:49.631, 2, 66.07 W, 0 %, 549 MiB
2026/08/05 19:44:49.631, 3, 66.01 W, 0 %, 549 MiB
2026/08/05 19:44:49.631, 4, 67.01 W, 0 %, 549 MiB
2026/08/05 19:44:49.631, 5, 67.23 W, 0 %, 549 MiB
2026/08/05 19:44:49.631, 6, 67.02 W, 0 %, 549 MiB
2026/08/05 19:44:49.631, 7, 68.43 W, 0 %, 549 MiB
2026/08/05 19:44:49.832, 0, 66.61 W, 0 %, 549 MiB
2026/08/05 19:44:49.832, 1, 66.28 W, 0 %, 549 MiB
2026/08/05 19:44:49.832, 2, 66.40 W, 0 %, 549 MiB
2026/08/05 19:44:49.832, 3, 66.01 W, 0 %, 549 MiB
2026/08/05 19:44:49.832, 4, 67.01 W, 0 %, 549 MiB
2026/08/05 19:44:49.832, 5, 67.23 W, 0 %, 549 MiB
2026/08/05 19:44:49.832, 6, 67.02 W, 0 %, 549 MiB
2026/08/05 19:44:49.832, 7, 68.76 W, 0 %, 549 MiB
2026/08/05 19:44:50.032, 0, 66.61 W, 0 %, 549 MiB
2026/08/05 19:44:50.032, 1, 66.28 W, 0 %, 549 MiB
2026/08/05 19:44:50.032, 2, 66.07 W, 0 %, 549 MiB
2026/08/05 19:44:50.032, 3, 66.01 W, 0 %, 549 MiB
2026/08/05 19:44:50.032, 4, 67.01 W, 0 %, 549 MiB
2026/08/05 19:44:50.032, 5, 67.23 W, 0 %, 549 MiB
2026/08/05 19:44:50.033, 6, 67.02 W, 0 %, 549 MiB
2026/08/05 19:44:50.033, 7, 68.43 W, 0 %, 549 MiB
2026/08/05 19:44:50.233, 0, 66.61 W, 0 %, 549 MiB
2026/08/05 19:44:50.233, 1, 66.28 W, 0 %, 549 MiB
2026/08/05 19:44:50.233, 2, 66.07 W, 0 %, 549 MiB
2026/08/05 19:44:50.233, 3, 66.01 W, 0 %, 549 MiB
2026/08/05 19:44:50.233, 4, 67.01 W, 0 %, 549 MiB
2026/08/05 19:44:50.233, 5, 67.56 W, 0 %, 549 MiB
2026/08/05 19:44:50.233, 6, 67.02 W, 0 %, 549 MiB
2026/08/05 19:44:50.233, 7, 68.76 W, 0 %, 549 MiB
2026/08/05 19:44:50.433, 0, 66.61 W, 0 %, 549 MiB
2026/08/05 19:44:50.433, 1, 66.28 W, 0 %, 549 MiB
2026/08/05 19:44:50.433, 2, 66.07 W, 0 %, 549 MiB
2026/08/05 19:44:50.433, 3, 66.01 W, 0 %, 549 MiB
2026/08/05 19:44:50.433, 4, 67.01 W, 0 %, 549 MiB
2026/08/05 19:44:50.433, 5, 67.56 W, 0 %, 549 MiB
2026/08/05 19:44:50.433, 6, 67.35 W, 0 %, 549 MiB
2026/08/05 19:44:50.433, 7, 68.43 W, 0 %, 549 MiB
2026/08/05 19:44:50.633, 0, 66.61 W, 0 %, 549 MiB
2026/08/05 19:44:50.634, 1, 66.28 W, 0 %, 549 MiB
2026/08/05 19:44:50.634, 2, 66.07 W, 0 %, 549 MiB
2026/08/05 19:44:50.634, 3, 66.01 W, 0 %, 549 MiB
2026/08/05 19:44:50.634, 4, 67.01 W, 0 %, 549 MiB
2026/08/05 19:44:50.634, 5, 67.56 W, 0 %, 549 MiB
2026/08/05 19:44:50.634, 6, 67.35 W, 0 %, 549 MiB
2026/08/05 19:44:50.634, 7, 68.43 W, 0 %, 549 MiB
2026/08/05 19:44:50.834, 0, 66.61 W, 0 %, 549 MiB
2026/08/05 19:44:50.835, 1, 66.28 W, 0 %, 549 MiB
2026/08/05 19:44:50.835, 2, 66.07 W, 0 %, 549 MiB
2026/08/05 19:44:50.835, 3, 66.01 W, 0 %, 549 MiB
2026/08/05 19:44:50.835, 4, 67.01 W, 0 %, 549 MiB
2026/08/05 19:44:50.835, 5, 67.89 W, 0 %, 549 MiB
2026/08/05 19:44:50.836, 6, 67.68 W, 0 %, 549 MiB
2026/08/05 19:44:50.836, 7, 68.43 W, 0 %, 549 MiB
2026/08/05 19:44:51.036, 0, 66.61 W, 0 %, 549 MiB
2026/08/05 19:44:51.036, 1, 66.28 W, 0 %, 549 MiB
2026/08/05 19:44:51.036, 2, 66.07 W, 0 %, 549 MiB
2026/08/05 19:44:51.036, 3, 66.01 W, 0 %, 549 MiB
2026/08/05 19:44:51.036, 4, 67.01 W, 0 %, 549 MiB
2026/08/05 19:44:51.036, 5, 67.56 W, 0 %, 549 MiB
2026/08/05 19:44:51.036, 6, 67.02 W, 0 %, 549 MiB
2026/08/05 19:44:51.036, 7, 68.76 W, 0 %, 549 MiB
2026/08/05 19:44:51.236, 0, 66.61 W, 0 %, 549 MiB
2026/08/05 19:44:51.237, 1, 66.28 W, 0 %, 549 MiB
2026/08/05 19:44:51.237, 2, 66.40 W, 0 %, 549 MiB
2026/08/05 19:44:51.237, 3, 66.01 W, 0 %, 549 MiB
2026/08/05 19:44:51.237, 4, 67.01 W, 0 %, 549 MiB
2026/08/05 19:44:51.237, 5, 67.23 W, 0 %, 549 MiB
2026/08/05 19:44:51.237, 6, 67.02 W, 0 %, 549 MiB
2026/08/05 19:44:51.237, 7, 68.43 W, 0 %, 549 MiB
2026/08/05 19:44:51.437, 0, 66.61 W, 0 %, 549 MiB
2026/08/05 19:44:51.438, 1, 66.28 W, 0 %, 549 MiB
2026/08/05 19:44:51.438, 2, 66.40 W, 0 %, 549 MiB
2026/08/05 19:44:51.438, 3, 66.01 W, 0 %, 549 MiB
2026/08/05 19:44:51.438, 4, 67.01 W, 0 %, 549 MiB
2026/08/05 19:44:51.439, 5, 67.23 W, 0 %, 549 MiB
2026/08/05 19:44:51.439, 6, 67.02 W, 0 %, 549 MiB
2026/08/05 19:44:51.439, 7, 68.43 W, 0 %, 549 MiB
2026/08/05 19:44:51.639, 0, 66.61 W, 0 %, 549 MiB
2026/08/05 19:44:51.639, 1, 66.28 W, 0 %, 549 MiB
2026/08/05 19:44:51.639, 2, 66.68 W, 0 %, 549 MiB
2026/08/05 19:44:51.639, 3, 66.01 W, 0 %, 549 MiB
2026/08/05 19:44:51.640, 4, 67.01 W, 0 %, 549 MiB
2026/08/05 19:44:51.640, 5, 67.56 W, 0 %, 549 MiB
2026/08/05 19:44:51.640, 6, 67.35 W, 0 %, 549 MiB
2026/08/05 19:44:51.640, 7, 68.43 W, 0 %, 549 MiB
2026/08/05 19:44:51.840, 0, 66.61 W, 0 %, 549 MiB
2026/08/05 19:44:51.840, 1, 66.28 W, 0 %, 549 MiB
2026/08/05 19:44:51.840, 2, 66.40 W, 0 %, 549 MiB
2026/08/05 19:44:51.840, 3, 66.01 W, 0 %, 549 MiB
2026/08/05 19:44:51.840, 4, 67.01 W, 0 %, 549 MiB
2026/08/05 19:44:51.840, 5, 67.56 W, 0 %, 549 MiB
2026/08/05 19:44:51.840, 6, 67.02 W, 0 %, 549 MiB
2026/08/05 19:44:51.840, 7, 68.76 W, 0 %, 549 MiB
2026/08/05 19:44:52.041, 0, 66.61 W, 0 %, 549 MiB
2026/08/05 19:44:52.041, 1, 66.28 W, 0 %, 549 MiB
2026/08/05 19:44:52.041, 2, 66.40 W, 0 %, 549 MiB
2026/08/05 19:44:52.041, 3, 66.01 W, 0 %, 549 MiB
2026/08/05 19:44:52.041, 4, 67.01 W, 0 %, 549 MiB
2026/08/05 19:44:52.041, 5, 67.23 W, 0 %, 549 MiB
2026/08/05 19:44:52.041, 6, 67.02 W, 0 %, 549 MiB
2026/08/05 19:44:52.041, 7, 68.43 W, 0 %, 549 MiB
2026/08/05 19:44:52.241, 0, 66.61 W, 0 %, 549 MiB
2026/08/05 19:44:52.242, 1, 66.61 W, 0 %, 549 MiB
2026/08/05 19:44:52.242, 2, 66.07 W, 0 %, 549 MiB
2026/08/05 19:44:52.242, 3, 66.01 W, 0 %, 549 MiB
2026/08/05 19:44:52.242, 4, 67.01 W, 0 %, 549 MiB
2026/08/05 19:44:52.243, 5, 67.23 W, 0 %, 549 MiB
2026/08/05 19:44:52.243, 6, 67.02 W, 0 %, 549 MiB
2026/08/05 19:44:52.243, 7, 68.43 W, 0 %, 549 MiB
2026/08/05 19:44:52.444, 0, 66.61 W, 0 %, 549 MiB
2026/08/05 19:44:52.444, 1, 66.28 W, 0 %, 549 MiB
2026/08/05 19:44:52.444, 2, 67.29 W, 0 %, 549 MiB
2026/08/05 19:44:52.444, 3, 66.01 W, 0 %, 549 MiB
2026/08/05 19:44:52.444, 4, 67.01 W, 0 %, 549 MiB
2026/08/05 19:44:52.444, 5, 67.23 W, 0 %, 549 MiB
2026/08/05 19:44:52.444, 6, 67.02 W, 0 %, 549 MiB
2026/08/05 19:44:52.444, 7, 69.36 W, 0 %, 549 MiB
2026/08/05 19:44:52.644, 0, 66.61 W, 0 %, 549 MiB
2026/08/05 19:44:52.644, 1, 66.61 W, 0 %, 549 MiB
2026/08/05 19:44:52.645, 2, 66.40 W, 0 %, 549 MiB
2026/08/05 19:44:52.645, 3, 66.01 W, 0 %, 549 MiB
2026/08/05 19:44:52.645, 4, 67.01 W, 0 %, 549 MiB
2026/08/05 19:44:52.645, 5, 67.23 W, 0 %, 549 MiB
2026/08/05 19:44:52.645, 6, 67.02 W, 0 %, 549 MiB
2026/08/05 19:44:52.645, 7, 68.43 W, 0 %, 549 MiB
2026/08/05 19:44:52.845, 0, 66.61 W, 0 %, 549 MiB
2026/08/05 19:44:52.845, 1, 66.28 W, 0 %, 549 MiB
2026/08/05 19:44:52.845, 2, 66.40 W, 0 %, 549 MiB
2026/08/05 19:44:52.845, 3, 66.01 W, 0 %, 549 MiB
2026/08/05 19:44:52.845, 4, 67.01 W, 0 %, 549 MiB
2026/08/05 19:44:52.846, 5, 67.23 W, 0 %, 549 MiB
2026/08/05 19:44:52.846, 6, 67.02 W, 0 %, 549 MiB
2026/08/05 19:44:52.846, 7, 68.76 W, 0 %, 549 MiB
2026/08/05 19:44:53.046, 0, 66.61 W, 0 %, 549 MiB
2026/08/05 19:44:53.046, 1, 66.61 W, 0 %, 549 MiB
2026/08/05 19:44:53.046, 2, 66.40 W, 0 %, 549 MiB
2026/08/05 19:44:53.046, 3, 66.01 W, 0 %, 549 MiB
2026/08/05 19:44:53.046, 4, 67.01 W, 0 %, 549 MiB
2026/08/05 19:44:53.046, 5, 67.23 W, 0 %, 549 MiB
2026/08/05 19:44:53.046, 6, 67.02 W, 0 %, 549 MiB
2026/08/05 19:44:53.046, 7, 68.43 W, 0 %, 549 MiB
2026/08/05 19:44:53.246, 0, 66.61 W, 0 %, 549 MiB
2026/08/05 19:44:53.246, 1, 66.28 W, 0 %, 549 MiB
2026/08/05 19:44:53.246, 2, 67.29 W, 0 %, 549 MiB
2026/08/05 19:44:53.246, 3, 66.01 W, 0 %, 549 MiB
2026/08/05 19:44:53.246, 4, 67.01 W, 0 %, 549 MiB
2026/08/05 19:44:53.246, 5, 67.56 W, 0 %, 549 MiB
2026/08/05 19:44:53.246, 6, 67.02 W, 0 %, 549 MiB
2026/08/05 19:44:53.246, 7, 69.64 W, 0 %, 549 MiB
2026/08/05 19:44:53.447, 0, 66.61 W, 0 %, 549 MiB
2026/08/05 19:44:53.447, 1, 66.61 W, 0 %, 549 MiB
2026/08/05 19:44:53.447, 2, 66.40 W, 0 %, 549 MiB
2026/08/05 19:44:53.447, 3, 66.34 W, 0 %, 549 MiB
2026/08/05 19:44:53.447, 4, 67.01 W, 0 %, 549 MiB
2026/08/05 19:44:53.447, 5, 67.56 W, 0 %, 549 MiB
2026/08/05 19:44:53.447, 6, 67.02 W, 0 %, 549 MiB
2026/08/05 19:44:53.447, 7, 68.76 W, 0 %, 549 MiB
2026/08/05 19:44:53.647, 0, 66.61 W, 0 %, 549 MiB
2026/08/05 19:44:53.655, 1, 66.28 W, 0 %, 549 MiB
2026/08/05 19:44:53.655, 2, 66.40 W, 0 %, 549 MiB
2026/08/05 19:44:53.655, 3, 66.01 W, 0 %, 549 MiB
2026/08/05 19:44:53.655, 4, 67.01 W, 0 %, 549 MiB
2026/08/05 19:44:53.655, 5, 67.23 W, 0 %, 549 MiB
2026/08/05 19:44:53.655, 6, 67.02 W, 0 %, 549 MiB
2026/08/05 19:44:53.655, 7, 68.76 W, 0 %, 549 MiB
2026/08/05 19:44:53.855, 0, 66.61 W, 0 %, 549 MiB
2026/08/05 19:44:53.855, 1, 66.28 W, 0 %, 549 MiB
2026/08/05 19:44:53.855, 2, 66.40 W, 0 %, 549 MiB
2026/08/05 19:44:53.855, 3, 66.01 W, 0 %, 549 MiB
2026/08/05 19:44:53.855, 4, 67.01 W, 0 %, 549 MiB
2026/08/05 19:44:53.855, 5, 67.23 W, 0 %, 549 MiB
2026/08/05 19:44:53.856, 6, 67.02 W, 0 %, 549 MiB
2026/08/05 19:44:53.857, 7, 68.76 W, 0 %, 549 MiB
2026/08/05 19:44:54.057, 0, 66.61 W, 0 %, 549 MiB
2026/08/05 19:44:54.057, 1, 66.28 W, 0 %, 549 MiB
2026/08/05 19:44:54.057, 2, 66.40 W, 0 %, 549 MiB
2026/08/05 19:44:54.057, 3, 66.01 W, 0 %, 549 MiB
2026/08/05 19:44:54.057, 4, 67.01 W, 0 %, 549 MiB
2026/08/05 19:44:54.057, 5, 67.23 W, 0 %, 549 MiB
2026/08/05 19:44:54.057, 6, 67.02 W, 0 %, 549 MiB
2026/08/05 19:44:54.057, 7, 68.76 W, 0 %, 549 MiB
2026/08/05 19:44:54.258, 0, 66.61 W, 0 %, 549 MiB
2026/08/05 19:44:54.258, 1, 66.28 W, 0 %, 549 MiB
2026/08/05 19:44:54.258, 2, 66.68 W, 0 %, 549 MiB
2026/08/05 19:44:54.258, 3, 66.34 W, 0 %, 549 MiB
2026/08/05 19:44:54.258, 4, 67.01 W, 0 %, 549 MiB
2026/08/05 19:44:54.258, 5, 67.56 W, 0 %, 549 MiB
2026/08/05 19:44:54.258, 6, 67.02 W, 0 %, 549 MiB
2026/08/05 19:44:54.258, 7, 68.43 W, 0 %, 549 MiB
2026/08/05 19:44:54.458, 0, 66.61 W, 0 %, 549 MiB
2026/08/05 19:44:54.459, 1, 66.28 W, 0 %, 549 MiB
2026/08/05 19:44:54.459, 2, 66.40 W, 0 %, 549 MiB
2026/08/05 19:44:54.459, 3, 66.07 W, 0 %, 549 MiB
2026/08/05 19:44:54.459, 4, 67.01 W, 0 %, 549 MiB
2026/08/05 19:44:54.459, 5, 67.23 W, 0 %, 549 MiB
2026/08/05 19:44:54.459, 6, 67.02 W, 0 %, 549 MiB
2026/08/05 19:44:54.459, 7, 68.76 W, 0 %, 549 MiB
2026/08/05 19:44:54.659, 0, 66.61 W, 0 %, 549 MiB
2026/08/05 19:44:54.659, 1, 66.61 W, 0 %, 549 MiB
2026/08/05 19:44:54.659, 2, 66.40 W, 0 %, 549 MiB
2026/08/05 19:44:54.659, 3, 66.01 W, 0 %, 549 MiB
2026/08/05 19:44:54.660, 4, 67.01 W, 0 %, 549 MiB
2026/08/05 19:44:54.660, 5, 67.23 W, 0 %, 549 MiB
2026/08/05 19:44:54.660, 6, 67.35 W, 0 %, 549 MiB
2026/08/05 19:44:54.660, 7, 68.43 W, 0 %, 549 MiB
2026/08/05 19:44:54.860, 0, 66.61 W, 0 %, 549 MiB
2026/08/05 19:44:54.860, 1, 66.28 W, 0 %, 549 MiB
2026/08/05 19:44:54.860, 2, 66.07 W, 0 %, 549 MiB
2026/08/05 19:44:54.860, 3, 66.01 W, 0 %, 549 MiB
2026/08/05 19:44:54.860, 4, 67.01 W, 0 %, 549 MiB
2026/08/05 19:44:54.861, 5, 67.23 W, 0 %, 549 MiB
2026/08/05 19:44:54.861, 6, 67.02 W, 0 %, 549 MiB
2026/08/05 19:44:54.861, 7, 68.76 W, 0 %, 549 MiB
2026/08/05 19:44:55.061, 0, 66.61 W, 0 %, 549 MiB
2026/08/05 19:44:55.061, 1, 66.61 W, 0 %, 549 MiB
2026/08/05 19:44:55.061, 2, 66.40 W, 0 %, 549 MiB
2026/08/05 19:44:55.061, 3, 66.01 W, 0 %, 549 MiB
2026/08/05 19:44:55.061, 4, 67.01 W, 0 %, 549 MiB
2026/08/05 19:44:55.061, 5, 67.23 W, 0 %, 549 MiB
2026/08/05 19:44:55.061, 6, 67.02 W, 0 %, 549 MiB
2026/08/05 19:44:55.061, 7, 68.76 W, 0 %, 549 MiB
2026/08/05 19:44:55.261, 0, 66.61 W, 0 %, 549 MiB
2026/08/05 19:44:55.262, 1, 66.28 W, 0 %, 549 MiB
2026/08/05 19:44:55.262, 2, 66.40 W, 0 %, 549 MiB
2026/08/05 19:44:55.262, 3, 66.01 W, 0 %, 549 MiB
2026/08/05 19:44:55.262, 4, 67.01 W, 0 %, 549 MiB
2026/08/05 19:44:55.262, 5, 67.23 W, 0 %, 549 MiB
2026/08/05 19:44:55.262, 6, 67.02 W, 0 %, 549 MiB
2026/08/05 19:44:55.262, 7, 68.43 W, 0 %, 549 MiB
2026/08/05 19:44:55.462, 0, 66.61 W, 0 %, 549 MiB
2026/08/05 19:44:55.462, 1, 66.28 W, 0 %, 549 MiB
2026/08/05 19:44:55.462, 2, 66.07 W, 0 %, 549 MiB
2026/08/05 19:44:55.462, 3, 66.01 W, 0 %, 549 MiB
2026/08/05 19:44:55.463, 4, 67.01 W, 0 %, 549 MiB
2026/08/05 19:44:55.463, 5, 67.23 W, 0 %, 549 MiB
2026/08/05 19:44:55.463, 6, 67.02 W, 0 %, 549 MiB
2026/08/05 19:44:55.463, 7, 68.76 W, 0 %, 549 MiB
2026/08/05 19:44:55.663, 0, 66.54 W, 0 %, 549 MiB
2026/08/05 19:44:55.663, 1, 66.28 W, 0 %, 549 MiB
2026/08/05 19:44:55.663, 2, 66.34 W, 0 %, 549 MiB
2026/08/05 19:44:55.663, 3, 66.01 W, 0 %, 549 MiB
2026/08/05 19:44:55.663, 4, 67.01 W, 0 %, 549 MiB
2026/08/05 19:44:55.663, 5, 67.16 W, 0 %, 549 MiB
2026/08/05 19:44:55.663, 6, 67.02 W, 0 %, 549 MiB
2026/08/05 19:44:55.663, 7, 68.43 W, 0 %, 549 MiB
2026/08/05 19:44:55.863, 0, 66.61 W, 0 %, 549 MiB
2026/08/05 19:44:55.864, 1, 66.61 W, 0 %, 549 MiB
2026/08/05 19:44:55.864, 2, 66.34 W, 0 %, 549 MiB
2026/08/05 19:44:55.864, 3, 66.01 W, 0 %, 549 MiB
2026/08/05 19:44:55.864, 4, 67.01 W, 0 %, 549 MiB
2026/08/05 19:44:55.864, 5, 67.23 W, 0 %, 549 MiB
2026/08/05 19:44:55.864, 6, 67.02 W, 0 %, 549 MiB
2026/08/05 19:44:55.864, 7, 68.76 W, 0 %, 549 MiB
2026/08/05 19:44:56.064, 0, 66.61 W, 0 %, 549 MiB
2026/08/05 19:44:56.064, 1, 66.28 W, 0 %, 549 MiB
2026/08/05 19:44:56.064, 2, 66.40 W, 0 %, 549 MiB
2026/08/05 19:44:56.065, 3, 66.01 W, 0 %, 549 MiB
2026/08/05 19:44:56.065, 4, 67.01 W, 0 %, 549 MiB
2026/08/05 19:44:56.065, 5, 67.23 W, 0 %, 549 MiB
2026/08/05 19:44:56.065, 6, 67.02 W, 0 %, 549 MiB
2026/08/05 19:44:56.065, 7, 68.43 W, 0 %, 549 MiB
2026/08/05 19:44:56.265, 0, 66.61 W, 0 %, 549 MiB
2026/08/05 19:44:56.265, 1, 66.61 W, 0 %, 549 MiB
2026/08/05 19:44:56.265, 2, 66.07 W, 0 %, 549 MiB
2026/08/05 19:44:56.265, 3, 66.01 W, 0 %, 549 MiB
2026/08/05 19:44:56.265, 4, 67.01 W, 0 %, 549 MiB
2026/08/05 19:44:56.266, 5, 67.56 W, 0 %, 549 MiB
2026/08/05 19:44:56.266, 6, 67.02 W, 0 %, 549 MiB
2026/08/05 19:44:56.266, 7, 68.43 W, 0 %, 549 MiB
2026/08/05 19:44:56.467, 0, 67.56 W, 0 %, 549 MiB
2026/08/05 19:44:56.468, 1, 66.88 W, 0 %, 549 MiB
2026/08/05 19:44:56.469, 2, 66.40 W, 0 %, 549 MiB
2026/08/05 19:44:56.469, 3, 66.01 W, 0 %, 549 MiB
2026/08/05 19:44:56.469, 4, 67.01 W, 0 %, 549 MiB
2026/08/05 19:44:56.470, 5, 67.56 W, 0 %, 549 MiB
2026/08/05 19:44:56.471, 6, 67.02 W, 0 %, 549 MiB
2026/08/05 19:44:56.471, 7, 68.43 W, 0 %, 549 MiB
2026/08/05 19:44:56.672, 0, 66.61 W, 0 %, 549 MiB
2026/08/05 19:44:56.672, 1, 66.28 W, 0 %, 549 MiB
2026/08/05 19:44:56.672, 2, 66.40 W, 0 %, 549 MiB
2026/08/05 19:44:56.672, 3, 66.34 W, 0 %, 549 MiB
2026/08/05 19:44:56.672, 4, 66.68 W, 0 %, 549 MiB
2026/08/05 19:44:56.672, 5, 67.56 W, 0 %, 549 MiB
2026/08/05 19:44:56.672, 6, 67.35 W, 0 %, 549 MiB
2026/08/05 19:44:56.672, 7, 68.43 W, 0 %, 549 MiB
2026/08/05 19:44:56.872, 0, 66.61 W, 0 %, 549 MiB
2026/08/05 19:44:56.873, 1, 66.28 W, 0 %, 549 MiB
2026/08/05 19:44:56.873, 2, 66.07 W, 0 %, 549 MiB
2026/08/05 19:44:56.873, 3, 66.01 W, 0 %, 549 MiB
2026/08/05 19:44:56.873, 4, 66.68 W, 0 %, 549 MiB
2026/08/05 19:44:56.873, 5, 67.23 W, 0 %, 549 MiB
2026/08/05 19:44:56.873, 6, 67.02 W, 0 %, 549 MiB
2026/08/05 19:44:56.873, 7, 68.43 W, 0 %, 549 MiB
2026/08/05 19:44:57.073, 0, 66.61 W, 0 %, 549 MiB
2026/08/05 19:44:57.073, 1, 66.28 W, 0 %, 549 MiB
2026/08/05 19:44:57.073, 2, 66.07 W, 0 %, 549 MiB
2026/08/05 19:44:57.073, 3, 66.01 W, 0 %, 549 MiB
2026/08/05 19:44:57.073, 4, 66.68 W, 0 %, 549 MiB
2026/08/05 19:44:57.074, 5, 67.23 W, 0 %, 549 MiB
2026/08/05 19:44:57.074, 6, 67.02 W, 0 %, 549 MiB
2026/08/05 19:44:57.074, 7, 68.43 W, 0 %, 549 MiB
2026/08/05 19:44:57.274, 0, 66.61 W, 0 %, 549 MiB
2026/08/05 19:44:57.274, 1, 66.28 W, 0 %, 549 MiB
2026/08/05 19:44:57.274, 2, 66.40 W, 0 %, 549 MiB
2026/08/05 19:44:57.274, 3, 66.34 W, 0 %, 549 MiB
2026/08/05 19:44:57.274, 4, 66.68 W, 0 %, 549 MiB
2026/08/05 19:44:57.274, 5, 67.23 W, 0 %, 549 MiB
2026/08/05 19:44:57.274, 6, 67.02 W, 0 %, 549 MiB
2026/08/05 19:44:57.274, 7, 68.43 W, 0 %, 549 MiB
2026/08/05 19:44:57.475, 0, 66.61 W, 0 %, 549 MiB
2026/08/05 19:44:57.475, 1, 66.28 W, 0 %, 549 MiB
2026/08/05 19:44:57.475, 2, 66.40 W, 0 %, 549 MiB
2026/08/05 19:44:57.475, 3, 66.01 W, 0 %, 549 MiB
2026/08/05 19:44:57.475, 4, 66.68 W, 0 %, 549 MiB
2026/08/05 19:44:57.475, 5, 67.23 W, 0 %, 549 MiB
2026/08/05 19:44:57.475, 6, 67.02 W, 0 %, 549 MiB
2026/08/05 19:44:57.475, 7, 68.43 W, 0 %, 549 MiB
2026/08/05 19:44:57.675, 0, 66.94 W, 0 %, 549 MiB
2026/08/05 19:44:57.676, 1, 66.28 W, 0 %, 549 MiB
2026/08/05 19:44:57.676, 2, 66.07 W, 0 %, 549 MiB
2026/08/05 19:44:57.676, 3, 66.01 W, 0 %, 549 MiB
2026/08/05 19:44:57.677, 4, 66.68 W, 0 %, 549 MiB
2026/08/05 19:44:57.677, 5, 67.23 W, 0 %, 549 MiB
2026/08/05 19:44:57.677, 6, 67.02 W, 0 %, 549 MiB
2026/08/05 19:44:57.677, 7, 68.43 W, 0 %, 549 MiB
2026/08/05 19:44:57.877, 0, 66.61 W, 0 %, 549 MiB
2026/08/05 19:44:57.877, 1, 66.28 W, 0 %, 549 MiB
2026/08/05 19:44:57.877, 2, 66.40 W, 0 %, 549 MiB
2026/08/05 19:44:57.878, 3, 66.01 W, 0 %, 549 MiB
2026/08/05 19:44:57.878, 4, 66.68 W, 0 %, 549 MiB
2026/08/05 19:44:57.878, 5, 67.23 W, 0 %, 549 MiB
2026/08/05 19:44:57.878, 6, 67.02 W, 0 %, 549 MiB
2026/08/05 19:44:57.878, 7, 68.43 W, 0 %, 549 MiB
2026/08/05 19:44:58.078, 0, 66.61 W, 0 %, 549 MiB
2026/08/05 19:44:58.078, 1, 66.28 W, 0 %, 549 MiB
2026/08/05 19:44:58.078, 2, 66.40 W, 0 %, 549 MiB
2026/08/05 19:44:58.078, 3, 66.01 W, 0 %, 549 MiB
2026/08/05 19:44:58.078, 4, 66.68 W, 0 %, 549 MiB
2026/08/05 19:44:58.078, 5, 67.23 W, 0 %, 549 MiB
2026/08/05 19:44:58.078, 6, 67.02 W, 0 %, 549 MiB
2026/08/05 19:44:58.078, 7, 68.43 W, 0 %, 549 MiB
2026/08/05 19:44:58.279, 0, 66.61 W, 0 %, 549 MiB
2026/08/05 19:44:58.279, 1, 66.28 W, 0 %, 549 MiB
2026/08/05 19:44:58.279, 2, 66.07 W, 0 %, 549 MiB
2026/08/05 19:44:58.279, 3, 66.01 W, 0 %, 549 MiB
2026/08/05 19:44:58.279, 4, 66.68 W, 0 %, 549 MiB
2026/08/05 19:44:58.279, 5, 67.23 W, 0 %, 549 MiB
2026/08/05 19:44:58.279, 6, 67.02 W, 0 %, 549 MiB
2026/08/05 19:44:58.279, 7, 68.43 W, 0 %, 549 MiB
2026/08/05 19:44:58.479, 0, 66.61 W, 0 %, 549 MiB
2026/08/05 19:44:58.479, 1, 66.28 W, 0 %, 549 MiB
2026/08/05 19:44:58.479, 2, 66.07 W, 0 %, 549 MiB
2026/08/05 19:44:58.479, 3, 66.01 W, 0 %, 549 MiB
2026/08/05 19:44:58.479, 4, 66.68 W, 0 %, 549 MiB
2026/08/05 19:44:58.480, 5, 67.23 W, 0 %, 549 MiB
2026/08/05 19:44:58.480, 6, 67.02 W, 0 %, 549 MiB
2026/08/05 19:44:58.480, 7, 68.43 W, 0 %, 549 MiB
2026/08/05 19:44:58.680, 0, 66.61 W, 0 %, 549 MiB
2026/08/05 19:44:58.680, 1, 66.28 W, 0 %, 549 MiB
2026/08/05 19:44:58.680, 2, 66.07 W, 0 %, 549 MiB
2026/08/05 19:44:58.680, 3, 66.01 W, 0 %, 549 MiB
2026/08/05 19:44:58.680, 4, 66.68 W, 0 %, 549 MiB
2026/08/05 19:44:58.680, 5, 67.23 W, 0 %, 549 MiB
2026/08/05 19:44:58.680, 6, 67.02 W, 0 %, 549 MiB
2026/08/05 19:44:58.680, 7, 68.43 W, 0 %, 549 MiB
2026/08/05 19:44:58.880, 0, 66.61 W, 0 %, 549 MiB
2026/08/05 19:44:58.881, 1, 66.28 W, 0 %, 549 MiB
2026/08/05 19:44:58.881, 2, 66.07 W, 0 %, 549 MiB
2026/08/05 19:44:58.881, 3, 66.01 W, 0 %, 549 MiB
2026/08/05 19:44:58.881, 4, 66.68 W, 0 %, 549 MiB
2026/08/05 19:44:58.881, 5, 67.23 W, 0 %, 549 MiB
2026/08/05 19:44:58.881, 6, 67.02 W, 0 %, 549 MiB
2026/08/05 19:44:58.881, 7, 68.43 W, 0 %, 549 MiB
2026/08/05 19:44:59.081, 0, 66.61 W, 0 %, 549 MiB
2026/08/05 19:44:59.081, 1, 66.61 W, 0 %, 549 MiB
2026/08/05 19:44:59.082, 2, 66.40 W, 0 %, 549 MiB
2026/08/05 19:44:59.082, 3, 66.01 W, 0 %, 549 MiB
2026/08/05 19:44:59.082, 4, 66.68 W, 0 %, 549 MiB
2026/08/05 19:44:59.082, 5, 67.56 W, 0 %, 549 MiB
2026/08/05 19:44:59.082, 6, 67.35 W, 0 %, 549 MiB
2026/08/05 19:44:59.082, 7, 68.43 W, 0 %, 549 MiB
2026/08/05 19:44:59.282, 0, 66.61 W, 0 %, 549 MiB
2026/08/05 19:44:59.282, 1, 66.28 W, 0 %, 549 MiB
2026/08/05 19:44:59.282, 2, 66.07 W, 0 %, 549 MiB
2026/08/05 19:44:59.282, 3, 66.01 W, 0 %, 549 MiB
2026/08/05 19:44:59.282, 4, 66.68 W, 0 %, 549 MiB
2026/08/05 19:44:59.282, 5, 67.23 W, 0 %, 549 MiB
2026/08/05 19:44:59.282, 6, 67.02 W, 0 %, 549 MiB
2026/08/05 19:44:59.282, 7, 68.43 W, 0 %, 549 MiB
2026/08/05 19:44:59.483, 0, 66.61 W, 0 %, 549 MiB
2026/08/05 19:44:59.483, 1, 66.28 W, 0 %, 549 MiB
2026/08/05 19:44:59.483, 2, 66.07 W, 0 %, 549 MiB
2026/08/05 19:44:59.483, 3, 66.01 W, 0 %, 549 MiB
2026/08/05 19:44:59.483, 4, 66.68 W, 0 %, 549 MiB
2026/08/05 19:44:59.483, 5, 67.23 W, 0 %, 549 MiB
2026/08/05 19:44:59.483, 6, 67.02 W, 0 %, 549 MiB
2026/08/05 19:44:59.483, 7, 68.43 W, 0 %, 549 MiB
2026/08/05 19:44:59.683, 0, 66.61 W, 0 %, 549 MiB
2026/08/05 19:44:59.683, 1, 66.28 W, 0 %, 549 MiB
2026/08/05 19:44:59.683, 2, 66.07 W, 0 %, 549 MiB
2026/08/05 19:44:59.683, 3, 66.01 W, 0 %, 549 MiB
2026/08/05 19:44:59.684, 4, 66.68 W, 0 %, 549 MiB
2026/08/05 19:44:59.684, 5, 67.23 W, 0 %, 549 MiB
2026/08/05 19:44:59.684, 6, 67.02 W, 0 %, 549 MiB
2026/08/05 19:44:59.684, 7, 68.43 W, 0 %, 549 MiB
2026/08/05 19:44:59.884, 0, 66.61 W, 0 %, 549 MiB
2026/08/05 19:44:59.884, 1, 66.61 W, 0 %, 549 MiB
2026/08/05 19:44:59.884, 2, 66.07 W, 0 %, 549 MiB
2026/08/05 19:44:59.884, 3, 66.01 W, 0 %, 549 MiB
2026/08/05 19:44:59.884, 4, 66.68 W, 0 %, 549 MiB
2026/08/05 19:44:59.884, 5, 67.56 W, 0 %, 549 MiB
2026/08/05 19:44:59.884, 6, 67.02 W, 0 %, 549 MiB
2026/08/05 19:44:59.885, 7, 68.43 W, 0 %, 549 MiB
2026/08/05 19:45:00.085, 0, 66.94 W, 0 %, 549 MiB
2026/08/05 19:45:00.085, 1, 66.28 W, 0 %, 549 MiB
2026/08/05 19:45:00.085, 2, 66.40 W, 0 %, 549 MiB
2026/08/05 19:45:00.085, 3, 66.01 W, 0 %, 549 MiB
2026/08/05 19:45:00.085, 4, 66.68 W, 0 %, 549 MiB
2026/08/05 19:45:00.085, 5, 66.94 W, 0 %, 549 MiB
2026/08/05 19:45:00.086, 6, 67.02 W, 0 %, 549 MiB
2026/08/05 19:45:00.086, 7, 68.43 W, 0 %, 549 MiB
2026/08/05 19:45:00.286, 0, 66.61 W, 0 %, 549 MiB
2026/08/05 19:45:00.286, 1, 66.61 W, 0 %, 549 MiB
2026/08/05 19:45:00.286, 2, 66.07 W, 0 %, 549 MiB
2026/08/05 19:45:00.286, 3, 66.01 W, 0 %, 549 MiB
2026/08/05 19:45:00.286, 4, 66.68 W, 0 %, 549 MiB
2026/08/05 19:45:00.286, 5, 67.23 W, 0 %, 549 MiB
2026/08/05 19:45:00.286, 6, 67.02 W, 0 %, 549 MiB
2026/08/05 19:45:00.286, 7, 68.43 W, 0 %, 549 MiB
2026/08/05 19:45:00.486, 0, 66.61 W, 0 %, 549 MiB
2026/08/05 19:45:00.487, 1, 66.28 W, 0 %, 549 MiB
2026/08/05 19:45:00.487, 2, 66.40 W, 0 %, 549 MiB
2026/08/05 19:45:00.487, 3, 66.01 W, 0 %, 549 MiB
2026/08/05 19:45:00.487, 4, 66.68 W, 0 %, 549 MiB
2026/08/05 19:45:00.487, 5, 67.23 W, 0 %, 549 MiB
2026/08/05 19:45:00.487, 6, 67.02 W, 0 %, 549 MiB
2026/08/05 19:45:00.487, 7, 68.43 W, 0 %, 549 MiB
2026/08/05 19:45:00.687, 0, 66.61 W, 0 %, 549 MiB
2026/08/05 19:45:00.687, 1, 66.61 W, 0 %, 549 MiB
2026/08/05 19:45:00.687, 2, 66.07 W, 0 %, 549 MiB
2026/08/05 19:45:00.687, 3, 66.01 W, 0 %, 549 MiB
2026/08/05 19:45:00.687, 4, 66.68 W, 0 %, 549 MiB
2026/08/05 19:45:00.687, 5, 67.23 W, 0 %, 549 MiB
2026/08/05 19:45:00.688, 6, 67.35 W, 0 %, 549 MiB
2026/08/05 19:45:00.688, 7, 68.43 W, 0 %, 549 MiB
2026/08/05 19:45:00.888, 0, 66.61 W, 0 %, 549 MiB
2026/08/05 19:45:00.888, 1, 66.28 W, 0 %, 549 MiB
2026/08/05 19:45:00.888, 2, 66.07 W, 0 %, 549 MiB
2026/08/05 19:45:00.888, 3, 66.01 W, 0 %, 549 MiB
2026/08/05 19:45:00.888, 4, 66.68 W, 0 %, 549 MiB
2026/08/05 19:45:00.888, 5, 67.23 W, 0 %, 549 MiB
2026/08/05 19:45:00.888, 6, 67.35 W, 0 %, 549 MiB
2026/08/05 19:45:00.888, 7, 68.43 W, 0 %, 549 MiB
2026/08/05 19:45:01.088, 0, 66.61 W, 0 %, 549 MiB
2026/08/05 19:45:01.089, 1, 66.28 W, 0 %, 549 MiB
2026/08/05 19:45:01.089, 2, 66.07 W, 0 %, 549 MiB
2026/08/05 19:45:01.089, 3, 66.01 W, 0 %, 549 MiB
2026/08/05 19:45:01.089, 4, 67.01 W, 0 %, 549 MiB
2026/08/05 19:45:01.089, 5, 67.23 W, 0 %, 549 MiB
2026/08/05 19:45:01.089, 6, 67.02 W, 0 %, 549 MiB
2026/08/05 19:45:01.089, 7, 68.43 W, 0 %, 549 MiB
2026/08/05 19:45:01.289, 0, 66.61 W, 0 %, 549 MiB
2026/08/05 19:45:01.289, 1, 66.61 W, 0 %, 549 MiB
2026/08/05 19:45:01.289, 2, 66.40 W, 0 %, 549 MiB
2026/08/05 19:45:01.289, 3, 66.01 W, 0 %, 549 MiB
2026/08/05 19:45:01.290, 4, 67.01 W, 0 %, 549 MiB
2026/08/05 19:45:01.290, 5, 67.23 W, 0 %, 549 MiB
2026/08/05 19:45:01.290, 6, 67.02 W, 0 %, 549 MiB
2026/08/05 19:45:01.290, 7, 68.43 W, 0 %, 549 MiB
2026/08/05 19:45:01.490, 0, 66.61 W, 0 %, 549 MiB
2026/08/05 19:45:01.490, 1, 66.61 W, 0 %, 549 MiB
2026/08/05 19:45:01.490, 2, 66.07 W, 0 %, 549 MiB
2026/08/05 19:45:01.490, 3, 66.01 W, 0 %, 549 MiB
2026/08/05 19:45:01.490, 4, 66.68 W, 0 %, 549 MiB
2026/08/05 19:45:01.490, 5, 67.56 W, 0 %, 549 MiB
2026/08/05 19:45:01.490, 6, 67.02 W, 0 %, 549 MiB
2026/08/05 19:45:01.490, 7, 68.43 W, 0 %, 549 MiB
2026/08/05 19:45:01.691, 0, 66.61 W, 0 %, 549 MiB
2026/08/05 19:45:01.691, 1, 66.28 W, 0 %, 549 MiB
2026/08/05 19:45:01.691, 2, 66.07 W, 0 %, 549 MiB
2026/08/05 19:45:01.691, 3, 66.01 W, 0 %, 549 MiB
2026/08/05 19:45:01.691, 4, 67.01 W, 0 %, 549 MiB
2026/08/05 19:45:01.691, 5, 67.23 W, 0 %, 549 MiB
2026/08/05 19:45:01.691, 6, 67.02 W, 0 %, 549 MiB
2026/08/05 19:45:01.691, 7, 68.43 W, 0 %, 549 MiB
2026/08/05 19:45:01.891, 0, 66.61 W, 0 %, 549 MiB
2026/08/05 19:45:01.891, 1, 66.61 W, 0 %, 549 MiB
2026/08/05 19:45:01.891, 2, 66.01 W, 0 %, 549 MiB
2026/08/05 19:45:01.892, 3, 66.01 W, 0 %, 549 MiB
2026/08/05 19:45:01.892, 4, 66.68 W, 0 %, 549 MiB
2026/08/05 19:45:01.892, 5, 67.23 W, 0 %, 549 MiB
2026/08/05 19:45:01.892, 6, 67.02 W, 0 %, 549 MiB
2026/08/05 19:45:01.892, 7, 68.43 W, 0 %, 549 MiB
2026/08/05 19:45:02.093, 0, 66.61 W, 0 %, 549 MiB
2026/08/05 19:45:02.093, 1, 66.61 W, 0 %, 549 MiB
2026/08/05 19:45:02.093, 2, 66.40 W, 0 %, 549 MiB
2026/08/05 19:45:02.093, 3, 66.01 W, 0 %, 549 MiB
2026/08/05 19:45:02.093, 4, 67.01 W, 0 %, 549 MiB
2026/08/05 19:45:02.093, 5, 67.23 W, 0 %, 549 MiB
2026/08/05 19:45:02.093, 6, 67.02 W, 0 %, 549 MiB
2026/08/05 19:45:02.093, 7, 68.43 W, 0 %, 549 MiB
2026/08/05 19:45:02.293, 0, 66.61 W, 0 %, 549 MiB
2026/08/05 19:45:02.293, 1, 66.61 W, 0 %, 549 MiB
2026/08/05 19:45:02.293, 2, 66.40 W, 0 %, 549 MiB
2026/08/05 19:45:02.294, 3, 66.01 W, 0 %, 549 MiB
2026/08/05 19:45:02.294, 4, 67.01 W, 0 %, 549 MiB
2026/08/05 19:45:02.294, 5, 67.56 W, 0 %, 549 MiB
2026/08/05 19:45:02.303, 6, 67.02 W, 0 %, 549 MiB
2026/08/05 19:45:02.303, 7, 68.43 W, 0 %, 549 MiB
2026/08/05 19:45:02.503, 0, 66.61 W, 0 %, 549 MiB
2026/08/05 19:45:02.503, 1, 66.61 W, 0 %, 549 MiB
2026/08/05 19:45:02.503, 2, 66.07 W, 0 %, 549 MiB
2026/08/05 19:45:02.503, 3, 66.01 W, 0 %, 549 MiB
2026/08/05 19:45:02.503, 4, 66.68 W, 0 %, 549 MiB
2026/08/05 19:45:02.504, 5, 67.23 W, 0 %, 549 MiB
2026/08/05 19:45:02.504, 6, 67.02 W, 0 %, 549 MiB
2026/08/05 19:45:02.504, 7, 68.43 W, 0 %, 549 MiB
2026/08/05 19:45:02.704, 0, 66.61 W, 0 %, 549 MiB
2026/08/05 19:45:02.704, 1, 66.61 W, 0 %, 549 MiB
2026/08/05 19:45:02.704, 2, 66.40 W, 0 %, 549 MiB
2026/08/05 19:45:02.704, 3, 66.01 W, 0 %, 549 MiB
2026/08/05 19:45:02.704, 4, 66.68 W, 0 %, 549 MiB
2026/08/05 19:45:02.704, 5, 67.23 W, 0 %, 549 MiB
2026/08/05 19:45:02.704, 6, 67.02 W, 0 %, 549 MiB
2026/08/05 19:45:02.704, 7, 68.43 W, 0 %, 549 MiB
2026/08/05 19:45:02.904, 0, 66.61 W, 0 %, 549 MiB
2026/08/05 19:45:02.905, 1, 66.61 W, 0 %, 549 MiB
2026/08/05 19:45:02.905, 2, 66.07 W, 0 %, 549 MiB
2026/08/05 19:45:02.905, 3, 66.01 W, 0 %, 549 MiB
2026/08/05 19:45:02.905, 4, 66.68 W, 0 %, 549 MiB
2026/08/05 19:45:02.905, 5, 67.23 W, 0 %, 549 MiB
2026/08/05 19:45:02.905, 6, 67.02 W, 0 %, 549 MiB
2026/08/05 19:45:02.905, 7, 68.43 W, 0 %, 549 MiB
2026/08/05 19:45:03.105, 0, 66.61 W, 0 %, 549 MiB
2026/08/05 19:45:03.111, 1, 66.61 W, 0 %, 549 MiB
2026/08/05 19:45:03.111, 2, 66.40 W, 0 %, 549 MiB
2026/08/05 19:45:03.111, 3, 66.01 W, 0 %, 549 MiB
2026/08/05 19:45:03.111, 4, 66.68 W, 0 %, 549 MiB
2026/08/05 19:45:03.111, 5, 67.23 W, 0 %, 549 MiB
2026/08/05 19:45:03.111, 6, 67.02 W, 0 %, 549 MiB
2026/08/05 19:45:03.111, 7, 68.43 W, 0 %, 549 MiB
2026/08/05 19:45:03.311, 0, 66.61 W, 0 %, 549 MiB
2026/08/05 19:45:03.312, 1, 66.28 W, 0 %, 549 MiB
2026/08/05 19:45:03.312, 2, 66.07 W, 0 %, 549 MiB
2026/08/05 19:45:03.312, 3, 66.01 W, 0 %, 549 MiB
2026/08/05 19:45:03.312, 4, 66.68 W, 0 %, 549 MiB
2026/08/05 19:45:03.312, 5, 67.23 W, 0 %, 549 MiB
2026/08/05 19:45:03.312, 6, 67.02 W, 0 %, 549 MiB
2026/08/05 19:45:03.312, 7, 68.43 W, 0 %, 549 MiB
2026/08/05 19:45:03.513, 0, 66.61 W, 0 %, 549 MiB
2026/08/05 19:45:03.513, 1, 66.61 W, 0 %, 549 MiB
2026/08/05 19:45:03.513, 2, 66.40 W, 0 %, 549 MiB
2026/08/05 19:45:03.513, 3, 66.01 W, 0 %, 549 MiB
2026/08/05 19:45:03.513, 4, 67.63 W, 0 %, 549 MiB
2026/08/05 19:45:03.513, 5, 67.23 W, 0 %, 549 MiB
2026/08/05 19:45:03.513, 6, 67.35 W, 0 %, 549 MiB
2026/08/05 19:45:03.513, 7, 68.76 W, 0 %, 549 MiB
2026/08/05 19:45:03.713, 0, 66.61 W, 0 %, 549 MiB
2026/08/05 19:45:03.713, 1, 66.28 W, 0 %, 549 MiB
2026/08/05 19:45:03.714, 2, 66.07 W, 0 %, 549 MiB
2026/08/05 19:45:03.714, 3, 66.01 W, 0 %, 549 MiB
2026/08/05 19:45:03.714, 4, 66.68 W, 0 %, 549 MiB
2026/08/05 19:45:03.714, 5, 67.23 W, 0 %, 549 MiB
2026/08/05 19:45:03.714, 6, 67.02 W, 0 %, 549 MiB
2026/08/05 19:45:03.714, 7, 68.43 W, 0 %, 549 MiB
2026/08/05 19:45:03.914, 0, 66.61 W, 0 %, 549 MiB
2026/08/05 19:45:03.915, 1, 66.61 W, 0 %, 549 MiB
2026/08/05 19:45:03.915, 2, 66.07 W, 0 %, 549 MiB
2026/08/05 19:45:03.915, 3, 66.01 W, 0 %, 549 MiB
2026/08/05 19:45:03.915, 4, 66.68 W, 0 %, 549 MiB
2026/08/05 19:45:03.915, 5, 67.23 W, 0 %, 549 MiB
2026/08/05 19:45:03.915, 6, 67.02 W, 0 %, 549 MiB
2026/08/05 19:45:03.915, 7, 68.43 W, 0 %, 549 MiB
2026/08/05 19:45:04.115, 0, 66.61 W, 0 %, 549 MiB
2026/08/05 19:45:04.116, 1, 66.88 W, 0 %, 549 MiB
2026/08/05 19:45:04.116, 2, 66.07 W, 0 %, 549 MiB
2026/08/05 19:45:04.116, 3, 66.01 W, 0 %, 549 MiB
2026/08/05 19:45:04.116, 4, 66.68 W, 0 %, 549 MiB
2026/08/05 19:45:04.116, 5, 67.23 W, 0 %, 549 MiB
2026/08/05 19:45:04.116, 6, 67.02 W, 0 %, 549 MiB
2026/08/05 19:45:04.116, 7, 68.43 W, 0 %, 549 MiB
2026/08/05 19:45:04.316, 0, 66.61 W, 0 %, 549 MiB
2026/08/05 19:45:04.316, 1, 66.61 W, 0 %, 549 MiB
2026/08/05 19:45:04.316, 2, 66.40 W, 0 %, 549 MiB
2026/08/05 19:45:04.317, 3, 66.01 W, 0 %, 549 MiB
2026/08/05 19:45:04.317, 4, 67.01 W, 0 %, 549 MiB
2026/08/05 19:45:04.317, 5, 67.56 W, 0 %, 549 MiB
2026/08/05 19:45:04.317, 6, 67.35 W, 0 %, 549 MiB
2026/08/05 19:45:04.317, 7, 68.43 W, 0 %, 549 MiB
2026/08/05 19:45:04.517, 0, 66.61 W, 0 %, 549 MiB
2026/08/05 19:45:04.517, 1, 66.28 W, 0 %, 549 MiB
2026/08/05 19:45:04.517, 2, 66.07 W, 0 %, 549 MiB
2026/08/05 19:45:04.517, 3, 66.01 W, 0 %, 549 MiB
2026/08/05 19:45:04.517, 4, 66.68 W, 0 %, 549 MiB
2026/08/05 19:45:04.517, 5, 67.23 W, 0 %, 549 MiB
2026/08/05 19:45:04.517, 6, 67.02 W, 0 %, 549 MiB
2026/08/05 19:45:04.517, 7, 68.43 W, 0 %, 549 MiB
2026/08/05 19:45:04.718, 0, 66.61 W, 0 %, 549 MiB
2026/08/05 19:45:04.718, 1, 66.28 W, 0 %, 549 MiB
2026/08/05 19:45:04.718, 2, 66.07 W, 0 %, 549 MiB
2026/08/05 19:45:04.718, 3, 66.01 W, 0 %, 549 MiB
2026/08/05 19:45:04.718, 4, 66.68 W, 0 %, 549 MiB
2026/08/05 19:45:04.718, 5, 67.23 W, 0 %, 549 MiB
2026/08/05 19:45:04.718, 6, 67.02 W, 0 %, 549 MiB
2026/08/05 19:45:04.718, 7, 68.43 W, 0 %, 549 MiB
2026/08/05 19:45:04.918, 0, 66.61 W, 0 %, 549 MiB
2026/08/05 19:45:04.918, 1, 66.61 W, 0 %, 549 MiB
2026/08/05 19:45:04.918, 2, 66.40 W, 0 %, 549 MiB
2026/08/05 19:45:04.918, 3, 66.01 W, 0 %, 549 MiB
2026/08/05 19:45:04.918, 4, 66.68 W, 0 %, 549 MiB
2026/08/05 19:45:04.918, 5, 67.23 W, 0 %, 549 MiB
2026/08/05 19:45:04.918, 6, 67.02 W, 0 %, 549 MiB
2026/08/05 19:45:04.918, 7, 68.43 W, 0 %, 549 MiB
2026/08/05 19:45:05.118, 0, 66.61 W, 0 %, 549 MiB
2026/08/05 19:45:05.119, 1, 66.28 W, 0 %, 549 MiB
2026/08/05 19:45:05.119, 2, 66.40 W, 0 %, 549 MiB
2026/08/05 19:45:05.119, 3, 66.01 W, 0 %, 549 MiB
2026/08/05 19:45:05.119, 4, 66.68 W, 0 %, 549 MiB
2026/08/05 19:45:05.119, 5, 67.56 W, 0 %, 549 MiB
2026/08/05 19:45:05.119, 6, 67.02 W, 0 %, 549 MiB
2026/08/05 19:45:05.119, 7, 68.43 W, 0 %, 549 MiB
2026/08/05 19:45:05.319, 0, 66.61 W, 0 %, 549 MiB
2026/08/05 19:45:05.319, 1, 66.61 W, 0 %, 549 MiB
2026/08/05 19:45:05.319, 2, 66.07 W, 0 %, 549 MiB
2026/08/05 19:45:05.319, 3, 66.01 W, 0 %, 549 MiB
2026/08/05 19:45:05.319, 4, 66.68 W, 0 %, 549 MiB
2026/08/05 19:45:05.319, 5, 67.23 W, 0 %, 549 MiB
2026/08/05 19:45:05.319, 6, 67.02 W, 0 %, 549 MiB
2026/08/05 19:45:05.319, 7, 68.43 W, 0 %, 549 MiB
2026/08/05 19:45:05.519, 0, 66.61 W, 0 %, 549 MiB
2026/08/05 19:45:05.519, 1, 66.28 W, 0 %, 549 MiB
2026/08/05 19:45:05.520, 2, 66.07 W, 0 %, 549 MiB
2026/08/05 19:45:05.520, 3, 66.01 W, 0 %, 549 MiB
2026/08/05 19:45:05.520, 4, 66.68 W, 0 %, 549 MiB
2026/08/05 19:45:05.520, 5, 67.23 W, 0 %, 549 MiB
2026/08/05 19:45:05.520, 6, 67.02 W, 0 %, 549 MiB
2026/08/05 19:45:05.520, 7, 68.43 W, 0 %, 549 MiB
2026/08/05 19:45:05.721, 0, 66.61 W, 0 %, 549 MiB
2026/08/05 19:45:05.721, 1, 66.61 W, 0 %, 549 MiB
2026/08/05 19:45:05.721, 2, 66.07 W, 0 %, 549 MiB
2026/08/05 19:45:05.721, 3, 66.01 W, 0 %, 549 MiB
2026/08/05 19:45:05.721, 4, 66.68 W, 0 %, 549 MiB
2026/08/05 19:45:05.721, 5, 67.23 W, 0 %, 549 MiB
2026/08/05 19:45:05.721, 6, 67.02 W, 0 %, 549 MiB
2026/08/05 19:45:05.721, 7, 68.43 W, 0 %, 549 MiB
2026/08/05 19:45:05.921, 0, 66.61 W, 0 %, 549 MiB
2026/08/05 19:45:05.921, 1, 66.28 W, 0 %, 549 MiB
2026/08/05 19:45:05.921, 2, 66.40 W, 0 %, 549 MiB
2026/08/05 19:45:05.921, 3, 66.01 W, 0 %, 549 MiB
2026/08/05 19:45:05.921, 4, 66.68 W, 0 %, 549 MiB
2026/08/05 19:45:05.921, 5, 67.56 W, 0 %, 549 MiB
2026/08/05 19:45:05.922, 6, 67.35 W, 0 %, 549 MiB
2026/08/05 19:45:05.922, 7, 68.43 W, 0 %, 549 MiB
2026/08/05 19:45:06.122, 0, 66.61 W, 0 %, 549 MiB
2026/08/05 19:45:06.122, 1, 66.61 W, 0 %, 549 MiB
2026/08/05 19:45:06.122, 2, 66.40 W, 0 %, 549 MiB
2026/08/05 19:45:06.122, 3, 66.01 W, 0 %, 549 MiB
2026/08/05 19:45:06.122, 4, 66.68 W, 0 %, 549 MiB
2026/08/05 19:45:06.122, 5, 67.23 W, 0 %, 549 MiB
2026/08/05 19:45:06.122, 6, 67.02 W, 0 %, 549 MiB
2026/08/05 19:45:06.122, 7, 68.43 W, 0 %, 549 MiB
2026/08/05 19:45:06.322, 0, 66.61 W, 0 %, 549 MiB
2026/08/05 19:45:06.323, 1, 66.28 W, 0 %, 549 MiB
2026/08/05 19:45:06.323, 2, 66.07 W, 0 %, 549 MiB
2026/08/05 19:45:06.323, 3, 66.01 W, 0 %, 549 MiB
2026/08/05 19:45:06.323, 4, 66.68 W, 0 %, 549 MiB
2026/08/05 19:45:06.323, 5, 67.23 W, 0 %, 549 MiB
2026/08/05 19:45:06.323, 6, 67.35 W, 0 %, 549 MiB
2026/08/05 19:45:06.323, 7, 68.43 W, 0 %, 549 MiB
2026/08/05 19:45:06.524, 0, 66.61 W, 0 %, 549 MiB
2026/08/05 19:45:06.524, 1, 66.61 W, 0 %, 549 MiB
2026/08/05 19:45:06.524, 2, 66.07 W, 0 %, 549 MiB
2026/08/05 19:45:06.524, 3, 66.01 W, 0 %, 549 MiB
2026/08/05 19:45:06.524, 4, 66.68 W, 0 %, 549 MiB
2026/08/05 19:45:06.524, 5, 67.23 W, 0 %, 549 MiB
2026/08/05 19:45:06.524, 6, 67.02 W, 0 %, 549 MiB
2026/08/05 19:45:06.524, 7, 68.43 W, 0 %, 549 MiB
2026/08/05 19:45:06.724, 0, 66.61 W, 0 %, 549 MiB
2026/08/05 19:45:06.724, 1, 66.28 W, 0 %, 549 MiB
2026/08/05 19:45:06.724, 2, 66.07 W, 0 %, 549 MiB
2026/08/05 19:45:06.725, 3, 66.01 W, 0 %, 549 MiB
2026/08/05 19:45:06.725, 4, 66.68 W, 0 %, 549 MiB
2026/08/05 19:45:06.725, 5, 67.56 W, 0 %, 549 MiB
2026/08/05 19:45:06.725, 6, 67.35 W, 0 %, 549 MiB
2026/08/05 19:45:06.725, 7, 68.43 W, 0 %, 549 MiB
2026/08/05 19:45:06.925, 0, 66.61 W, 0 %, 549 MiB
2026/08/05 19:45:06.926, 1, 66.28 W, 0 %, 549 MiB
2026/08/05 19:45:06.926, 2, 66.34 W, 0 %, 549 MiB
2026/08/05 19:45:06.926, 3, 66.01 W, 0 %, 549 MiB
2026/08/05 19:45:06.926, 4, 66.68 W, 0 %, 549 MiB
2026/08/05 19:45:06.926, 5, 67.56 W, 0 %, 549 MiB
2026/08/05 19:45:06.926, 6, 67.02 W, 0 %, 549 MiB
2026/08/05 19:45:06.927, 7, 68.43 W, 0 %, 549 MiB
2026/08/05 19:45:07.127, 0, 66.61 W, 0 %, 549 MiB
2026/08/05 19:45:07.127, 1, 66.28 W, 0 %, 549 MiB
2026/08/05 19:45:07.127, 2, 66.07 W, 0 %, 549 MiB
2026/08/05 19:45:07.127, 3, 66.01 W, 0 %, 549 MiB
2026/08/05 19:45:07.127, 4, 66.68 W, 0 %, 549 MiB
2026/08/05 19:45:07.127, 5, 67.23 W, 0 %, 549 MiB
2026/08/05 19:45:07.127, 6, 67.02 W, 0 %, 549 MiB
2026/08/05 19:45:07.127, 7, 68.43 W, 0 %, 549 MiB
2026/08/05 19:45:07.327, 0, 66.61 W, 0 %, 549 MiB
2026/08/05 19:45:07.328, 1, 66.28 W, 0 %, 549 MiB
2026/08/05 19:45:07.328, 2, 66.07 W, 0 %, 549 MiB
2026/08/05 19:45:07.328, 3, 66.01 W, 0 %, 549 MiB
2026/08/05 19:45:07.328, 4, 67.01 W, 0 %, 549 MiB
2026/08/05 19:45:07.328, 5, 67.23 W, 0 %, 549 MiB
2026/08/05 19:45:07.328, 6, 67.02 W, 0 %, 549 MiB
2026/08/05 19:45:07.328, 7, 68.43 W, 0 %, 549 MiB
2026/08/05 19:45:07.528, 0, 66.94 W, 0 %, 549 MiB
2026/08/05 19:45:07.528, 1, 66.28 W, 0 %, 549 MiB
2026/08/05 19:45:07.528, 2, 66.40 W, 0 %, 549 MiB
2026/08/05 19:45:07.528, 3, 66.01 W, 0 %, 549 MiB
2026/08/05 19:45:07.528, 4, 66.68 W, 0 %, 549 MiB
2026/08/05 19:45:07.529, 5, 67.23 W, 0 %, 549 MiB
2026/08/05 19:45:07.529, 6, 67.02 W, 0 %, 549 MiB
2026/08/05 19:45:07.529, 7, 68.43 W, 0 %, 549 MiB
2026/08/05 19:45:07.729, 0, 66.61 W, 0 %, 549 MiB
2026/08/05 19:45:07.729, 1, 66.28 W, 0 %, 549 MiB
2026/08/05 19:45:07.729, 2, 66.40 W, 0 %, 549 MiB
2026/08/05 19:45:07.729, 3, 66.01 W, 0 %, 549 MiB
2026/08/05 19:45:07.729, 4, 66.68 W, 0 %, 549 MiB
2026/08/05 19:45:07.729, 5, 67.23 W, 0 %, 549 MiB
2026/08/05 19:45:07.729, 6, 67.35 W, 0 %, 549 MiB
2026/08/05 19:45:07.729, 7, 68.43 W, 0 %, 549 MiB
2026/08/05 19:45:07.929, 0, 66.61 W, 0 %, 549 MiB
2026/08/05 19:45:07.930, 1, 66.28 W, 0 %, 549 MiB
2026/08/05 19:45:07.930, 2, 66.07 W, 0 %, 549 MiB
2026/08/05 19:45:07.930, 3, 66.01 W, 0 %, 549 MiB
2026/08/05 19:45:07.930, 4, 66.68 W, 0 %, 549 MiB
2026/08/05 19:45:07.930, 5, 66.94 W, 0 %, 549 MiB
2026/08/05 19:45:07.930, 6, 67.02 W, 0 %, 549 MiB
2026/08/05 19:45:07.930, 7, 68.43 W, 0 %, 549 MiB
2026/08/05 19:45:08.130, 0, 66.61 W, 0 %, 549 MiB
2026/08/05 19:45:08.130, 1, 66.28 W, 0 %, 549 MiB
2026/08/05 19:45:08.130, 2, 66.40 W, 0 %, 549 MiB
2026/08/05 19:45:08.130, 3, 66.01 W, 0 %, 549 MiB
2026/08/05 19:45:08.130, 4, 67.01 W, 0 %, 549 MiB
2026/08/05 19:45:08.131, 5, 66.94 W, 0 %, 549 MiB
2026/08/05 19:45:08.131, 6, 67.02 W, 0 %, 549 MiB
2026/08/05 19:45:08.131, 7, 68.43 W, 0 %, 549 MiB
2026/08/05 19:45:08.331, 0, 66.61 W, 0 %, 549 MiB
2026/08/05 19:45:08.331, 1, 66.28 W, 0 %, 549 MiB
2026/08/05 19:45:08.331, 2, 66.07 W, 0 %, 549 MiB
2026/08/05 19:45:08.331, 3, 66.01 W, 0 %, 549 MiB
2026/08/05 19:45:08.331, 4, 66.68 W, 0 %, 549 MiB
2026/08/05 19:45:08.331, 5, 67.23 W, 0 %, 549 MiB
2026/08/05 19:45:08.331, 6, 67.02 W, 0 %, 549 MiB
2026/08/05 19:45:08.331, 7, 68.43 W, 0 %, 549 MiB
2026/08/05 19:45:08.531, 0, 66.61 W, 0 %, 549 MiB
2026/08/05 19:45:08.532, 1, 66.28 W, 0 %, 549 MiB
2026/08/05 19:45:08.532, 2, 66.40 W, 0 %, 549 MiB
2026/08/05 19:45:08.532, 3, 66.01 W, 0 %, 549 MiB
2026/08/05 19:45:08.532, 4, 66.68 W, 0 %, 549 MiB
2026/08/05 19:45:08.532, 5, 67.56 W, 0 %, 549 MiB
2026/08/05 19:45:08.532, 6, 67.35 W, 0 %, 549 MiB
2026/08/05 19:45:08.532, 7, 68.76 W, 0 %, 549 MiB
2026/08/05 19:45:08.732, 0, 66.61 W, 0 %, 549 MiB
2026/08/05 19:45:08.732, 1, 66.28 W, 0 %, 549 MiB
2026/08/05 19:45:08.732, 2, 66.40 W, 0 %, 549 MiB
2026/08/05 19:45:08.732, 3, 66.01 W, 0 %, 549 MiB
2026/08/05 19:45:08.733, 4, 66.68 W, 0 %, 549 MiB
2026/08/05 19:45:08.733, 5, 67.56 W, 0 %, 549 MiB
2026/08/05 19:45:08.733, 6, 67.35 W, 0 %, 549 MiB
2026/08/05 19:45:08.733, 7, 68.43 W, 0 %, 549 MiB
2026/08/05 19:45:08.934, 0, 66.61 W, 0 %, 549 MiB
2026/08/05 19:45:08.934, 1, 66.28 W, 0 %, 549 MiB
2026/08/05 19:45:08.934, 2, 66.40 W, 0 %, 549 MiB
2026/08/05 19:45:08.934, 3, 66.01 W, 0 %, 549 MiB
2026/08/05 19:45:08.934, 4, 66.68 W, 0 %, 549 MiB
2026/08/05 19:45:08.934, 5, 67.89 W, 0 %, 549 MiB
2026/08/05 19:45:08.934, 6, 67.96 W, 0 %, 549 MiB
2026/08/05 19:45:08.934, 7, 68.43 W, 0 %, 549 MiB
2026/08/05 19:45:09.134, 0, 66.61 W, 0 %, 549 MiB
2026/08/05 19:45:09.134, 1, 66.61 W, 0 %, 549 MiB
2026/08/05 19:45:09.134, 2, 66.07 W, 0 %, 549 MiB
2026/08/05 19:45:09.134, 3, 66.01 W, 0 %, 549 MiB
2026/08/05 19:45:09.135, 4, 66.68 W, 0 %, 549 MiB
2026/08/05 19:45:09.135, 5, 67.56 W, 0 %, 549 MiB
2026/08/05 19:45:09.135, 6, 67.35 W, 0 %, 549 MiB
2026/08/05 19:45:09.135, 7, 68.43 W, 0 %, 549 MiB
2026/08/05 19:45:09.335, 0, 66.61 W, 0 %, 549 MiB
2026/08/05 19:45:09.335, 1, 66.28 W, 0 %, 549 MiB
2026/08/05 19:45:09.335, 2, 66.40 W, 0 %, 549 MiB
2026/08/05 19:45:09.335, 3, 66.01 W, 0 %, 549 MiB
2026/08/05 19:45:09.335, 4, 66.68 W, 0 %, 549 MiB
2026/08/05 19:45:09.335, 5, 67.56 W, 0 %, 549 MiB
2026/08/05 19:45:09.335, 6, 67.35 W, 0 %, 549 MiB
2026/08/05 19:45:09.335, 7, 68.43 W, 0 %, 549 MiB
2026/08/05 19:45:09.536, 0, 66.61 W, 0 %, 549 MiB
2026/08/05 19:45:09.536, 1, 66.28 W, 0 %, 549 MiB
2026/08/05 19:45:09.536, 2, 66.07 W, 0 %, 549 MiB
2026/08/05 19:45:09.536, 3, 66.01 W, 0 %, 549 MiB
2026/08/05 19:45:09.536, 4, 66.68 W, 0 %, 549 MiB
2026/08/05 19:45:09.536, 5, 66.94 W, 0 %, 549 MiB
2026/08/05 19:45:09.536, 6, 67.02 W, 0 %, 549 MiB
2026/08/05 19:45:09.536, 7, 68.43 W, 0 %, 549 MiB
2026/08/05 19:45:09.737, 0, 66.61 W, 0 %, 549 MiB
2026/08/05 19:45:09.737, 1, 66.28 W, 0 %, 549 MiB
2026/08/05 19:45:09.737, 2, 66.40 W, 0 %, 549 MiB
2026/08/05 19:45:09.737, 3, 66.01 W, 0 %, 549 MiB
2026/08/05 19:45:09.737, 4, 66.68 W, 0 %, 549 MiB
2026/08/05 19:45:09.737, 5, 67.89 W, 0 %, 549 MiB
2026/08/05 19:45:09.737, 6, 67.68 W, 0 %, 549 MiB
2026/08/05 19:45:09.737, 7, 68.43 W, 0 %, 549 MiB
2026/08/05 19:45:09.937, 0, 66.94 W, 0 %, 549 MiB
2026/08/05 19:45:09.937, 1, 66.28 W, 0 %, 549 MiB
2026/08/05 19:45:09.937, 2, 66.40 W, 0 %, 549 MiB
2026/08/05 19:45:09.937, 3, 66.01 W, 0 %, 549 MiB
2026/08/05 19:45:09.937, 4, 66.68 W, 0 %, 549 MiB
2026/08/05 19:45:09.938, 5, 66.94 W, 0 %, 549 MiB
2026/08/05 19:45:09.938, 6, 67.35 W, 0 %, 549 MiB
2026/08/05 19:45:09.938, 7, 68.43 W, 0 %, 549 MiB
2026/08/05 19:45:10.138, 0, 66.61 W, 0 %, 549 MiB
2026/08/05 19:45:10.138, 1, 66.61 W, 0 %, 549 MiB
2026/08/05 19:45:10.138, 2, 66.07 W, 0 %, 549 MiB
2026/08/05 19:45:10.138, 3, 66.01 W, 0 %, 549 MiB
2026/08/05 19:45:10.138, 4, 66.68 W, 0 %, 549 MiB
2026/08/05 19:45:10.138, 5, 67.23 W, 0 %, 549 MiB
2026/08/05 19:45:10.138, 6, 67.02 W, 0 %, 549 MiB
2026/08/05 19:45:10.138, 7, 68.43 W, 0 %, 549 MiB
2026/08/05 19:45:10.338, 0, 66.61 W, 0 %, 549 MiB
2026/08/05 19:45:10.339, 1, 66.28 W, 0 %, 549 MiB
2026/08/05 19:45:10.339, 2, 66.40 W, 0 %, 549 MiB
2026/08/05 19:45:10.339, 3, 66.01 W, 0 %, 549 MiB
2026/08/05 19:45:10.339, 4, 66.68 W, 0 %, 549 MiB
2026/08/05 19:45:10.339, 5, 67.23 W, 0 %, 549 MiB
2026/08/05 19:45:10.339, 6, 67.35 W, 0 %, 549 MiB
2026/08/05 19:45:10.339, 7, 68.76 W, 0 %, 549 MiB
2026/08/05 19:45:10.539, 0, 66.61 W, 0 %, 549 MiB
2026/08/05 19:45:10.539, 1, 66.28 W, 0 %, 549 MiB
2026/08/05 19:45:10.539, 2, 66.07 W, 0 %, 549 MiB
2026/08/05 19:45:10.539, 3, 66.01 W, 0 %, 549 MiB
2026/08/05 19:45:10.540, 4, 66.68 W, 0 %, 549 MiB
2026/08/05 19:45:10.541, 5, 66.94 W, 0 %, 549 MiB
2026/08/05 19:45:10.541, 6, 67.02 W, 0 %, 549 MiB
2026/08/05 19:45:10.541, 7, 68.43 W, 0 %, 549 MiB
2026/08/05 19:45:10.741, 0, 66.94 W, 0 %, 549 MiB
2026/08/05 19:45:10.741, 1, 66.28 W, 0 %, 549 MiB
2026/08/05 19:45:10.741, 2, 66.40 W, 0 %, 549 MiB
2026/08/05 19:45:10.741, 3, 66.01 W, 0 %, 549 MiB
2026/08/05 19:45:10.741, 4, 66.68 W, 0 %, 549 MiB
2026/08/05 19:45:10.741, 5, 67.56 W, 0 %, 549 MiB
2026/08/05 19:45:10.741, 6, 67.68 W, 0 %, 549 MiB
2026/08/05 19:45:10.742, 7, 68.43 W, 0 %, 549 MiB
2026/08/05 19:45:10.942, 0, 66.61 W, 0 %, 549 MiB
2026/08/05 19:45:10.942, 1, 66.28 W, 0 %, 549 MiB
2026/08/05 19:45:10.942, 2, 66.40 W, 0 %, 549 MiB
2026/08/05 19:45:10.942, 3, 66.01 W, 0 %, 549 MiB
2026/08/05 19:45:10.942, 4, 66.68 W, 0 %, 549 MiB
2026/08/05 19:45:10.942, 5, 67.56 W, 0 %, 549 MiB
2026/08/05 19:45:10.942, 6, 67.35 W, 0 %, 549 MiB
2026/08/05 19:45:10.942, 7, 68.43 W, 0 %, 549 MiB
2026/08/05 19:45:11.142, 0, 66.61 W, 0 %, 549 MiB
2026/08/05 19:45:11.142, 1, 66.28 W, 0 %, 549 MiB
2026/08/05 19:45:11.143, 2, 66.40 W, 0 %, 549 MiB
2026/08/05 19:45:11.143, 3, 66.01 W, 0 %, 549 MiB
2026/08/05 19:45:11.143, 4, 66.68 W, 0 %, 549 MiB
2026/08/05 19:45:11.143, 5, 67.56 W, 0 %, 549 MiB
2026/08/05 19:45:11.143, 6, 67.35 W, 0 %, 549 MiB
2026/08/05 19:45:11.143, 7, 68.76 W, 0 %, 549 MiB
2026/08/05 19:45:11.343, 0, 66.61 W, 0 %, 549 MiB
2026/08/05 19:45:11.343, 1, 66.28 W, 0 %, 549 MiB
2026/08/05 19:45:11.344, 2, 66.07 W, 0 %, 549 MiB
2026/08/05 19:45:11.345, 3, 66.01 W, 0 %, 549 MiB
2026/08/05 19:45:11.345, 4, 66.68 W, 0 %, 549 MiB
2026/08/05 19:45:11.345, 5, 67.23 W, 0 %, 549 MiB
2026/08/05 19:45:11.345, 6, 67.02 W, 0 %, 549 MiB
2026/08/05 19:45:11.345, 7, 68.43 W, 0 %, 549 MiB
2026/08/05 19:45:11.545, 0, 66.61 W, 0 %, 549 MiB
2026/08/05 19:45:11.545, 1, 66.28 W, 0 %, 549 MiB
2026/08/05 19:45:11.545, 2, 66.07 W, 0 %, 549 MiB
2026/08/05 19:45:11.545, 3, 66.01 W, 0 %, 549 MiB
2026/08/05 19:45:11.545, 4, 66.68 W, 0 %, 549 MiB
2026/08/05 19:45:11.546, 5, 67.89 W, 0 %, 549 MiB
2026/08/05 19:45:11.546, 6, 67.68 W, 0 %, 549 MiB
2026/08/05 19:45:11.546, 7, 68.43 W, 0 %, 549 MiB
2026/08/05 19:45:11.746, 0, 66.54 W, 0 %, 549 MiB
2026/08/05 19:45:11.746, 1, 66.61 W, 0 %, 549 MiB
2026/08/05 19:45:11.746, 2, 66.01 W, 0 %, 549 MiB
2026/08/05 19:45:11.746, 3, 66.01 W, 0 %, 549 MiB
2026/08/05 19:45:11.746, 4, 66.68 W, 0 %, 549 MiB
2026/08/05 19:45:11.746, 5, 67.23 W, 0 %, 549 MiB
2026/08/05 19:45:11.746, 6, 67.35 W, 0 %, 549 MiB
2026/08/05 19:45:11.746, 7, 68.76 W, 0 %, 549 MiB
2026/08/05 19:45:11.946, 0, 66.54 W, 0 %, 549 MiB
2026/08/05 19:45:11.946, 1, 66.28 W, 0 %, 549 MiB
2026/08/05 19:45:11.946, 2, 66.34 W, 0 %, 549 MiB
2026/08/05 19:45:11.947, 3, 66.01 W, 0 %, 549 MiB
2026/08/05 19:45:11.947, 4, 66.68 W, 0 %, 549 MiB
2026/08/05 19:45:11.947, 5, 67.56 W, 0 %, 549 MiB
2026/08/05 19:45:11.947, 6, 67.02 W, 0 %, 549 MiB
2026/08/05 19:45:11.947, 7, 68.69 W, 0 %, 549 MiB
2026/08/05 19:45:12.147, 0, 66.54 W, 0 %, 549 MiB
2026/08/05 19:45:12.147, 1, 66.28 W, 0 %, 549 MiB
2026/08/05 19:45:12.147, 2, 66.34 W, 0 %, 549 MiB
2026/08/05 19:45:12.148, 3, 66.01 W, 0 %, 549 MiB
2026/08/05 19:45:12.148, 4, 66.68 W, 0 %, 549 MiB
2026/08/05 19:45:12.148, 5, 67.89 W, 0 %, 549 MiB
2026/08/05 19:45:12.148, 6, 67.35 W, 0 %, 549 MiB
2026/08/05 19:45:12.148, 7, 68.43 W, 0 %, 549 MiB
2026/08/05 19:45:12.348, 0, 66.61 W, 0 %, 549 MiB
2026/08/05 19:45:12.348, 1, 66.28 W, 0 %, 549 MiB
2026/08/05 19:45:12.348, 2, 66.34 W, 0 %, 549 MiB
2026/08/05 19:45:12.348, 3, 66.01 W, 0 %, 549 MiB
2026/08/05 19:45:12.348, 4, 66.68 W, 0 %, 549 MiB
2026/08/05 19:45:12.348, 5, 67.56 W, 0 %, 549 MiB
2026/08/05 19:45:12.348, 6, 67.35 W, 0 %, 549 MiB
2026/08/05 19:45:12.349, 7, 68.76 W, 0 %, 549 MiB
2026/08/05 19:45:12.549, 0, 66.61 W, 0 %, 549 MiB
2026/08/05 19:45:12.549, 1, 66.61 W, 0 %, 549 MiB
2026/08/05 19:45:12.549, 2, 66.01 W, 0 %, 549 MiB
2026/08/05 19:45:12.549, 3, 66.01 W, 0 %, 549 MiB
2026/08/05 19:45:12.549, 4, 66.68 W, 0 %, 549 MiB
2026/08/05 19:45:12.549, 5, 67.23 W, 0 %, 549 MiB
2026/08/05 19:45:12.549, 6, 67.35 W, 0 %, 549 MiB
2026/08/05 19:45:12.549, 7, 68.43 W, 0 %, 549 MiB
2026/08/05 19:45:12.749, 0, 68.16 W, 0 %, 550 MiB
2026/08/05 19:45:12.751, 1, 66.61 W, 0 %, 549 MiB
2026/08/05 19:45:12.751, 2, 66.61 W, 0 %, 549 MiB
2026/08/05 19:45:12.755, 3, 66.61 W, 0 %, 549 MiB
2026/08/05 19:45:12.755, 4, 66.68 W, 0 %, 549 MiB
2026/08/05 19:45:12.755, 5, 67.23 W, 0 %, 549 MiB
2026/08/05 19:45:12.755, 6, 67.02 W, 0 %, 549 MiB
2026/08/05 19:45:12.756, 7, 68.76 W, 0 %, 549 MiB
2026/08/05 19:45:12.957, 0, 66.61 W, 0 %, 550 MiB
2026/08/05 19:45:12.958, 1, 67.50 W, 0 %, 550 MiB
2026/08/05 19:45:12.959, 2, 66.40 W, 0 %, 550 MiB
2026/08/05 19:45:12.960, 3, 66.01 W, 0 %, 549 MiB
2026/08/05 19:45:12.962, 4, 66.68 W, 0 %, 549 MiB
2026/08/05 19:45:12.962, 5, 67.56 W, 0 %, 549 MiB
2026/08/05 19:45:12.965, 6, 67.35 W, 0 %, 549 MiB
2026/08/05 19:45:12.969, 7, 68.43 W, 0 %, 549 MiB
2026/08/05 19:45:13.170, 0, 66.61 W, 0 %, 550 MiB
2026/08/05 19:45:13.170, 1, 66.61 W, 0 %, 550 MiB
2026/08/05 19:45:13.170, 2, 66.40 W, 0 %, 550 MiB
2026/08/05 19:45:13.170, 3, 67.23 W, 0 %, 550 MiB
2026/08/05 19:45:13.171, 4, 67.63 W, 0 %, 550 MiB
2026/08/05 19:45:13.171, 5, 68.49 W, 0 %, 550 MiB
2026/08/05 19:45:13.172, 6, 67.35 W, 0 %, 549 MiB
2026/08/05 19:45:13.172, 7, 68.43 W, 0 %, 549 MiB
2026/08/05 19:45:13.374, 0, 66.61 W, 0 %, 550 MiB
2026/08/05 19:45:13.375, 1, 66.61 W, 0 %, 550 MiB
2026/08/05 19:45:13.376, 2, 66.40 W, 0 %, 550 MiB
2026/08/05 19:45:13.376, 3, 66.34 W, 0 %, 566 MiB
2026/08/05 19:45:13.377, 4, 66.68 W, 0 %, 550 MiB
2026/08/05 19:45:13.387, 5, 67.89 W, 0 %, 550 MiB
2026/08/05 19:45:13.391, 6, 67.68 W, 0 %, 550 MiB
2026/08/05 19:45:13.392, 7, 69.64 W, 0 %, 550 MiB
2026/08/05 19:45:13.593, 0, 67.23 W, 0 %, 550 MiB
2026/08/05 19:45:13.594, 1, 66.28 W, 0 %, 550 MiB
2026/08/05 19:45:13.595, 2, 66.68 W, 0 %, 550 MiB
2026/08/05 19:45:13.595, 3, 67.23 W, 0 %, 566 MiB
2026/08/05 19:45:13.595, 4, 67.01 W, 0 %, 550 MiB
2026/08/05 19:45:13.595, 5, 67.56 W, 0 %, 550 MiB
2026/08/05 19:45:13.597, 6, 67.35 W, 0 %, 550 MiB
2026/08/05 19:45:13.598, 7, 69.64 W, 0 %, 550 MiB
2026/08/05 19:45:13.799, 0, 66.94 W, 0 %, 566 MiB
2026/08/05 19:45:13.800, 1, 67.22 W, 0 %, 550 MiB
2026/08/05 19:45:13.803, 2, 67.63 W, 0 %, 566 MiB
2026/08/05 19:45:13.804, 3, 67.23 W, 0 %, 566 MiB
2026/08/05 19:45:13.804, 4, 67.01 W, 0 %, 550 MiB
2026/08/05 19:45:13.804, 5, 68.16 W, 0 %, 550 MiB
2026/08/05 19:45:13.804, 6, 67.68 W, 0 %, 550 MiB
2026/08/05 19:45:13.805, 7, 68.76 W, 0 %, 550 MiB
2026/08/05 19:45:14.007, 0, 67.23 W, 0 %, 566 MiB
2026/08/05 19:45:14.008, 1, 66.28 W, 0 %, 550 MiB
2026/08/05 19:45:14.009, 2, 67.29 W, 0 %, 566 MiB
2026/08/05 19:45:14.010, 3, 66.34 W, 0 %, 566 MiB
2026/08/05 19:45:14.010, 4, 66.68 W, 0 %, 550 MiB
2026/08/05 19:45:14.011, 5, 68.16 W, 0 %, 566 MiB
2026/08/05 19:45:14.012, 6, 67.68 W, 0 %, 550 MiB
2026/08/05 19:45:14.013, 7, 68.76 W, 0 %, 566 MiB
2026/08/05 19:45:14.213, 0, 67.56 W, 0 %, 567 MiB
2026/08/05 19:45:14.237, 1, 66.28 W, 0 %, 566 MiB
2026/08/05 19:45:14.281, 2, 66.68 W, 0 %, 567 MiB
2026/08/05 19:45:14.290, 3, 66.01 W, 0 %, 567 MiB
2026/08/05 19:45:14.299, 4, 66.68 W, 0 %, 566 MiB
2026/08/05 19:45:14.304, 5, 68.49 W, 0 %, 566 MiB
2026/08/05 19:45:14.311, 6, 67.35 W, 0 %, 566 MiB
2026/08/05 19:45:14.314, 7, 69.03 W, 0 %, 566 MiB
2026/08/05 19:45:14.519, 0, 66.94 W, 0 %, 567 MiB
2026/08/05 19:45:14.524, 1, 66.28 W, 0 %, 566 MiB
2026/08/05 19:45:14.533, 2, 66.68 W, 0 %, 567 MiB
2026/08/05 19:45:14.543, 3, 66.34 W, 0 %, 567 MiB
2026/08/05 19:45:14.552, 4, 67.01 W, 0 %, 566 MiB
2026/08/05 19:45:14.560, 5, 67.56 W, 0 %, 567 MiB
2026/08/05 19:45:14.566, 6, 67.35 W, 0 %, 566 MiB
2026/08/05 19:45:14.575, 7, 69.64 W, 0 %, 567 MiB
2026/08/05 19:45:14.785, 0, 66.94 W, 1 %, 1049 MiB
2026/08/05 19:45:14.791, 1, 67.22 W, 0 %, 569 MiB
2026/08/05 19:45:14.791, 2, 66.40 W, 2 %, 973 MiB
2026/08/05 19:45:14.798, 3, 66.01 W, 2 %, 1049 MiB
2026/08/05 19:45:14.802, 4, 68.23 W, 0 %, 567 MiB
2026/08/05 19:45:14.802, 5, 67.56 W, 2 %, 973 MiB
2026/08/05 19:45:14.803, 6, 68.29 W, 0 %, 567 MiB
2026/08/05 19:45:14.803, 7, 69.97 W, 0 %, 581 MiB
2026/08/05 19:45:15.003, 0, 66.94 W, 7 %, 1095 MiB
2026/08/05 19:45:15.003, 1, 66.61 W, 5 %, 1069 MiB
2026/08/05 19:45:15.003, 2, 67.01 W, 8 %, 1095 MiB
2026/08/05 19:45:15.003, 3, 66.94 W, 8 %, 1095 MiB
2026/08/05 19:45:15.003, 4, 67.29 W, 3 %, 1067 MiB
2026/08/05 19:45:15.003, 5, 67.56 W, 7 %, 1095 MiB
2026/08/05 19:45:15.003, 6, 67.68 W, 9 %, 1069 MiB
2026/08/05 19:45:15.003, 7, 69.03 W, 9 %, 1095 MiB
2026/08/05 19:45:15.203, 0, 66.61 W, 6 %, 1097 MiB
2026/08/05 19:45:15.204, 1, 66.61 W, 10 %, 1097 MiB
2026/08/05 19:45:15.205, 2, 66.68 W, 5 %, 1097 MiB
2026/08/05 19:45:15.205, 3, 66.01 W, 5 %, 1097 MiB
2026/08/05 19:45:15.206, 4, 67.29 W, 12 %, 1097 MiB
2026/08/05 19:45:15.207, 5, 67.56 W, 6 %, 1097 MiB
2026/08/05 19:45:15.208, 6, 67.35 W, 6 %, 1097 MiB
2026/08/05 19:45:15.209, 7, 68.76 W, 6 %, 1097 MiB
2026/08/05 19:45:15.410, 0, 67.23 W, 0 %, 1097 MiB
2026/08/05 19:45:15.411, 1, 66.61 W, 0 %, 1097 MiB
2026/08/05 19:45:15.412, 2, 66.68 W, 0 %, 1097 MiB
2026/08/05 19:45:15.413, 3, 66.61 W, 0 %, 1097 MiB
2026/08/05 19:45:15.415, 4, 67.01 W, 0 %, 1097 MiB
2026/08/05 19:45:15.415, 5, 67.56 W, 0 %, 1097 MiB
2026/08/05 19:45:15.416, 6, 67.68 W, 0 %, 1097 MiB
2026/08/05 19:45:15.418, 7, 69.36 W, 0 %, 1097 MiB
2026/08/05 19:45:15.620, 0, 67.23 W, 0 %, 1097 MiB
2026/08/05 19:45:15.620, 1, 66.28 W, 0 %, 1097 MiB
2026/08/05 19:45:15.621, 2, 66.68 W, 0 %, 1097 MiB
2026/08/05 19:45:15.621, 3, 66.01 W, 0 %, 1097 MiB
2026/08/05 19:45:15.621, 4, 66.68 W, 0 %, 1097 MiB
2026/08/05 19:45:15.621, 5, 67.56 W, 0 %, 1097 MiB
2026/08/05 19:45:15.621, 6, 67.35 W, 0 %, 1097 MiB
2026/08/05 19:45:15.621, 7, 68.76 W, 0 %, 1097 MiB
2026/08/05 19:45:15.822, 0, 66.61 W, 0 %, 1385 MiB
2026/08/05 19:45:15.823, 1, 65.99 W, 0 %, 1385 MiB
2026/08/05 19:45:15.823, 2, 66.34 W, 1 %, 1385 MiB
2026/08/05 19:45:15.823, 3, 66.01 W, 1 %, 1385 MiB
2026/08/05 19:45:15.823, 4, 67.29 W, 0 %, 1385 MiB
2026/08/05 19:45:15.823, 5, 68.16 W, 1 %, 1385 MiB
2026/08/05 19:45:15.823, 6, 67.68 W, 1 %, 1385 MiB
2026/08/05 19:45:15.823, 7, 69.64 W, 0 %, 1385 MiB
2026/08/05 19:45:16.023, 0, 66.94 W, 0 %, 1553 MiB
2026/08/05 19:45:16.025, 1, 66.88 W, 0 %, 1553 MiB
2026/08/05 19:45:16.027, 2, 67.01 W, 0 %, 1553 MiB
2026/08/05 19:45:16.028, 3, 66.34 W, 0 %, 1553 MiB
2026/08/05 19:45:16.029, 4, 67.01 W, 0 %, 1553 MiB
2026/08/05 19:45:16.031, 5, 67.56 W, 0 %, 1553 MiB
2026/08/05 19:45:16.031, 6, 67.68 W, 0 %, 1553 MiB
2026/08/05 19:45:16.036, 7, 68.96 W, 1 %, 1553 MiB
2026/08/05 19:45:16.236, 0, 66.94 W, 1 %, 1553 MiB
2026/08/05 19:45:16.237, 1, 66.28 W, 0 %, 1553 MiB
2026/08/05 19:45:16.238, 2, 66.94 W, 0 %, 1553 MiB
2026/08/05 19:45:16.239, 3, 66.34 W, 0 %, 1593 MiB
2026/08/05 19:45:16.240, 4, 67.29 W, 1 %, 1553 MiB
2026/08/05 19:45:16.243, 5, 67.89 W, 0 %, 1593 MiB
2026/08/05 19:45:16.244, 6, 67.68 W, 0 %, 1553 MiB
2026/08/05 19:45:16.244, 7, 68.76 W, 0 %, 1553 MiB
2026/08/05 19:45:16.446, 0, 66.94 W, 0 %, 1593 MiB
2026/08/05 19:45:16.448, 1, 66.61 W, 0 %, 1583 MiB
2026/08/05 19:45:16.448, 2, 66.94 W, 0 %, 1593 MiB
2026/08/05 19:45:16.448, 3, 66.01 W, 0 %, 1593 MiB
2026/08/05 19:45:16.451, 4, 67.01 W, 0 %, 1593 MiB
2026/08/05 19:45:16.453, 5, 67.89 W, 0 %, 1593 MiB
2026/08/05 19:45:16.455, 6, 67.35 W, 0 %, 1593 MiB
2026/08/05 19:45:16.457, 7, 69.36 W, 0 %, 1583 MiB
2026/08/05 19:45:16.658, 0, 66.94 W, 0 %, 1593 MiB
2026/08/05 19:45:16.659, 1, 66.28 W, 0 %, 1593 MiB
2026/08/05 19:45:16.660, 2, 66.61 W, 0 %, 1593 MiB
2026/08/05 19:45:16.660, 3, 66.34 W, 0 %, 1593 MiB
2026/08/05 19:45:16.664, 4, 67.01 W, 0 %, 1593 MiB
2026/08/05 19:45:16.664, 5, 67.56 W, 0 %, 1593 MiB
2026/08/05 19:45:16.665, 6, 67.35 W, 0 %, 1593 MiB
2026/08/05 19:45:16.665, 7, 69.03 W, 0 %, 1593 MiB
2026/08/05 19:45:16.865, 0, 66.88 W, 0 %, 1689 MiB
2026/08/05 19:45:16.865, 1, 66.88 W, 0 %, 1709 MiB
2026/08/05 19:45:16.866, 2, 66.61 W, 0 %, 1689 MiB
2026/08/05 19:45:16.866, 3, 66.34 W, 0 %, 1689 MiB
2026/08/05 19:45:16.866, 4, 70.40 W, 0 %, 1689 MiB
2026/08/05 19:45:16.866, 5, 67.89 W, 0 %, 1689 MiB
2026/08/05 19:45:16.866, 6, 67.96 W, 0 %, 1689 MiB
2026/08/05 19:45:16.866, 7, 69.03 W, 0 %, 1689 MiB
2026/08/05 19:45:17.067, 0, 70.59 W, 7 %, 1783 MiB
2026/08/05 19:45:17.067, 1, 66.28 W, 7 %, 1759 MiB
2026/08/05 19:45:17.067, 2, 67.89 W, 8 %, 1759 MiB
2026/08/05 19:45:17.067, 3, 75.60 W, 8 %, 1759 MiB
2026/08/05 19:45:17.067, 4, 66.68 W, 0 %, 1759 MiB
2026/08/05 19:45:17.067, 5, 67.89 W, 13 %, 1759 MiB
2026/08/05 19:45:17.067, 6, 67.68 W, 12 %, 1759 MiB
2026/08/05 19:45:17.067, 7, 69.03 W, 7 %, 1759 MiB
2026/08/05 19:45:17.267, 0, 66.61 W, 13 %, 1783 MiB
2026/08/05 19:45:17.268, 1, 66.28 W, 5 %, 1759 MiB
2026/08/05 19:45:17.269, 2, 66.34 W, 4 %, 1759 MiB
2026/08/05 19:45:17.269, 3, 65.72 W, 4 %, 1759 MiB
2026/08/05 19:45:17.269, 4, 66.68 W, 5 %, 1759 MiB
2026/08/05 19:45:17.269, 5, 67.23 W, 0 %, 1759 MiB
2026/08/05 19:45:17.269, 6, 67.35 W, 0 %, 1759 MiB
2026/08/05 19:45:17.271, 7, 68.76 W, 5 %, 1759 MiB
2026/08/05 19:45:17.471, 0, 66.61 W, 0 %, 1783 MiB
2026/08/05 19:45:17.471, 1, 66.28 W, 0 %, 1759 MiB
2026/08/05 19:45:17.471, 2, 66.34 W, 0 %, 1759 MiB
2026/08/05 19:45:17.471, 3, 65.72 W, 0 %, 1759 MiB
2026/08/05 19:45:17.471, 4, 66.68 W, 0 %, 1759 MiB
2026/08/05 19:45:17.471, 5, 67.23 W, 0 %, 1759 MiB
2026/08/05 19:45:17.471, 6, 67.35 W, 0 %, 1759 MiB
2026/08/05 19:45:17.471, 7, 68.76 W, 0 %, 1759 MiB
2026/08/05 19:45:17.671, 0, 66.61 W, 0 %, 1783 MiB
2026/08/05 19:45:17.671, 1, 66.28 W, 0 %, 1759 MiB
2026/08/05 19:45:17.672, 2, 66.34 W, 0 %, 1759 MiB
2026/08/05 19:45:17.672, 3, 65.72 W, 0 %, 1759 MiB
2026/08/05 19:45:17.672, 4, 66.68 W, 0 %, 1759 MiB
2026/08/05 19:45:17.672, 5, 67.56 W, 0 %, 1759 MiB
2026/08/05 19:45:17.672, 6, 67.35 W, 0 %, 1759 MiB
2026/08/05 19:45:17.672, 7, 68.36 W, 0 %, 1759 MiB
2026/08/05 19:45:17.872, 0, 66.61 W, 0 %, 1783 MiB
2026/08/05 19:45:17.873, 1, 66.28 W, 0 %, 1759 MiB
2026/08/05 19:45:17.873, 2, 66.34 W, 0 %, 1759 MiB
2026/08/05 19:45:17.873, 3, 65.72 W, 0 %, 1759 MiB
2026/08/05 19:45:17.873, 4, 66.68 W, 0 %, 1759 MiB
2026/08/05 19:45:17.873, 5, 67.56 W, 0 %, 1759 MiB
2026/08/05 19:45:17.874, 6, 67.35 W, 0 %, 1759 MiB
2026/08/05 19:45:17.874, 7, 68.36 W, 0 %, 1771 MiB
2026/08/05 19:45:18.074, 0, 66.54 W, 0 %, 1783 MiB
2026/08/05 19:45:18.074, 1, 66.28 W, 0 %, 1759 MiB
2026/08/05 19:45:18.074, 2, 66.40 W, 0 %, 1771 MiB
2026/08/05 19:45:18.074, 3, 66.01 W, 0 %, 1759 MiB
2026/08/05 19:45:18.074, 4, 66.68 W, 0 %, 1771 MiB
2026/08/05 19:45:18.074, 5, 67.23 W, 0 %, 1783 MiB
2026/08/05 19:45:18.074, 6, 67.35 W, 0 %, 1783 MiB
2026/08/05 19:45:18.074, 7, 68.43 W, 0 %, 1771 MiB
2026/08/05 19:45:18.274, 0, 66.54 W, 0 %, 1783 MiB
2026/08/05 19:45:18.275, 1, 66.28 W, 0 %, 1759 MiB
2026/08/05 19:45:18.275, 2, 66.34 W, 0 %, 1771 MiB
2026/08/05 19:45:18.275, 3, 65.72 W, 0 %, 1783 MiB
2026/08/05 19:45:18.275, 4, 67.01 W, 0 %, 1783 MiB
2026/08/05 19:45:18.275, 5, 67.56 W, 0 %, 1783 MiB
2026/08/05 19:45:18.275, 6, 67.35 W, 0 %, 1783 MiB
2026/08/05 19:45:18.275, 7, 68.43 W, 0 %, 1771 MiB
2026/08/05 19:45:18.475, 0, 66.54 W, 0 %, 1783 MiB
2026/08/05 19:45:18.475, 1, 66.28 W, 0 %, 1759 MiB
2026/08/05 19:45:18.475, 2, 66.34 W, 0 %, 1771 MiB
2026/08/05 19:45:18.476, 3, 65.72 W, 0 %, 1783 MiB
2026/08/05 19:45:18.476, 4, 66.68 W, 0 %, 1783 MiB
2026/08/05 19:45:18.476, 5, 67.56 W, 0 %, 1783 MiB
2026/08/05 19:45:18.476, 6, 67.35 W, 0 %, 1783 MiB
2026/08/05 19:45:18.476, 7, 68.43 W, 0 %, 1771 MiB
2026/08/05 19:45:18.676, 0, 66.61 W, 0 %, 1807 MiB
2026/08/05 19:45:18.677, 1, 66.28 W, 0 %, 1803 MiB
2026/08/05 19:45:18.677, 2, 66.34 W, 0 %, 1793 MiB
2026/08/05 19:45:18.677, 3, 65.72 W, 0 %, 1783 MiB
2026/08/05 19:45:18.678, 4, 66.68 W, 0 %, 1783 MiB
2026/08/05 19:45:18.678, 5, 67.23 W, 0 %, 1793 MiB
2026/08/05 19:45:18.678, 6, 67.35 W, 0 %, 1793 MiB
2026/08/05 19:45:18.679, 7, 68.76 W, 0 %, 1783 MiB
2026/08/05 19:45:18.879, 0, 66.88 W, 0 %, 1847 MiB
2026/08/05 19:45:18.888, 1, 66.28 W, 0 %, 1825 MiB
2026/08/05 19:45:18.888, 2, 66.94 W, 0 %, 1825 MiB
2026/08/05 19:45:18.888, 3, 66.01 W, 0 %, 1825 MiB
2026/08/05 19:45:18.888, 4, 66.68 W, 0 %, 1825 MiB
2026/08/05 19:45:18.888, 5, 67.56 W, 0 %, 1825 MiB
2026/08/05 19:45:18.888, 6, 67.35 W, 0 %, 1825 MiB
2026/08/05 19:45:18.888, 7, 69.36 W, 0 %, 1825 MiB
2026/08/05 19:45:19.088, 0, 66.61 W, 9 %, 1903 MiB
2026/08/05 19:45:19.093, 1, 66.28 W, 9 %, 1873 MiB
2026/08/05 19:45:19.094, 2, 66.34 W, 8 %, 1873 MiB
2026/08/05 19:45:19.094, 3, 65.72 W, 8 %, 1873 MiB
2026/08/05 19:45:19.094, 4, 67.01 W, 9 %, 1873 MiB
2026/08/05 19:45:19.096, 5, 67.56 W, 9 %, 1873 MiB
2026/08/05 19:45:19.096, 6, 67.35 W, 9 %, 1873 MiB
2026/08/05 19:45:19.096, 7, 68.76 W, 9 %, 1881 MiB
2026/08/05 19:45:19.297, 0, 67.23 W, 0 %, 3311 MiB
2026/08/05 19:45:19.298, 1, 68.77 W, 0 %, 3481 MiB
2026/08/05 19:45:19.299, 2, 69.38 W, 0 %, 3681 MiB
2026/08/05 19:45:19.301, 3, 66.34 W, 0 %, 3401 MiB
2026/08/05 19:45:19.301, 4, 69.45 W, 0 %, 3481 MiB
2026/08/05 19:45:19.302, 5, 70.00 W, 0 %, 3541 MiB
2026/08/05 19:45:19.303, 6, 69.50 W, 0 %, 3581 MiB
2026/08/05 19:45:19.304, 7, 71.51 W, 0 %, 3569 MiB
2026/08/05 19:45:19.505, 0, 67.89 W, 9 %, 5771 MiB
2026/08/05 19:45:19.508, 1, 67.50 W, 10 %, 5761 MiB
2026/08/05 19:45:19.508, 2, 67.63 W, 10 %, 5981 MiB
2026/08/05 19:45:19.509, 3, 67.23 W, 0 %, 5681 MiB
2026/08/05 19:45:19.512, 4, 68.23 W, 9 %, 5641 MiB
2026/08/05 19:45:19.513, 5, 68.49 W, 10 %, 5741 MiB
2026/08/05 19:45:19.513, 6, 68.90 W, 10 %, 5681 MiB
2026/08/05 19:45:19.532, 7, 70.30 W, 29 %, 5869 MiB
2026/08/05 19:45:19.733, 0, 69.31 W, 1 %, 9771 MiB
2026/08/05 19:45:19.735, 1, 69.06 W, 2 %, 9701 MiB
2026/08/05 19:45:19.735, 2, 69.38 W, 1 %, 10041 MiB
2026/08/05 19:45:19.736, 3, 68.78 W, 1 %, 9781 MiB
2026/08/05 19:45:19.737, 4, 69.79 W, 1 %, 9641 MiB
2026/08/05 19:45:19.739, 5, 70.66 W, 1 %, 10001 MiB
2026/08/05 19:45:19.740, 6, 69.78 W, 1 %, 9761 MiB
2026/08/05 19:45:19.741, 7, 71.51 W, 1 %, 9989 MiB
2026/08/05 19:45:19.944, 0, 69.38 W, 2 %, 12851 MiB
2026/08/05 19:45:19.945, 1, 68.77 W, 2 %, 12801 MiB
2026/08/05 19:45:19.946, 2, 69.18 W, 3 %, 13081 MiB
2026/08/05 19:45:19.946, 3, 68.49 W, 3 %, 12861 MiB
2026/08/05 19:45:19.947, 4, 69.18 W, 2 %, 12661 MiB
2026/08/05 19:45:19.948, 5, 70.33 W, 3 %, 13081 MiB
2026/08/05 19:45:19.949, 6, 70.11 W, 3 %, 12781 MiB
2026/08/05 19:45:19.950, 7, 71.51 W, 2 %, 13169 MiB
2026/08/05 19:45:20.151, 0, 67.89 W, 1 %, 14611 MiB
2026/08/05 19:45:20.151, 1, 68.16 W, 1 %, 14601 MiB
2026/08/05 19:45:20.152, 2, 67.89 W, 2 %, 14761 MiB
2026/08/05 19:45:20.153, 3, 67.23 W, 2 %, 14541 MiB
2026/08/05 19:45:20.154, 4, 67.96 W, 2 %, 14541 MiB
2026/08/05 19:45:20.154, 5, 68.49 W, 2 %, 14701 MiB
2026/08/05 19:45:20.155, 6, 68.57 W, 2 %, 14661 MiB
2026/08/05 19:45:20.156, 7, 70.30 W, 2 %, 14929 MiB
2026/08/05 19:45:20.357, 0, 69.04 W, 1 %, 17131 MiB
2026/08/05 19:45:20.357, 1, 68.77 W, 1 %, 17201 MiB
2026/08/05 19:45:20.357, 2, 68.78 W, 3 %, 17201 MiB
2026/08/05 19:45:20.357, 3, 67.89 W, 1 %, 17201 MiB
2026/08/05 19:45:20.357, 4, 67.96 W, 1 %, 17201 MiB
2026/08/05 19:45:20.357, 5, 68.49 W, 1 %, 17201 MiB
2026/08/05 19:45:20.357, 6, 69.50 W, 2 %, 17201 MiB
2026/08/05 19:45:20.358, 7, 69.97 W, 1 %, 17209 MiB
2026/08/05 19:45:20.558, 0, 78.89 W, 12 %, 17131 MiB
2026/08/05 19:45:20.559, 1, 69.06 W, 12 %, 17201 MiB
2026/08/05 19:45:20.559, 2, 68.49 W, 3 %, 17201 MiB
2026/08/05 19:45:20.559, 3, 67.56 W, 1 %, 17201 MiB
2026/08/05 19:45:20.559, 4, 68.56 W, 1 %, 17201 MiB
2026/08/05 19:45:20.559, 5, 69.11 W, 18 %, 17201 MiB
2026/08/05 19:45:20.560, 6, 68.90 W, 3 %, 17201 MiB
2026/08/05 19:45:20.560, 7, 78.16 W, 1 %, 17209 MiB
2026/08/05 19:45:20.764, 0, 68.16 W, 11 %, 17131 MiB
2026/08/05 19:45:20.764, 1, 67.83 W, 12 %, 17201 MiB
2026/08/05 19:45:20.764, 2, 67.89 W, 11 %, 17201 MiB
2026/08/05 19:45:20.764, 3, 67.23 W, 15 %, 17201 MiB
2026/08/05 19:45:20.764, 4, 68.56 W, 14 %, 17201 MiB
2026/08/05 19:45:20.764, 5, 69.11 W, 12 %, 17201 MiB
2026/08/05 19:45:20.764, 6, 68.57 W, 17 %, 17201 MiB
2026/08/05 19:45:20.764, 7, 70.23 W, 16 %, 17209 MiB
2026/08/05 19:45:20.964, 0, 68.43 W, 11 %, 17179 MiB
2026/08/05 19:45:20.965, 1, 67.83 W, 15 %, 17249 MiB
2026/08/05 19:45:20.965, 2, 67.89 W, 11 %, 17249 MiB
2026/08/05 19:45:20.965, 3, 67.23 W, 11 %, 17249 MiB
2026/08/05 19:45:20.965, 4, 68.56 W, 12 %, 17249 MiB
2026/08/05 19:45:20.965, 5, 69.11 W, 22 %, 17249 MiB
2026/08/05 19:45:20.965, 6, 69.50 W, 12 %, 17249 MiB
2026/08/05 19:45:20.965, 7, 70.30 W, 12 %, 17257 MiB
2026/08/05 19:45:21.166, 0, 69.64 W, 7 %, 17527 MiB
2026/08/05 19:45:21.166, 1, 69.06 W, 3 %, 17597 MiB
2026/08/05 19:45:21.166, 2, 66.68 W, 9 %, 17597 MiB
2026/08/05 19:45:21.166, 3, 66.01 W, 11 %, 17597 MiB
2026/08/05 19:45:21.166, 4, 67.01 W, 16 %, 17597 MiB
2026/08/05 19:45:21.166, 5, 74.90 W, 9 %, 17597 MiB
2026/08/05 19:45:21.166, 6, 72.60 W, 19 %, 17597 MiB
2026/08/05 19:45:21.166, 7, 71.71 W, 12 %, 17605 MiB
2026/08/05 19:45:21.366, 0, 101.93 W, 27 %, 17529 MiB
2026/08/05 19:45:21.369, 1, 72.45 W, 3 %, 17599 MiB
2026/08/05 19:45:21.373, 2, 119.25 W, 4 %, 17599 MiB
2026/08/05 19:45:21.373, 3, 82.69 W, 3 %, 17599 MiB
2026/08/05 19:45:21.373, 4, 70.66 W, 15 %, 17599 MiB
2026/08/05 19:45:21.373, 5, 72.75 W, 56 %, 17599 MiB
2026/08/05 19:45:21.373, 6, 72.88 W, 7 %, 17599 MiB
2026/08/05 19:45:21.373, 7, 81.57 W, 15 %, 17607 MiB
2026/08/05 19:45:21.577, 0, 212.76 W, 79 %, 17529 MiB
2026/08/05 19:45:21.577, 1, 75.49 W, 44 %, 17599 MiB
2026/08/05 19:45:21.577, 2, 89.36 W, 62 %, 17599 MiB
2026/08/05 19:45:21.577, 3, 89.17 W, 52 %, 17599 MiB
2026/08/05 19:45:21.577, 4, 89.17 W, 36 %, 17599 MiB
2026/08/05 19:45:21.577, 5, 90.63 W, 100 %, 17599 MiB
2026/08/05 19:45:21.577, 6, 89.42 W, 70 %, 17599 MiB
2026/08/05 19:45:21.577, 7, 75.74 W, 40 %, 17607 MiB
2026/08/05 19:45:21.777, 0, 219.84 W, 77 %, 17529 MiB
2026/08/05 19:45:21.780, 1, 87.55 W, 100 %, 17599 MiB
2026/08/05 19:45:21.782, 2, 88.75 W, 100 %, 17599 MiB
2026/08/05 19:45:21.782, 3, 89.08 W, 100 %, 17599 MiB
2026/08/05 19:45:21.783, 4, 89.17 W, 99 %, 17599 MiB
2026/08/05 19:45:21.783, 5, 90.91 W, 100 %, 17599 MiB
2026/08/05 19:45:21.783, 6, 89.42 W, 100 %, 17599 MiB
2026/08/05 19:45:21.783, 7, 92.83 W, 100 %, 17607 MiB
2026/08/05 19:45:21.985, 0, 226.65 W, 75 %, 17529 MiB
2026/08/05 19:45:21.986, 1, 87.55 W, 100 %, 17599 MiB
2026/08/05 19:45:21.986, 2, 88.75 W, 100 %, 17599 MiB
2026/08/05 19:45:21.986, 3, 89.36 W, 100 %, 17599 MiB
2026/08/05 19:45:21.986, 4, 89.17 W, 100 %, 17599 MiB
2026/08/05 19:45:21.986, 5, 90.91 W, 100 %, 17599 MiB
2026/08/05 19:45:21.986, 6, 89.42 W, 100 %, 17599 MiB
2026/08/05 19:45:21.986, 7, 92.83 W, 100 %, 17607 MiB
2026/08/05 19:45:22.186, 0, 220.46 W, 76 %, 17529 MiB
2026/08/05 19:45:22.188, 1, 87.55 W, 100 %, 17599 MiB
2026/08/05 19:45:22.188, 2, 89.08 W, 100 %, 17599 MiB
2026/08/05 19:45:22.188, 3, 89.36 W, 100 %, 17599 MiB
2026/08/05 19:45:22.188, 4, 89.45 W, 100 %, 17599 MiB
2026/08/05 19:45:22.189, 5, 90.91 W, 100 %, 17599 MiB
2026/08/05 19:45:22.191, 6, 89.42 W, 100 %, 17599 MiB
2026/08/05 19:45:22.191, 7, 92.93 W, 100 %, 17607 MiB
2026/08/05 19:45:22.391, 0, 227.86 W, 76 %, 17529 MiB
2026/08/05 19:45:22.392, 1, 87.55 W, 100 %, 17599 MiB
2026/08/05 19:45:22.392, 2, 89.08 W, 100 %, 17599 MiB
2026/08/05 19:45:22.392, 3, 89.08 W, 100 %, 17599 MiB
2026/08/05 19:45:22.392, 4, 89.45 W, 100 %, 17599 MiB
2026/08/05 19:45:22.392, 5, 90.91 W, 100 %, 17599 MiB
2026/08/05 19:45:22.392, 6, 89.42 W, 100 %, 17599 MiB
2026/08/05 19:45:22.392, 7, 92.83 W, 100 %, 17607 MiB
2026/08/05 19:45:22.592, 0, 228.57 W, 76 %, 17529 MiB
2026/08/05 19:45:22.595, 1, 87.55 W, 100 %, 17599 MiB
2026/08/05 19:45:22.595, 2, 89.08 W, 100 %, 17599 MiB
2026/08/05 19:45:22.595, 3, 89.36 W, 100 %, 17599 MiB
2026/08/05 19:45:22.599, 4, 89.45 W, 100 %, 17599 MiB
2026/08/05 19:45:22.604, 5, 90.91 W, 100 %, 17599 MiB
2026/08/05 19:45:22.604, 6, 89.42 W, 100 %, 17599 MiB
2026/08/05 19:45:22.604, 7, 92.93 W, 100 %, 17607 MiB
2026/08/05 19:45:22.804, 0, 229.45 W, 76 %, 17529 MiB
2026/08/05 19:45:22.804, 1, 87.55 W, 100 %, 17599 MiB
2026/08/05 19:45:22.805, 2, 89.08 W, 100 %, 17599 MiB
2026/08/05 19:45:22.805, 3, 89.36 W, 100 %, 17599 MiB
2026/08/05 19:45:22.805, 4, 89.45 W, 100 %, 17599 MiB
2026/08/05 19:45:22.805, 5, 90.91 W, 100 %, 17599 MiB
2026/08/05 19:45:22.805, 6, 89.42 W, 100 %, 17599 MiB
2026/08/05 19:45:22.805, 7, 92.83 W, 100 %, 17607 MiB
2026/08/05 19:45:23.005, 0, 228.47 W, 76 %, 17529 MiB
2026/08/05 19:45:23.006, 1, 87.55 W, 100 %, 17599 MiB
2026/08/05 19:45:23.006, 2, 89.08 W, 100 %, 17599 MiB
2026/08/05 19:45:23.006, 3, 89.36 W, 100 %, 17599 MiB
2026/08/05 19:45:23.006, 4, 89.45 W, 100 %, 17599 MiB
2026/08/05 19:45:23.009, 5, 90.91 W, 100 %, 17599 MiB
2026/08/05 19:45:23.009, 6, 89.42 W, 100 %, 17599 MiB
2026/08/05 19:45:23.009, 7, 92.93 W, 100 %, 17607 MiB
2026/08/05 19:45:23.209, 0, 228.81 W, 76 %, 17529 MiB
2026/08/05 19:45:23.209, 1, 87.55 W, 100 %, 17599 MiB
2026/08/05 19:45:23.209, 2, 89.08 W, 100 %, 17599 MiB
2026/08/05 19:45:23.209, 3, 89.36 W, 100 %, 17599 MiB
2026/08/05 19:45:23.209, 4, 89.45 W, 100 %, 17599 MiB
2026/08/05 19:45:23.209, 5, 90.91 W, 100 %, 17599 MiB
2026/08/05 19:45:23.210, 6, 89.42 W, 100 %, 17599 MiB
2026/08/05 19:45:23.210, 7, 92.83 W, 100 %, 17607 MiB
2026/08/05 19:45:23.410, 0, 226.65 W, 76 %, 17529 MiB
2026/08/05 19:45:23.410, 1, 87.55 W, 100 %, 17599 MiB
2026/08/05 19:45:23.413, 2, 89.08 W, 100 %, 17599 MiB
2026/08/05 19:45:23.413, 3, 89.36 W, 100 %, 17599 MiB
2026/08/05 19:45:23.413, 4, 89.45 W, 100 %, 17599 MiB
2026/08/05 19:45:23.413, 5, 90.91 W, 100 %, 17599 MiB
2026/08/05 19:45:23.416, 6, 89.42 W, 100 %, 17599 MiB
2026/08/05 19:45:23.416, 7, 92.93 W, 100 %, 17607 MiB
2026/08/05 19:45:23.616, 0, 92.36 W, 78 %, 17529 MiB
2026/08/05 19:45:23.616, 1, 87.55 W, 100 %, 17599 MiB
2026/08/05 19:45:23.616, 2, 89.08 W, 100 %, 17599 MiB
2026/08/05 19:45:23.616, 3, 89.36 W, 100 %, 17599 MiB
2026/08/05 19:45:23.617, 4, 89.45 W, 100 %, 17599 MiB
2026/08/05 19:45:23.617, 5, 90.91 W, 100 %, 17599 MiB
2026/08/05 19:45:23.617, 6, 89.42 W, 100 %, 17599 MiB
2026/08/05 19:45:23.617, 7, 92.83 W, 100 %, 17607 MiB
2026/08/05 19:45:23.817, 0, 90.82 W, 100 %, 17529 MiB
2026/08/05 19:45:23.817, 1, 215.80 W, 88 %, 17599 MiB
2026/08/05 19:45:23.817, 2, 89.08 W, 100 %, 17599 MiB
2026/08/05 19:45:23.817, 3, 89.36 W, 100 %, 17599 MiB
2026/08/05 19:45:23.817, 4, 89.45 W, 100 %, 17599 MiB
2026/08/05 19:45:23.817, 5, 90.91 W, 100 %, 17599 MiB
2026/08/05 19:45:23.817, 6, 89.42 W, 100 %, 17599 MiB
2026/08/05 19:45:23.817, 7, 92.83 W, 100 %, 17607 MiB
2026/08/05 19:45:24.018, 0, 90.20 W, 100 %, 17529 MiB
2026/08/05 19:45:24.018, 1, 220.74 W, 75 %, 17599 MiB
2026/08/05 19:45:24.018, 2, 89.08 W, 100 %, 17599 MiB
2026/08/05 19:45:24.018, 3, 89.36 W, 100 %, 17599 MiB
2026/08/05 19:45:24.018, 4, 89.45 W, 100 %, 17599 MiB
2026/08/05 19:45:24.018, 5, 90.91 W, 100 %, 17599 MiB
2026/08/05 19:45:24.018, 6, 89.42 W, 100 %, 17599 MiB
2026/08/05 19:45:24.018, 7, 93.10 W, 100 %, 17607 MiB
2026/08/05 19:45:24.218, 0, 89.87 W, 100 %, 17529 MiB
2026/08/05 19:45:24.218, 1, 220.74 W, 75 %, 17599 MiB
2026/08/05 19:45:24.218, 2, 89.08 W, 100 %, 17599 MiB
2026/08/05 19:45:24.219, 3, 89.36 W, 100 %, 17599 MiB
2026/08/05 19:45:24.219, 4, 89.45 W, 100 %, 17599 MiB
2026/08/05 19:45:24.219, 5, 90.91 W, 100 %, 17599 MiB
2026/08/05 19:45:24.219, 6, 89.42 W, 100 %, 17599 MiB
2026/08/05 19:45:24.219, 7, 92.83 W, 100 %, 17607 MiB
2026/08/05 19:45:24.419, 0, 89.87 W, 100 %, 17529 MiB
2026/08/05 19:45:24.419, 1, 223.51 W, 75 %, 17599 MiB
2026/08/05 19:45:24.419, 2, 89.08 W, 100 %, 17599 MiB
2026/08/05 19:45:24.419, 3, 89.36 W, 100 %, 17599 MiB
2026/08/05 19:45:24.419, 4, 89.45 W, 100 %, 17599 MiB
2026/08/05 19:45:24.419, 5, 90.91 W, 100 %, 17599 MiB
2026/08/05 19:45:24.420, 6, 89.42 W, 100 %, 17599 MiB
2026/08/05 19:45:24.420, 7, 92.83 W, 100 %, 17607 MiB
2026/08/05 19:45:24.620, 0, 89.87 W, 100 %, 17529 MiB
2026/08/05 19:45:24.621, 1, 220.13 W, 74 %, 17599 MiB
2026/08/05 19:45:24.621, 2, 89.08 W, 100 %, 17599 MiB
2026/08/05 19:45:24.621, 3, 89.36 W, 100 %, 17599 MiB
2026/08/05 19:45:24.621, 4, 89.45 W, 100 %, 17599 MiB
2026/08/05 19:45:24.621, 5, 90.91 W, 100 %, 17599 MiB
2026/08/05 19:45:24.621, 6, 89.42 W, 100 %, 17599 MiB
2026/08/05 19:45:24.622, 7, 93.10 W, 100 %, 17607 MiB
2026/08/05 19:45:24.822, 0, 88.99 W, 100 %, 17529 MiB
2026/08/05 19:45:24.822, 1, 221.96 W, 75 %, 17599 MiB
2026/08/05 19:45:24.822, 2, 89.08 W, 100 %, 17599 MiB
2026/08/05 19:45:24.822, 3, 89.36 W, 100 %, 17599 MiB
2026/08/05 19:45:24.823, 4, 89.45 W, 100 %, 17599 MiB
2026/08/05 19:45:24.823, 5, 90.91 W, 100 %, 17599 MiB
2026/08/05 19:45:24.823, 6, 89.42 W, 100 %, 17599 MiB
2026/08/05 19:45:24.823, 7, 92.83 W, 100 %, 17607 MiB
2026/08/05 19:45:25.023, 0, 89.60 W, 100 %, 17529 MiB
2026/08/05 19:45:25.023, 1, 224.13 W, 75 %, 17599 MiB
2026/08/05 19:45:25.023, 2, 89.08 W, 100 %, 17599 MiB
2026/08/05 19:45:25.023, 3, 89.36 W, 100 %, 17599 MiB
2026/08/05 19:45:25.023, 4, 89.45 W, 100 %, 17599 MiB
2026/08/05 19:45:25.023, 5, 90.91 W, 100 %, 17599 MiB
2026/08/05 19:45:25.023, 6, 89.42 W, 100 %, 17599 MiB
2026/08/05 19:45:25.023, 7, 92.83 W, 100 %, 17607 MiB
2026/08/05 19:45:25.224, 0, 89.60 W, 100 %, 17529 MiB
2026/08/05 19:45:25.226, 1, 223.85 W, 75 %, 17599 MiB
2026/08/05 19:45:25.226, 2, 89.08 W, 100 %, 17599 MiB
2026/08/05 19:45:25.226, 3, 89.36 W, 100 %, 17599 MiB
2026/08/05 19:45:25.226, 4, 89.45 W, 100 %, 17599 MiB
2026/08/05 19:45:25.226, 5, 90.82 W, 100 %, 17599 MiB
2026/08/05 19:45:25.232, 6, 89.42 W, 100 %, 17599 MiB
2026/08/05 19:45:25.236, 7, 93.10 W, 100 %, 17607 MiB
2026/08/05 19:45:25.437, 0, 88.99 W, 100 %, 17529 MiB
2026/08/05 19:45:25.437, 1, 224.13 W, 75 %, 17599 MiB
2026/08/05 19:45:25.437, 2, 89.08 W, 100 %, 17599 MiB
2026/08/05 19:45:25.437, 3, 89.36 W, 100 %, 17599 MiB
2026/08/05 19:45:25.437, 4, 89.45 W, 100 %, 17599 MiB
2026/08/05 19:45:25.437, 5, 90.82 W, 100 %, 17599 MiB
2026/08/05 19:45:25.437, 6, 89.42 W, 100 %, 17599 MiB
2026/08/05 19:45:25.437, 7, 93.10 W, 100 %, 17607 MiB
2026/08/05 19:45:25.637, 0, 89.60 W, 100 %, 17529 MiB
2026/08/05 19:45:25.637, 1, 225.41 W, 73 %, 17599 MiB
2026/08/05 19:45:25.637, 2, 89.08 W, 100 %, 17599 MiB
2026/08/05 19:45:25.637, 3, 89.36 W, 100 %, 17599 MiB
2026/08/05 19:45:25.637, 4, 89.45 W, 100 %, 17599 MiB
2026/08/05 19:45:25.638, 5, 90.82 W, 100 %, 17599 MiB
2026/08/05 19:45:25.638, 6, 89.42 W, 100 %, 17599 MiB
2026/08/05 19:45:25.638, 7, 93.10 W, 100 %, 17607 MiB
2026/08/05 19:45:25.838, 0, 89.60 W, 100 %, 17529 MiB
2026/08/05 19:45:25.848, 1, 89.63 W, 91 %, 17599 MiB
2026/08/05 19:45:25.849, 2, 89.08 W, 100 %, 17599 MiB
2026/08/05 19:45:25.849, 3, 89.36 W, 100 %, 17599 MiB
2026/08/05 19:45:25.849, 4, 89.45 W, 100 %, 17599 MiB
2026/08/05 19:45:25.849, 5, 90.82 W, 100 %, 17599 MiB
2026/08/05 19:45:25.849, 6, 89.42 W, 100 %, 17599 MiB
2026/08/05 19:45:25.849, 7, 93.10 W, 100 %, 17607 MiB
2026/08/05 19:45:26.049, 0, 89.87 W, 100 %, 17529 MiB
2026/08/05 19:45:26.049, 1, 89.35 W, 100 %, 17599 MiB
2026/08/05 19:45:26.049, 2, 228.47 W, 78 %, 17599 MiB
2026/08/05 19:45:26.049, 3, 89.36 W, 100 %, 17599 MiB
2026/08/05 19:45:26.049, 4, 89.45 W, 100 %, 17599 MiB
2026/08/05 19:45:26.049, 5, 91.24 W, 100 %, 17599 MiB
2026/08/05 19:45:26.049, 6, 89.42 W, 100 %, 17599 MiB
2026/08/05 19:45:26.049, 7, 93.10 W, 100 %, 17607 MiB
2026/08/05 19:45:26.249, 0, 89.60 W, 100 %, 17529 MiB
2026/08/05 19:45:26.249, 1, 89.02 W, 100 %, 17599 MiB
2026/08/05 19:45:26.250, 2, 229.41 W, 76 %, 17599 MiB
2026/08/05 19:45:26.250, 3, 89.36 W, 100 %, 17599 MiB
2026/08/05 19:45:26.250, 4, 89.45 W, 100 %, 17599 MiB
2026/08/05 19:45:26.250, 5, 90.91 W, 100 %, 17599 MiB
2026/08/05 19:45:26.250, 6, 89.42 W, 100 %, 17599 MiB
2026/08/05 19:45:26.250, 7, 93.10 W, 100 %, 17607 MiB
2026/08/05 19:45:26.450, 0, 89.60 W, 100 %, 17529 MiB
2026/08/05 19:45:26.450, 1, 89.02 W, 100 %, 17599 MiB
2026/08/05 19:45:26.450, 2, 230.96 W, 76 %, 17599 MiB
2026/08/05 19:45:26.450, 3, 89.36 W, 100 %, 17599 MiB
2026/08/05 19:45:26.452, 4, 89.45 W, 100 %, 17599 MiB
2026/08/05 19:45:26.453, 5, 91.14 W, 100 %, 17599 MiB
2026/08/05 19:45:26.453, 6, 89.42 W, 100 %, 17599 MiB
2026/08/05 19:45:26.453, 7, 93.10 W, 100 %, 17607 MiB
2026/08/05 19:45:26.654, 0, 88.99 W, 100 %, 17529 MiB
2026/08/05 19:45:26.654, 1, 88.41 W, 100 %, 17599 MiB
2026/08/05 19:45:26.655, 2, 229.41 W, 76 %, 17599 MiB
2026/08/05 19:45:26.655, 3, 89.36 W, 100 %, 17599 MiB
2026/08/05 19:45:26.655, 4, 89.45 W, 100 %, 17599 MiB
2026/08/05 19:45:26.655, 5, 90.91 W, 100 %, 17599 MiB
2026/08/05 19:45:26.655, 6, 89.42 W, 100 %, 17599 MiB
2026/08/05 19:45:26.655, 7, 93.10 W, 100 %, 17607 MiB
2026/08/05 19:45:26.855, 0, 88.99 W, 100 %, 17529 MiB
2026/08/05 19:45:26.855, 1, 88.08 W, 100 %, 17599 MiB
2026/08/05 19:45:26.855, 2, 230.63 W, 75 %, 17599 MiB
2026/08/05 19:45:26.855, 3, 89.36 W, 100 %, 17599 MiB
2026/08/05 19:45:26.855, 4, 89.45 W, 100 %, 17599 MiB
2026/08/05 19:45:26.855, 5, 91.24 W, 100 %, 17599 MiB
2026/08/05 19:45:26.856, 6, 89.42 W, 100 %, 17599 MiB
2026/08/05 19:45:26.856, 7, 93.10 W, 100 %, 17607 MiB
2026/08/05 19:45:27.056, 0, 88.99 W, 100 %, 17529 MiB
2026/08/05 19:45:27.056, 1, 88.08 W, 100 %, 17599 MiB
2026/08/05 19:45:27.056, 2, 234.00 W, 76 %, 17599 MiB
2026/08/05 19:45:27.056, 3, 89.36 W, 100 %, 17599 MiB
2026/08/05 19:45:27.056, 4, 89.45 W, 100 %, 17599 MiB
2026/08/05 19:45:27.056, 5, 90.91 W, 100 %, 17599 MiB
2026/08/05 19:45:27.056, 6, 89.42 W, 100 %, 17599 MiB
2026/08/05 19:45:27.056, 7, 93.10 W, 100 %, 17607 MiB
2026/08/05 19:45:27.256, 0, 88.99 W, 100 %, 17529 MiB
2026/08/05 19:45:27.257, 1, 88.08 W, 100 %, 17599 MiB
2026/08/05 19:45:27.257, 2, 230.02 W, 76 %, 17599 MiB
2026/08/05 19:45:27.257, 3, 89.36 W, 100 %, 17599 MiB
2026/08/05 19:45:27.257, 4, 89.45 W, 100 %, 17599 MiB
2026/08/05 19:45:27.257, 5, 90.82 W, 100 %, 17599 MiB
2026/08/05 19:45:27.257, 6, 89.42 W, 100 %, 17599 MiB
2026/08/05 19:45:27.257, 7, 92.83 W, 100 %, 17607 MiB
2026/08/05 19:45:27.457, 0, 88.99 W, 100 %, 17529 MiB
2026/08/05 19:45:27.471, 1, 88.17 W, 100 %, 17599 MiB
2026/08/05 19:45:27.471, 2, 232.79 W, 76 %, 17599 MiB
2026/08/05 19:45:27.472, 3, 89.36 W, 100 %, 17599 MiB
2026/08/05 19:45:27.472, 4, 89.36 W, 100 %, 17599 MiB
2026/08/05 19:45:27.472, 5, 90.91 W, 100 %, 17599 MiB
2026/08/05 19:45:27.472, 6, 89.42 W, 100 %, 17599 MiB
2026/08/05 19:45:27.472, 7, 93.10 W, 100 %, 17607 MiB
2026/08/05 19:45:27.672, 0, 88.99 W, 100 %, 17529 MiB
2026/08/05 19:45:27.672, 1, 88.08 W, 100 %, 17599 MiB
2026/08/05 19:45:27.672, 2, 233.72 W, 76 %, 17599 MiB
2026/08/05 19:45:27.673, 3, 89.36 W, 100 %, 17599 MiB
2026/08/05 19:45:27.673, 4, 89.45 W, 100 %, 17599 MiB
2026/08/05 19:45:27.674, 5, 91.14 W, 100 %, 17599 MiB
2026/08/05 19:45:27.674, 6, 89.42 W, 100 %, 17599 MiB
2026/08/05 19:45:27.674, 7, 93.10 W, 100 %, 17607 MiB
2026/08/05 19:45:27.874, 0, 88.99 W, 100 %, 17529 MiB
2026/08/05 19:45:27.874, 1, 88.08 W, 100 %, 17599 MiB
2026/08/05 19:45:27.874, 2, 90.91 W, 84 %, 17599 MiB
2026/08/05 19:45:27.874, 3, 230.35 W, 91 %, 17599 MiB
2026/08/05 19:45:27.874, 4, 89.45 W, 100 %, 17599 MiB
2026/08/05 19:45:27.875, 5, 91.24 W, 100 %, 17599 MiB
2026/08/05 19:45:27.875, 6, 89.42 W, 100 %, 17599 MiB
2026/08/05 19:45:27.875, 7, 93.10 W, 100 %, 17607 MiB
2026/08/05 19:45:28.075, 0, 88.99 W, 100 %, 17529 MiB
2026/08/05 19:45:28.075, 1, 88.08 W, 100 %, 17599 MiB
2026/08/05 19:45:28.075, 2, 90.63 W, 100 %, 17599 MiB
2026/08/05 19:45:28.075, 3, 233.39 W, 76 %, 17599 MiB
2026/08/05 19:45:28.075, 4, 89.45 W, 100 %, 17599 MiB
2026/08/05 19:45:28.075, 5, 91.14 W, 100 %, 17599 MiB
2026/08/05 19:45:28.075, 6, 89.42 W, 100 %, 17599 MiB
2026/08/05 19:45:28.075, 7, 93.10 W, 100 %, 17607 MiB
2026/08/05 19:45:28.276, 0, 88.99 W, 100 %, 17529 MiB
2026/08/05 19:45:28.276, 1, 88.17 W, 100 %, 17599 MiB
2026/08/05 19:45:28.276, 2, 89.96 W, 100 %, 17599 MiB
2026/08/05 19:45:28.276, 3, 233.39 W, 76 %, 17599 MiB
2026/08/05 19:45:28.276, 4, 89.45 W, 100 %, 17599 MiB
2026/08/05 19:45:28.276, 5, 90.82 W, 100 %, 17599 MiB
2026/08/05 19:45:28.276, 6, 89.42 W, 100 %, 17599 MiB
2026/08/05 19:45:28.276, 7, 93.10 W, 100 %, 17607 MiB
2026/08/05 19:45:28.477, 0, 88.99 W, 100 %, 17529 MiB
2026/08/05 19:45:28.477, 1, 88.08 W, 100 %, 17599 MiB
2026/08/05 19:45:28.477, 2, 89.96 W, 100 %, 17599 MiB
2026/08/05 19:45:28.477, 3, 233.12 W, 76 %, 17599 MiB
2026/08/05 19:45:28.477, 4, 89.45 W, 100 %, 17599 MiB
2026/08/05 19:45:28.477, 5, 90.82 W, 100 %, 17599 MiB
2026/08/05 19:45:28.477, 6, 89.42 W, 100 %, 17599 MiB
2026/08/05 19:45:28.477, 7, 93.10 W, 100 %, 17607 MiB
2026/08/05 19:45:28.677, 0, 88.99 W, 100 %, 17529 MiB
2026/08/05 19:45:28.678, 1, 88.17 W, 100 %, 17599 MiB
2026/08/05 19:45:28.681, 2, 89.69 W, 100 %, 17599 MiB
2026/08/05 19:45:28.681, 3, 226.04 W, 76 %, 17599 MiB
2026/08/05 19:45:28.681, 4, 89.45 W, 100 %, 17599 MiB
2026/08/05 19:45:28.681, 5, 91.14 W, 100 %, 17599 MiB
2026/08/05 19:45:28.681, 6, 89.42 W, 100 %, 17599 MiB
2026/08/05 19:45:28.681, 7, 93.10 W, 100 %, 17607 MiB
2026/08/05 19:45:28.881, 0, 88.99 W, 100 %, 17529 MiB
2026/08/05 19:45:28.881, 1, 88.08 W, 100 %, 17599 MiB
2026/08/05 19:45:28.881, 2, 89.69 W, 100 %, 17599 MiB
2026/08/05 19:45:28.881, 3, 230.35 W, 75 %, 17599 MiB
2026/08/05 19:45:28.882, 4, 89.36 W, 100 %, 17599 MiB
2026/08/05 19:45:28.882, 5, 90.91 W, 100 %, 17599 MiB
2026/08/05 19:45:28.882, 6, 89.42 W, 100 %, 17599 MiB
2026/08/05 19:45:28.882, 7, 93.10 W, 100 %, 17607 MiB
2026/08/05 19:45:29.082, 0, 88.99 W, 100 %, 17529 MiB
2026/08/05 19:45:29.082, 1, 88.08 W, 100 %, 17599 MiB
2026/08/05 19:45:29.082, 2, 89.69 W, 100 %, 17599 MiB
2026/08/05 19:45:29.082, 3, 231.23 W, 75 %, 17599 MiB
2026/08/05 19:45:29.082, 4, 89.45 W, 100 %, 17599 MiB
2026/08/05 19:45:29.082, 5, 90.82 W, 100 %, 17599 MiB
2026/08/05 19:45:29.082, 6, 89.42 W, 100 %, 17599 MiB
2026/08/05 19:45:29.082, 7, 93.10 W, 100 %, 17607 MiB
2026/08/05 19:45:29.283, 0, 88.99 W, 100 %, 17529 MiB
2026/08/05 19:45:29.284, 1, 87.79 W, 100 %, 17599 MiB
2026/08/05 19:45:29.285, 2, 89.69 W, 100 %, 17599 MiB
2026/08/05 19:45:29.285, 3, 230.96 W, 76 %, 17599 MiB
2026/08/05 19:45:29.285, 4, 89.45 W, 100 %, 17599 MiB
2026/08/05 19:45:29.285, 5, 91.24 W, 100 %, 17599 MiB
2026/08/05 19:45:29.285, 6, 89.42 W, 100 %, 17599 MiB
2026/08/05 19:45:29.285, 7, 93.10 W, 100 %, 17607 MiB
2026/08/05 19:45:29.486, 0, 88.99 W, 100 %, 17529 MiB
2026/08/05 19:45:29.486, 1, 88.17 W, 100 %, 17599 MiB
2026/08/05 19:45:29.486, 2, 89.69 W, 100 %, 17599 MiB
2026/08/05 19:45:29.486, 3, 234.00 W, 76 %, 17599 MiB
2026/08/05 19:45:29.486, 4, 89.45 W, 100 %, 17599 MiB
2026/08/05 19:45:29.486, 5, 90.91 W, 100 %, 17599 MiB
2026/08/05 19:45:29.486, 6, 89.42 W, 100 %, 17599 MiB
2026/08/05 19:45:29.486, 7, 93.20 W, 100 %, 17607 MiB
2026/08/05 19:45:29.686, 0, 88.99 W, 100 %, 17529 MiB
2026/08/05 19:45:29.687, 1, 87.88 W, 100 %, 17599 MiB
2026/08/05 19:45:29.687, 2, 89.36 W, 100 %, 17599 MiB
2026/08/05 19:45:29.687, 3, 229.08 W, 76 %, 17599 MiB
2026/08/05 19:45:29.687, 4, 89.45 W, 100 %, 17599 MiB
2026/08/05 19:45:29.687, 5, 91.14 W, 100 %, 17599 MiB
2026/08/05 19:45:29.687, 6, 89.42 W, 100 %, 17599 MiB
2026/08/05 19:45:29.687, 7, 93.10 W, 100 %, 17607 MiB
2026/08/05 19:45:29.887, 0, 88.99 W, 100 %, 17529 MiB
2026/08/05 19:45:29.887, 1, 87.88 W, 100 %, 17599 MiB
2026/08/05 19:45:29.887, 2, 89.69 W, 100 %, 17599 MiB
2026/08/05 19:45:29.887, 3, 232.79 W, 76 %, 17599 MiB
2026/08/05 19:45:29.887, 4, 89.45 W, 100 %, 17599 MiB
2026/08/05 19:45:29.887, 5, 90.91 W, 100 %, 17599 MiB
2026/08/05 19:45:29.888, 6, 89.42 W, 100 %, 17599 MiB
2026/08/05 19:45:29.888, 7, 93.10 W, 100 %, 17607 MiB
2026/08/05 19:45:30.088, 0, 88.99 W, 100 %, 17529 MiB
2026/08/05 19:45:30.088, 1, 88.17 W, 100 %, 17599 MiB
2026/08/05 19:45:30.088, 2, 89.36 W, 100 %, 17599 MiB
2026/08/05 19:45:30.088, 3, 91.51 W, 76 %, 17599 MiB
2026/08/05 19:45:30.088, 4, 230.86 W, 84 %, 17599 MiB
2026/08/05 19:45:30.088, 5, 91.14 W, 100 %, 17599 MiB
2026/08/05 19:45:30.088, 6, 89.42 W, 100 %, 17599 MiB
2026/08/05 19:45:30.088, 7, 93.10 W, 100 %, 17607 MiB
2026/08/05 19:45:30.289, 0, 88.99 W, 100 %, 17529 MiB
2026/08/05 19:45:30.289, 1, 88.17 W, 100 %, 17599 MiB
2026/08/05 19:45:30.289, 2, 89.36 W, 100 %, 17599 MiB
2026/08/05 19:45:30.289, 3, 90.29 W, 94 %, 17599 MiB
2026/08/05 19:45:30.289, 4, 235.51 W, 77 %, 17599 MiB
2026/08/05 19:45:30.289, 5, 91.14 W, 100 %, 17599 MiB
2026/08/05 19:45:30.289, 6, 89.42 W, 100 %, 17599 MiB
2026/08/05 19:45:30.289, 7, 93.10 W, 100 %, 17607 MiB
2026/08/05 19:45:30.489, 0, 88.99 W, 100 %, 17529 MiB
2026/08/05 19:45:30.489, 1, 88.17 W, 100 %, 17599 MiB
2026/08/05 19:45:30.490, 2, 89.36 W, 100 %, 17599 MiB
2026/08/05 19:45:30.490, 3, 90.29 W, 100 %, 17599 MiB
2026/08/05 19:45:30.490, 4, 227.76 W, 77 %, 17599 MiB
2026/08/05 19:45:30.490, 5, 91.14 W, 100 %, 17599 MiB
2026/08/05 19:45:30.490, 6, 89.42 W, 100 %, 17599 MiB
2026/08/05 19:45:30.490, 7, 93.10 W, 100 %, 17607 MiB
2026/08/05 19:45:30.690, 0, 88.99 W, 100 %, 17529 MiB
2026/08/05 19:45:30.690, 1, 88.17 W, 100 %, 17599 MiB
2026/08/05 19:45:30.690, 2, 89.36 W, 100 %, 17599 MiB
2026/08/05 19:45:30.690, 3, 89.96 W, 100 %, 17599 MiB
2026/08/05 19:45:30.690, 4, 234.91 W, 76 %, 17599 MiB
2026/08/05 19:45:30.690, 5, 91.14 W, 100 %, 17599 MiB
2026/08/05 19:45:30.690, 6, 89.42 W, 100 %, 17599 MiB
2026/08/05 19:45:30.691, 7, 93.10 W, 100 %, 17607 MiB
2026/08/05 19:45:30.891, 0, 88.99 W, 100 %, 17529 MiB
2026/08/05 19:45:30.891, 1, 88.17 W, 100 %, 17599 MiB
2026/08/05 19:45:30.891, 2, 89.36 W, 100 %, 17599 MiB
2026/08/05 19:45:30.891, 3, 89.96 W, 100 %, 17599 MiB
2026/08/05 19:45:30.891, 4, 233.03 W, 77 %, 17599 MiB
2026/08/05 19:45:30.892, 5, 91.14 W, 100 %, 17599 MiB
2026/08/05 19:45:30.892, 6, 89.42 W, 100 %, 17599 MiB
2026/08/05 19:45:30.892, 7, 93.10 W, 100 %, 17607 MiB
2026/08/05 19:45:31.092, 0, 88.99 W, 100 %, 17529 MiB
2026/08/05 19:45:31.092, 1, 87.88 W, 100 %, 17599 MiB
2026/08/05 19:45:31.092, 2, 89.36 W, 100 %, 17599 MiB
2026/08/05 19:45:31.092, 3, 89.96 W, 100 %, 17599 MiB
2026/08/05 19:45:31.092, 4, 232.74 W, 76 %, 17599 MiB
2026/08/05 19:45:31.092, 5, 91.14 W, 100 %, 17599 MiB
2026/08/05 19:45:31.092, 6, 89.42 W, 100 %, 17599 MiB
2026/08/05 19:45:31.092, 7, 93.10 W, 100 %, 17607 MiB
2026/08/05 19:45:31.293, 0, 88.99 W, 100 %, 17529 MiB
2026/08/05 19:45:31.293, 1, 87.88 W, 100 %, 17599 MiB
2026/08/05 19:45:31.293, 2, 89.36 W, 100 %, 17599 MiB
2026/08/05 19:45:31.294, 3, 89.96 W, 100 %, 17599 MiB
2026/08/05 19:45:31.294, 4, 231.81 W, 77 %, 17599 MiB
2026/08/05 19:45:31.295, 5, 91.14 W, 100 %, 17599 MiB
2026/08/05 19:45:31.295, 6, 89.42 W, 100 %, 17599 MiB
2026/08/05 19:45:31.295, 7, 93.10 W, 100 %, 17607 MiB
2026/08/05 19:45:31.495, 0, 88.99 W, 100 %, 17529 MiB
2026/08/05 19:45:31.495, 1, 87.88 W, 100 %, 17599 MiB
2026/08/05 19:45:31.495, 2, 89.36 W, 100 %, 17599 MiB
2026/08/05 19:45:31.495, 3, 89.96 W, 100 %, 17599 MiB
2026/08/05 19:45:31.495, 4, 233.36 W, 76 %, 17599 MiB
2026/08/05 19:45:31.495, 5, 91.14 W, 100 %, 17599 MiB
2026/08/05 19:45:31.495, 6, 89.42 W, 100 %, 17599 MiB
2026/08/05 19:45:31.495, 7, 93.10 W, 100 %, 17607 MiB
2026/08/05 19:45:31.695, 0, 88.99 W, 100 %, 17529 MiB
2026/08/05 19:45:31.696, 1, 87.88 W, 100 %, 17599 MiB
2026/08/05 19:45:31.696, 2, 89.36 W, 100 %, 17599 MiB
2026/08/05 19:45:31.696, 3, 89.96 W, 100 %, 17599 MiB
2026/08/05 19:45:31.696, 4, 235.51 W, 77 %, 17599 MiB
2026/08/05 19:45:31.696, 5, 91.14 W, 100 %, 17599 MiB
2026/08/05 19:45:31.696, 6, 89.42 W, 100 %, 17599 MiB
2026/08/05 19:45:31.696, 7, 93.10 W, 100 %, 17607 MiB
2026/08/05 19:45:31.896, 0, 88.99 W, 100 %, 17529 MiB
2026/08/05 19:45:31.896, 1, 88.17 W, 100 %, 17599 MiB
2026/08/05 19:45:31.896, 2, 89.36 W, 100 %, 17599 MiB
2026/08/05 19:45:31.896, 3, 89.69 W, 100 %, 17599 MiB
2026/08/05 19:45:31.897, 4, 232.41 W, 77 %, 17599 MiB
2026/08/05 19:45:31.897, 5, 91.14 W, 100 %, 17599 MiB
2026/08/05 19:45:31.897, 6, 89.42 W, 100 %, 17599 MiB
2026/08/05 19:45:31.897, 7, 93.10 W, 100 %, 17607 MiB
2026/08/05 19:45:32.097, 0, 88.99 W, 100 %, 17529 MiB
2026/08/05 19:45:32.097, 1, 87.88 W, 100 %, 17599 MiB
2026/08/05 19:45:32.097, 2, 89.36 W, 100 %, 17599 MiB
2026/08/05 19:45:32.097, 3, 89.96 W, 100 %, 17599 MiB
2026/08/05 19:45:32.097, 4, 92.46 W, 81 %, 17599 MiB
2026/08/05 19:45:32.097, 5, 227.26 W, 88 %, 17599 MiB
2026/08/05 19:45:32.098, 6, 89.42 W, 100 %, 17599 MiB
2026/08/05 19:45:32.098, 7, 93.10 W, 100 %, 17607 MiB
2026/08/05 19:45:32.298, 0, 88.99 W, 100 %, 17529 MiB
2026/08/05 19:45:32.298, 1, 88.17 W, 100 %, 17599 MiB
2026/08/05 19:45:32.298, 2, 89.36 W, 100 %, 17599 MiB
2026/08/05 19:45:32.298, 3, 89.69 W, 100 %, 17599 MiB
2026/08/05 19:45:32.298, 4, 91.84 W, 100 %, 17599 MiB
2026/08/05 19:45:32.298, 5, 232.18 W, 77 %, 17599 MiB
2026/08/05 19:45:32.298, 6, 89.42 W, 100 %, 17599 MiB
2026/08/05 19:45:32.298, 7, 93.10 W, 100 %, 17607 MiB
2026/08/05 19:45:32.498, 0, 88.99 W, 100 %, 17529 MiB
2026/08/05 19:45:32.498, 1, 87.88 W, 100 %, 17599 MiB
2026/08/05 19:45:32.498, 2, 89.36 W, 100 %, 17599 MiB
2026/08/05 19:45:32.500, 3, 89.69 W, 100 %, 17599 MiB
2026/08/05 19:45:32.501, 4, 91.24 W, 100 %, 17599 MiB
2026/08/05 19:45:32.501, 5, 232.79 W, 77 %, 17599 MiB
2026/08/05 19:45:32.501, 6, 89.42 W, 100 %, 17599 MiB
2026/08/05 19:45:32.501, 7, 93.10 W, 100 %, 17607 MiB
2026/08/05 19:45:32.701, 0, 88.99 W, 100 %, 17529 MiB
2026/08/05 19:45:32.702, 1, 87.88 W, 100 %, 17599 MiB
2026/08/05 19:45:32.702, 2, 89.36 W, 100 %, 17599 MiB
2026/08/05 19:45:32.702, 3, 89.69 W, 100 %, 17599 MiB
2026/08/05 19:45:32.702, 4, 91.24 W, 100 %, 17599 MiB
2026/08/05 19:45:32.702, 5, 232.18 W, 77 %, 17599 MiB
2026/08/05 19:45:32.702, 6, 89.69 W, 100 %, 17599 MiB
2026/08/05 19:45:32.702, 7, 93.10 W, 100 %, 17607 MiB
2026/08/05 19:45:32.902, 0, 88.99 W, 100 %, 17529 MiB
2026/08/05 19:45:32.902, 1, 87.88 W, 100 %, 17599 MiB
2026/08/05 19:45:32.902, 2, 89.36 W, 100 %, 17599 MiB
2026/08/05 19:45:32.902, 3, 89.69 W, 100 %, 17599 MiB
2026/08/05 19:45:32.902, 4, 91.00 W, 100 %, 17599 MiB
2026/08/05 19:45:32.903, 5, 235.27 W, 77 %, 17599 MiB
2026/08/05 19:45:32.903, 6, 89.42 W, 100 %, 17599 MiB
2026/08/05 19:45:32.904, 7, 93.10 W, 100 %, 17607 MiB
2026/08/05 19:45:33.104, 0, 88.99 W, 100 %, 17529 MiB
2026/08/05 19:45:33.104, 1, 87.88 W, 100 %, 17599 MiB
2026/08/05 19:45:33.104, 2, 89.36 W, 100 %, 17599 MiB
2026/08/05 19:45:33.104, 3, 89.69 W, 100 %, 17599 MiB
2026/08/05 19:45:33.104, 4, 91.00 W, 100 %, 17599 MiB
2026/08/05 19:45:33.104, 5, 233.72 W, 77 %, 17599 MiB
2026/08/05 19:45:33.104, 6, 89.42 W, 100 %, 17599 MiB
2026/08/05 19:45:33.104, 7, 93.10 W, 100 %, 17607 MiB
2026/08/05 19:45:33.304, 0, 88.99 W, 100 %, 17529 MiB
2026/08/05 19:45:33.304, 1, 87.88 W, 100 %, 17599 MiB
2026/08/05 19:45:33.304, 2, 89.36 W, 100 %, 17599 MiB
2026/08/05 19:45:33.305, 3, 89.69 W, 100 %, 17599 MiB
2026/08/05 19:45:33.305, 4, 90.91 W, 100 %, 17599 MiB
2026/08/05 19:45:33.305, 5, 234.34 W, 77 %, 17599 MiB
2026/08/05 19:45:33.305, 6, 89.42 W, 100 %, 17599 MiB
2026/08/05 19:45:33.305, 7, 93.10 W, 100 %, 17607 MiB
2026/08/05 19:45:33.505, 0, 88.99 W, 100 %, 17529 MiB
2026/08/05 19:45:33.505, 1, 88.17 W, 100 %, 17599 MiB
2026/08/05 19:45:33.505, 2, 89.36 W, 100 %, 17599 MiB
2026/08/05 19:45:33.505, 3, 89.69 W, 100 %, 17599 MiB
2026/08/05 19:45:33.505, 4, 90.91 W, 100 %, 17599 MiB
2026/08/05 19:45:33.505, 5, 231.85 W, 77 %, 17599 MiB
2026/08/05 19:45:33.505, 6, 89.69 W, 100 %, 17599 MiB
2026/08/05 19:45:33.505, 7, 93.10 W, 100 %, 17607 MiB
2026/08/05 19:45:33.706, 0, 88.99 W, 100 %, 17529 MiB
2026/08/05 19:45:33.706, 1, 87.88 W, 100 %, 17599 MiB
2026/08/05 19:45:33.706, 2, 89.36 W, 100 %, 17599 MiB
2026/08/05 19:45:33.706, 3, 89.69 W, 100 %, 17599 MiB
2026/08/05 19:45:33.706, 4, 90.91 W, 100 %, 17599 MiB
2026/08/05 19:45:33.706, 5, 234.00 W, 77 %, 17599 MiB
2026/08/05 19:45:33.706, 6, 89.42 W, 100 %, 17599 MiB
2026/08/05 19:45:33.706, 7, 93.10 W, 100 %, 17607 MiB
2026/08/05 19:45:33.906, 0, 88.99 W, 100 %, 17529 MiB
2026/08/05 19:45:33.913, 1, 87.88 W, 100 %, 17599 MiB
2026/08/05 19:45:33.913, 2, 89.36 W, 100 %, 17599 MiB
2026/08/05 19:45:33.913, 3, 89.69 W, 100 %, 17599 MiB
2026/08/05 19:45:33.913, 4, 90.91 W, 100 %, 17599 MiB
2026/08/05 19:45:33.913, 5, 233.72 W, 77 %, 17599 MiB
2026/08/05 19:45:33.913, 6, 89.42 W, 100 %, 17599 MiB
2026/08/05 19:45:33.913, 7, 93.10 W, 100 %, 17607 MiB
2026/08/05 19:45:34.113, 0, 88.99 W, 100 %, 17529 MiB
2026/08/05 19:45:34.115, 1, 88.17 W, 100 %, 17599 MiB
2026/08/05 19:45:34.117, 2, 89.36 W, 100 %, 17599 MiB
2026/08/05 19:45:34.117, 3, 89.69 W, 100 %, 17599 MiB
2026/08/05 19:45:34.117, 4, 89.96 W, 100 %, 17599 MiB
2026/08/05 19:45:34.117, 5, 233.12 W, 78 %, 17599 MiB
2026/08/05 19:45:34.117, 6, 89.42 W, 100 %, 17599 MiB
2026/08/05 19:45:34.117, 7, 93.10 W, 100 %, 17607 MiB
2026/08/05 19:45:34.319, 0, 88.99 W, 100 %, 17529 MiB
2026/08/05 19:45:34.319, 1, 87.88 W, 100 %, 17599 MiB
2026/08/05 19:45:34.319, 2, 89.36 W, 100 %, 17599 MiB
2026/08/05 19:45:34.319, 3, 89.69 W, 100 %, 17599 MiB
2026/08/05 19:45:34.319, 4, 90.06 W, 100 %, 17599 MiB
2026/08/05 19:45:34.319, 5, 92.97 W, 100 %, 17599 MiB
2026/08/05 19:45:34.319, 6, 227.17 W, 77 %, 17599 MiB
2026/08/05 19:45:34.319, 7, 93.10 W, 100 %, 17607 MiB
2026/08/05 19:45:34.519, 0, 88.99 W, 100 %, 17529 MiB
2026/08/05 19:45:34.520, 1, 88.17 W, 100 %, 17599 MiB
2026/08/05 19:45:34.520, 2, 89.36 W, 100 %, 17599 MiB
2026/08/05 19:45:34.521, 3, 89.69 W, 100 %, 17599 MiB
2026/08/05 19:45:34.522, 4, 90.06 W, 100 %, 17599 MiB
2026/08/05 19:45:34.522, 5, 92.36 W, 100 %, 17599 MiB
2026/08/05 19:45:34.522, 6, 226.23 W, 77 %, 17599 MiB
2026/08/05 19:45:34.522, 7, 93.10 W, 100 %, 17607 MiB
2026/08/05 19:45:34.722, 0, 88.99 W, 100 %, 17529 MiB
2026/08/05 19:45:34.722, 1, 88.17 W, 100 %, 17599 MiB
2026/08/05 19:45:34.722, 2, 89.36 W, 100 %, 17599 MiB
2026/08/05 19:45:34.722, 3, 89.69 W, 100 %, 17599 MiB
2026/08/05 19:45:34.722, 4, 89.96 W, 100 %, 17599 MiB
2026/08/05 19:45:34.722, 5, 92.03 W, 100 %, 17599 MiB
2026/08/05 19:45:34.722, 6, 228.11 W, 77 %, 17599 MiB
2026/08/05 19:45:34.722, 7, 93.10 W, 100 %, 17607 MiB
2026/08/05 19:45:34.923, 0, 88.99 W, 100 %, 17529 MiB
2026/08/05 19:45:34.923, 1, 87.88 W, 100 %, 17599 MiB
2026/08/05 19:45:34.923, 2, 89.36 W, 100 %, 17599 MiB
2026/08/05 19:45:34.923, 3, 89.69 W, 100 %, 17599 MiB
2026/08/05 19:45:34.923, 4, 89.96 W, 100 %, 17599 MiB
2026/08/05 19:45:34.923, 5, 92.03 W, 100 %, 17599 MiB
2026/08/05 19:45:34.923, 6, 226.23 W, 77 %, 17599 MiB
2026/08/05 19:45:34.923, 7, 93.10 W, 100 %, 17607 MiB
2026/08/05 19:45:35.123, 0, 88.99 W, 100 %, 17529 MiB
2026/08/05 19:45:35.124, 1, 88.17 W, 100 %, 17599 MiB
2026/08/05 19:45:35.124, 2, 89.36 W, 100 %, 17599 MiB
2026/08/05 19:45:35.124, 3, 89.69 W, 100 %, 17599 MiB
2026/08/05 19:45:35.124, 4, 89.96 W, 100 %, 17599 MiB
2026/08/05 19:45:35.124, 5, 92.03 W, 100 %, 17599 MiB
2026/08/05 19:45:35.124, 6, 228.98 W, 77 %, 17599 MiB
2026/08/05 19:45:35.124, 7, 93.10 W, 100 %, 17607 MiB
2026/08/05 19:45:35.325, 0, 88.99 W, 100 %, 17529 MiB
2026/08/05 19:45:35.325, 1, 87.88 W, 100 %, 17599 MiB
2026/08/05 19:45:35.325, 2, 89.36 W, 100 %, 17599 MiB
2026/08/05 19:45:35.325, 3, 89.69 W, 100 %, 17599 MiB
2026/08/05 19:45:35.325, 4, 89.96 W, 100 %, 17599 MiB
2026/08/05 19:45:35.325, 5, 91.75 W, 100 %, 17599 MiB
2026/08/05 19:45:35.325, 6, 228.71 W, 77 %, 17599 MiB
2026/08/05 19:45:35.326, 7, 93.10 W, 100 %, 17607 MiB
2026/08/05 19:45:35.526, 0, 88.99 W, 100 %, 17529 MiB
2026/08/05 19:45:35.526, 1, 87.88 W, 100 %, 17599 MiB
2026/08/05 19:45:35.526, 2, 89.36 W, 100 %, 17599 MiB
2026/08/05 19:45:35.526, 3, 89.69 W, 100 %, 17599 MiB
2026/08/05 19:45:35.526, 4, 89.96 W, 100 %, 17599 MiB
2026/08/05 19:45:35.526, 5, 91.75 W, 100 %, 17599 MiB
2026/08/05 19:45:35.526, 6, 227.50 W, 77 %, 17599 MiB
2026/08/05 19:45:35.527, 7, 93.10 W, 100 %, 17607 MiB
2026/08/05 19:45:35.727, 0, 88.99 W, 100 %, 17529 MiB
2026/08/05 19:45:35.727, 1, 87.88 W, 100 %, 17599 MiB
2026/08/05 19:45:35.727, 2, 89.36 W, 100 %, 17599 MiB
2026/08/05 19:45:35.728, 3, 89.69 W, 100 %, 17599 MiB
2026/08/05 19:45:35.729, 4, 89.96 W, 100 %, 17599 MiB
2026/08/05 19:45:35.730, 5, 91.75 W, 100 %, 17599 MiB
2026/08/05 19:45:35.730, 6, 226.23 W, 77 %, 17599 MiB
2026/08/05 19:45:35.730, 7, 93.10 W, 100 %, 17607 MiB
2026/08/05 19:45:35.931, 0, 88.99 W, 100 %, 17529 MiB
2026/08/05 19:45:35.931, 1, 87.88 W, 100 %, 17599 MiB
2026/08/05 19:45:35.931, 2, 89.36 W, 100 %, 17599 MiB
2026/08/05 19:45:35.931, 3, 89.69 W, 100 %, 17599 MiB
2026/08/05 19:45:35.931, 4, 89.96 W, 100 %, 17599 MiB
2026/08/05 19:45:35.931, 5, 91.75 W, 100 %, 17599 MiB
2026/08/05 19:45:35.931, 6, 228.11 W, 77 %, 17599 MiB
2026/08/05 19:45:35.931, 7, 93.10 W, 100 %, 17607 MiB
2026/08/05 19:45:36.131, 0, 88.99 W, 100 %, 17529 MiB
2026/08/05 19:45:36.131, 1, 88.17 W, 100 %, 17599 MiB
2026/08/05 19:45:36.131, 2, 89.36 W, 100 %, 17599 MiB
2026/08/05 19:45:36.132, 3, 89.69 W, 100 %, 17599 MiB
2026/08/05 19:45:36.132, 4, 89.96 W, 100 %, 17599 MiB
2026/08/05 19:45:36.132, 5, 91.75 W, 100 %, 17599 MiB
2026/08/05 19:45:36.132, 6, 226.56 W, 77 %, 17599 MiB
2026/08/05 19:45:36.132, 7, 93.10 W, 100 %, 17607 MiB
2026/08/05 19:45:36.332, 0, 88.99 W, 100 %, 17529 MiB
2026/08/05 19:45:36.333, 1, 88.17 W, 100 %, 17599 MiB
2026/08/05 19:45:36.333, 2, 90.29 W, 100 %, 17599 MiB
2026/08/05 19:45:36.333, 3, 89.69 W, 100 %, 17599 MiB
2026/08/05 19:45:36.333, 4, 89.96 W, 100 %, 17599 MiB
2026/08/05 19:45:36.333, 5, 91.75 W, 100 %, 17599 MiB
2026/08/05 19:45:36.333, 6, 91.56 W, 77 %, 17599 MiB
2026/08/05 19:45:36.333, 7, 230.76 W, 88 %, 17607 MiB
2026/08/05 19:45:36.534, 0, 88.99 W, 100 %, 17529 MiB
2026/08/05 19:45:36.534, 1, 87.88 W, 100 %, 17599 MiB
2026/08/05 19:45:36.534, 2, 89.69 W, 100 %, 17599 MiB
2026/08/05 19:45:36.534, 3, 89.69 W, 100 %, 17599 MiB
2026/08/05 19:45:36.534, 4, 89.96 W, 100 %, 17599 MiB
2026/08/05 19:45:36.534, 5, 91.75 W, 100 %, 17599 MiB
2026/08/05 19:45:36.534, 6, 90.96 W, 94 %, 17599 MiB
2026/08/05 19:45:36.534, 7, 231.70 W, 76 %, 17607 MiB
2026/08/05 19:45:36.734, 0, 88.99 W, 100 %, 17529 MiB
2026/08/05 19:45:36.734, 1, 87.88 W, 100 %, 17599 MiB
2026/08/05 19:45:36.734, 2, 89.36 W, 100 %, 17599 MiB
2026/08/05 19:45:36.734, 3, 89.69 W, 100 %, 17599 MiB
2026/08/05 19:45:36.735, 4, 89.96 W, 100 %, 17599 MiB
2026/08/05 19:45:36.735, 5, 91.75 W, 100 %, 17599 MiB
2026/08/05 19:45:36.735, 6, 90.63 W, 100 %, 17599 MiB
2026/08/05 19:45:36.736, 7, 239.94 W, 77 %, 17607 MiB
2026/08/05 19:45:36.936, 0, 88.99 W, 100 %, 17529 MiB
2026/08/05 19:45:36.937, 1, 88.17 W, 100 %, 17599 MiB
2026/08/05 19:45:36.937, 2, 89.36 W, 100 %, 17599 MiB
2026/08/05 19:45:36.937, 3, 89.69 W, 100 %, 17599 MiB
2026/08/05 19:45:36.937, 4, 89.96 W, 100 %, 17599 MiB
2026/08/05 19:45:36.937, 5, 91.75 W, 100 %, 17599 MiB
2026/08/05 19:45:36.937, 6, 90.36 W, 100 %, 17599 MiB
2026/08/05 19:45:36.937, 7, 241.15 W, 77 %, 17607 MiB
2026/08/05 19:45:37.137, 0, 88.99 W, 100 %, 17529 MiB
2026/08/05 19:45:37.137, 1, 88.17 W, 100 %, 17599 MiB
2026/08/05 19:45:37.137, 2, 89.69 W, 100 %, 17599 MiB
2026/08/05 19:45:37.137, 3, 89.96 W, 100 %, 17599 MiB
2026/08/05 19:45:37.138, 4, 89.96 W, 100 %, 17599 MiB
2026/08/05 19:45:37.138, 5, 91.75 W, 100 %, 17599 MiB
2026/08/05 19:45:37.138, 6, 90.36 W, 100 %, 17599 MiB
2026/08/05 19:45:37.138, 7, 236.58 W, 77 %, 17607 MiB
2026/08/05 19:45:37.338, 0, 88.99 W, 100 %, 17529 MiB
2026/08/05 19:45:37.339, 1, 87.88 W, 100 %, 17599 MiB
2026/08/05 19:45:37.339, 2, 89.36 W, 100 %, 17599 MiB
2026/08/05 19:45:37.341, 3, 89.69 W, 100 %, 17599 MiB
2026/08/05 19:45:37.341, 4, 89.96 W, 100 %, 17599 MiB
2026/08/05 19:45:37.342, 5, 91.75 W, 100 %, 17599 MiB
2026/08/05 19:45:37.342, 6, 90.36 W, 100 %, 17599 MiB
2026/08/05 19:45:37.342, 7, 239.61 W, 76 %, 17607 MiB
2026/08/05 19:45:37.543, 0, 88.99 W, 100 %, 17529 MiB
2026/08/05 19:45:37.544, 1, 87.88 W, 100 %, 17599 MiB
2026/08/05 19:45:37.545, 2, 89.69 W, 100 %, 17599 MiB
2026/08/05 19:45:37.546, 3, 89.96 W, 100 %, 17599 MiB
2026/08/05 19:45:37.546, 4, 89.96 W, 100 %, 17599 MiB
2026/08/05 19:45:37.547, 5, 91.75 W, 100 %, 17599 MiB
2026/08/05 19:45:37.547, 6, 90.36 W, 100 %, 17599 MiB
2026/08/05 19:45:37.547, 7, 239.00 W, 77 %, 17607 MiB
2026/08/05 19:45:37.747, 0, 88.99 W, 100 %, 17529 MiB
2026/08/05 19:45:37.747, 1, 88.17 W, 100 %, 17599 MiB
2026/08/05 19:45:37.747, 2, 89.36 W, 100 %, 17599 MiB
2026/08/05 19:45:37.747, 3, 89.96 W, 100 %, 17599 MiB
2026/08/05 19:45:37.748, 4, 89.96 W, 100 %, 17599 MiB
2026/08/05 19:45:37.748, 5, 91.42 W, 100 %, 17599 MiB
2026/08/05 19:45:37.748, 6, 90.36 W, 100 %, 17599 MiB
2026/08/05 19:45:37.748, 7, 239.33 W, 77 %, 17607 MiB
2026/08/05 19:45:37.948, 0, 88.99 W, 100 %, 17529 MiB
2026/08/05 19:45:37.948, 1, 88.17 W, 100 %, 17599 MiB
2026/08/05 19:45:37.948, 2, 89.36 W, 100 %, 17599 MiB
2026/08/05 19:45:37.950, 3, 89.96 W, 100 %, 17599 MiB
2026/08/05 19:45:37.951, 4, 89.96 W, 100 %, 17599 MiB
2026/08/05 19:45:37.951, 5, 91.75 W, 100 %, 17599 MiB
2026/08/05 19:45:37.951, 6, 90.02 W, 100 %, 17599 MiB
2026/08/05 19:45:37.951, 7, 239.33 W, 77 %, 17607 MiB
2026/08/05 19:45:38.151, 0, 88.99 W, 100 %, 17529 MiB
2026/08/05 19:45:38.151, 1, 88.17 W, 100 %, 17599 MiB
2026/08/05 19:45:38.151, 2, 89.69 W, 100 %, 17599 MiB
2026/08/05 19:45:38.152, 3, 89.69 W, 100 %, 17599 MiB
2026/08/05 19:45:38.152, 4, 89.96 W, 100 %, 17599 MiB
2026/08/05 19:45:38.152, 5, 91.75 W, 100 %, 17599 MiB
2026/08/05 19:45:38.152, 6, 90.36 W, 100 %, 17599 MiB
2026/08/05 19:45:38.152, 7, 238.73 W, 76 %, 17607 MiB
2026/08/05 19:45:38.352, 0, 92.79 W, 100 %, 17529 MiB
2026/08/05 19:45:38.352, 1, 88.17 W, 100 %, 17599 MiB
2026/08/05 19:45:38.352, 2, 89.36 W, 100 %, 17599 MiB
2026/08/05 19:45:38.352, 3, 89.69 W, 100 %, 17599 MiB
2026/08/05 19:45:38.352, 4, 90.06 W, 100 %, 17599 MiB
2026/08/05 19:45:38.352, 5, 91.51 W, 100 %, 17599 MiB
2026/08/05 19:45:38.352, 6, 90.02 W, 100 %, 17599 MiB
2026/08/05 19:45:38.352, 7, 112.20 W, 77 %, 17607 MiB
2026/08/05 19:45:38.553, 0, 89.08 W, 100 %, 17529 MiB
2026/08/05 19:45:38.554, 1, 88.17 W, 100 %, 17599 MiB
2026/08/05 19:45:38.555, 2, 89.45 W, 100 %, 17599 MiB
2026/08/05 19:45:38.555, 3, 89.69 W, 100 %, 17599 MiB
2026/08/05 19:45:38.555, 4, 90.06 W, 100 %, 17599 MiB
2026/08/05 19:45:38.555, 5, 91.51 W, 100 %, 17599 MiB
2026/08/05 19:45:38.556, 6, 90.02 W, 100 %, 17599 MiB
2026/08/05 19:45:38.556, 7, 95.95 W, 100 %, 17607 MiB
2026/08/05 19:45:38.757, 0, 89.08 W, 100 %, 17529 MiB
2026/08/05 19:45:38.757, 1, 87.88 W, 100 %, 17599 MiB
2026/08/05 19:45:38.757, 2, 89.45 W, 100 %, 17599 MiB
2026/08/05 19:45:38.757, 3, 89.69 W, 100 %, 17599 MiB
2026/08/05 19:45:38.757, 4, 90.06 W, 100 %, 17599 MiB
2026/08/05 19:45:38.757, 5, 91.51 W, 100 %, 17599 MiB
2026/08/05 19:45:38.757, 6, 90.02 W, 100 %, 17599 MiB
2026/08/05 19:45:38.757, 7, 95.68 W, 100 %, 17607 MiB
2026/08/05 19:45:38.957, 0, 89.08 W, 100 %, 17529 MiB
2026/08/05 19:45:38.957, 1, 88.17 W, 100 %, 17599 MiB
2026/08/05 19:45:38.957, 2, 89.45 W, 100 %, 17599 MiB
2026/08/05 19:45:38.957, 3, 89.69 W, 100 %, 17599 MiB
2026/08/05 19:45:38.958, 4, 90.06 W, 100 %, 17599 MiB
2026/08/05 19:45:38.958, 5, 91.84 W, 100 %, 17599 MiB
2026/08/05 19:45:38.958, 6, 90.02 W, 100 %, 17599 MiB
2026/08/05 19:45:38.958, 7, 95.34 W, 100 %, 17607 MiB
2026/08/05 19:45:39.158, 0, 89.08 W, 100 %, 17529 MiB
2026/08/05 19:45:39.158, 1, 87.88 W, 100 %, 17599 MiB
2026/08/05 19:45:39.159, 2, 89.45 W, 100 %, 17599 MiB
2026/08/05 19:45:39.159, 3, 89.69 W, 100 %, 17599 MiB
2026/08/05 19:45:39.159, 4, 90.06 W, 100 %, 17599 MiB
2026/08/05 19:45:39.161, 5, 91.51 W, 100 %, 17599 MiB
2026/08/05 19:45:39.162, 6, 90.02 W, 100 %, 17599 MiB
2026/08/05 19:45:39.162, 7, 95.07 W, 100 %, 17607 MiB
2026/08/05 19:45:39.362, 0, 89.08 W, 100 %, 17529 MiB
2026/08/05 19:45:39.362, 1, 88.17 W, 100 %, 17599 MiB
2026/08/05 19:45:39.362, 2, 89.45 W, 100 %, 17599 MiB
2026/08/05 19:45:39.363, 3, 89.69 W, 100 %, 17599 MiB
2026/08/05 19:45:39.363, 4, 90.06 W, 100 %, 17599 MiB
2026/08/05 19:45:39.363, 5, 91.51 W, 100 %, 17599 MiB
2026/08/05 19:45:39.363, 6, 90.02 W, 100 %, 17599 MiB
2026/08/05 19:45:39.363, 7, 95.07 W, 100 %, 17607 MiB
2026/08/05 19:45:39.563, 0, 89.08 W, 100 %, 17529 MiB
2026/08/05 19:45:39.563, 1, 88.17 W, 100 %, 17599 MiB
2026/08/05 19:45:39.563, 2, 89.45 W, 100 %, 17599 MiB
2026/08/05 19:45:39.563, 3, 89.69 W, 100 %, 17599 MiB
2026/08/05 19:45:39.563, 4, 90.06 W, 100 %, 17599 MiB
2026/08/05 19:45:39.563, 5, 91.84 W, 100 %, 17599 MiB
2026/08/05 19:45:39.563, 6, 90.02 W, 100 %, 17599 MiB
2026/08/05 19:45:39.563, 7, 95.07 W, 100 %, 17607 MiB
2026/08/05 19:45:39.764, 0, 89.08 W, 100 %, 17529 MiB
2026/08/05 19:45:39.764, 1, 87.88 W, 100 %, 17599 MiB
2026/08/05 19:45:39.765, 2, 89.45 W, 100 %, 17599 MiB
2026/08/05 19:45:39.766, 3, 89.69 W, 100 %, 17599 MiB
2026/08/05 19:45:39.766, 4, 90.06 W, 100 %, 17599 MiB
2026/08/05 19:45:39.766, 5, 91.51 W, 100 %, 17599 MiB
2026/08/05 19:45:39.767, 6, 90.02 W, 100 %, 17599 MiB
2026/08/05 19:45:39.767, 7, 95.07 W, 100 %, 17607 MiB
2026/08/05 19:45:39.967, 0, 89.08 W, 100 %, 17529 MiB
2026/08/05 19:45:39.967, 1, 88.17 W, 100 %, 17599 MiB
2026/08/05 19:45:39.967, 2, 90.29 W, 100 %, 17599 MiB
2026/08/05 19:45:39.967, 3, 89.69 W, 100 %, 17599 MiB
2026/08/05 19:45:39.967, 4, 90.06 W, 100 %, 17599 MiB
2026/08/05 19:45:39.967, 5, 91.51 W, 100 %, 17599 MiB
2026/08/05 19:45:39.967, 6, 90.02 W, 100 %, 17599 MiB
2026/08/05 19:45:39.967, 7, 95.07 W, 100 %, 17607 MiB
2026/08/05 19:45:40.168, 0, 89.08 W, 100 %, 17529 MiB
2026/08/05 19:45:40.176, 1, 88.17 W, 100 %, 17599 MiB
2026/08/05 19:45:40.176, 2, 89.36 W, 100 %, 17599 MiB
2026/08/05 19:45:40.176, 3, 89.69 W, 100 %, 17599 MiB
2026/08/05 19:45:40.176, 4, 90.06 W, 100 %, 17599 MiB
2026/08/05 19:45:40.176, 5, 91.51 W, 100 %, 17599 MiB
2026/08/05 19:45:40.176, 6, 90.02 W, 100 %, 17599 MiB
2026/08/05 19:45:40.176, 7, 94.74 W, 100 %, 17607 MiB
2026/08/05 19:45:40.376, 0, 88.99 W, 100 %, 17529 MiB
2026/08/05 19:45:40.376, 1, 88.17 W, 100 %, 17599 MiB
2026/08/05 19:45:40.376, 2, 89.45 W, 100 %, 17599 MiB
2026/08/05 19:45:40.376, 3, 89.69 W, 100 %, 17599 MiB
2026/08/05 19:45:40.377, 4, 90.06 W, 100 %, 17599 MiB
2026/08/05 19:45:40.377, 5, 91.51 W, 100 %, 17599 MiB
2026/08/05 19:45:40.377, 6, 90.02 W, 100 %, 17599 MiB
2026/08/05 19:45:40.377, 7, 94.74 W, 100 %, 17607 MiB
2026/08/05 19:45:40.577, 0, 89.08 W, 100 %, 17529 MiB
2026/08/05 19:45:40.577, 1, 88.17 W, 100 %, 17599 MiB
2026/08/05 19:45:40.577, 2, 89.45 W, 100 %, 17599 MiB
2026/08/05 19:45:40.577, 3, 89.69 W, 100 %, 17599 MiB
2026/08/05 19:45:40.577, 4, 89.78 W, 100 %, 17599 MiB
2026/08/05 19:45:40.577, 5, 91.51 W, 100 %, 17599 MiB
2026/08/05 19:45:40.577, 6, 90.02 W, 100 %, 17599 MiB
2026/08/05 19:45:40.577, 7, 94.74 W, 100 %, 17607 MiB
2026/08/05 19:45:40.778, 0, 89.08 W, 100 %, 17529 MiB
2026/08/05 19:45:40.778, 1, 88.17 W, 100 %, 17599 MiB
2026/08/05 19:45:40.778, 2, 89.45 W, 100 %, 17599 MiB
2026/08/05 19:45:40.778, 3, 89.69 W, 100 %, 17599 MiB
2026/08/05 19:45:40.778, 4, 90.06 W, 100 %, 17599 MiB
2026/08/05 19:45:40.778, 5, 91.51 W, 100 %, 17599 MiB
2026/08/05 19:45:40.778, 6, 90.02 W, 100 %, 17599 MiB
2026/08/05 19:45:40.778, 7, 94.74 W, 100 %, 17607 MiB
2026/08/05 19:45:40.978, 0, 89.08 W, 100 %, 17529 MiB
2026/08/05 19:45:40.978, 1, 88.17 W, 100 %, 17599 MiB
2026/08/05 19:45:40.979, 2, 89.45 W, 100 %, 17599 MiB
2026/08/05 19:45:40.979, 3, 89.69 W, 100 %, 17599 MiB
2026/08/05 19:45:40.979, 4, 90.06 W, 100 %, 17599 MiB
2026/08/05 19:45:40.979, 5, 91.51 W, 100 %, 17599 MiB
2026/08/05 19:45:40.979, 6, 90.02 W, 100 %, 17599 MiB
2026/08/05 19:45:40.979, 7, 94.74 W, 100 %, 17607 MiB
2026/08/05 19:45:41.179, 0, 89.08 W, 100 %, 17529 MiB
2026/08/05 19:45:41.180, 1, 88.17 W, 100 %, 17599 MiB
2026/08/05 19:45:41.182, 2, 89.45 W, 100 %, 17599 MiB
2026/08/05 19:45:41.182, 3, 89.69 W, 100 %, 17599 MiB
2026/08/05 19:45:41.182, 4, 90.06 W, 100 %, 17599 MiB
2026/08/05 19:45:41.185, 5, 91.51 W, 100 %, 17599 MiB
2026/08/05 19:45:41.187, 6, 90.02 W, 100 %, 17599 MiB
2026/08/05 19:45:41.187, 7, 94.74 W, 100 %, 17607 MiB
2026/08/05 19:45:41.388, 0, 89.08 W, 100 %, 17529 MiB
2026/08/05 19:45:41.388, 1, 88.17 W, 100 %, 17599 MiB
2026/08/05 19:45:41.388, 2, 89.45 W, 100 %, 17599 MiB
2026/08/05 19:45:41.388, 3, 89.69 W, 100 %, 17599 MiB
2026/08/05 19:45:41.389, 4, 90.06 W, 100 %, 17599 MiB
2026/08/05 19:45:41.389, 5, 91.51 W, 100 %, 17599 MiB
2026/08/05 19:45:41.389, 6, 90.02 W, 100 %, 17599 MiB
2026/08/05 19:45:41.389, 7, 94.74 W, 100 %, 17607 MiB
2026/08/05 19:45:41.589, 0, 89.08 W, 100 %, 17529 MiB
2026/08/05 19:45:41.609, 1, 88.17 W, 100 %, 17599 MiB
2026/08/05 19:45:41.610, 2, 89.45 W, 100 %, 17599 MiB
2026/08/05 19:45:41.610, 3, 89.69 W, 100 %, 17599 MiB
2026/08/05 19:45:41.610, 4, 90.06 W, 100 %, 17599 MiB
2026/08/05 19:45:41.610, 5, 91.84 W, 100 %, 17599 MiB
2026/08/05 19:45:41.610, 6, 90.02 W, 100 %, 17599 MiB
2026/08/05 19:45:41.610, 7, 94.74 W, 100 %, 17607 MiB
2026/08/05 19:45:41.810, 0, 89.08 W, 100 %, 17529 MiB
2026/08/05 19:45:41.812, 1, 88.17 W, 100 %, 17599 MiB
2026/08/05 19:45:41.815, 2, 89.45 W, 100 %, 17599 MiB
2026/08/05 19:45:41.815, 3, 89.69 W, 100 %, 17599 MiB
2026/08/05 19:45:41.816, 4, 90.06 W, 100 %, 17599 MiB
2026/08/05 19:45:41.816, 5, 91.51 W, 100 %, 17599 MiB
2026/08/05 19:45:41.819, 6, 90.02 W, 100 %, 17599 MiB
2026/08/05 19:45:41.819, 7, 94.74 W, 100 %, 17607 MiB
2026/08/05 19:45:42.019, 0, 89.08 W, 100 %, 17529 MiB
2026/08/05 19:45:42.019, 1, 88.17 W, 100 %, 17599 MiB
2026/08/05 19:45:42.019, 2, 89.45 W, 100 %, 17599 MiB
2026/08/05 19:45:42.019, 3, 89.69 W, 100 %, 17599 MiB
2026/08/05 19:45:42.020, 4, 90.06 W, 100 %, 17599 MiB
2026/08/05 19:45:42.020, 5, 91.51 W, 100 %, 17599 MiB
2026/08/05 19:45:42.020, 6, 90.02 W, 100 %, 17599 MiB
2026/08/05 19:45:42.020, 7, 94.74 W, 100 %, 17607 MiB
2026/08/05 19:45:42.220, 0, 89.08 W, 100 %, 17529 MiB
2026/08/05 19:45:42.220, 1, 88.17 W, 100 %, 17599 MiB
2026/08/05 19:45:42.220, 2, 89.45 W, 100 %, 17599 MiB
2026/08/05 19:45:42.220, 3, 89.69 W, 100 %, 17599 MiB
2026/08/05 19:45:42.220, 4, 90.06 W, 100 %, 17599 MiB
2026/08/05 19:45:42.220, 5, 91.51 W, 100 %, 17599 MiB
2026/08/05 19:45:42.221, 6, 90.02 W, 100 %, 17599 MiB
2026/08/05 19:45:42.221, 7, 94.74 W, 100 %, 17607 MiB
2026/08/05 19:45:42.421, 0, 89.08 W, 100 %, 17529 MiB
2026/08/05 19:45:42.421, 1, 87.88 W, 100 %, 17599 MiB
2026/08/05 19:45:42.421, 2, 89.45 W, 100 %, 17599 MiB
2026/08/05 19:45:42.421, 3, 89.69 W, 100 %, 17599 MiB
2026/08/05 19:45:42.421, 4, 90.06 W, 100 %, 17599 MiB
2026/08/05 19:45:42.421, 5, 91.51 W, 100 %, 17599 MiB
2026/08/05 19:45:42.421, 6, 90.02 W, 100 %, 17599 MiB
2026/08/05 19:45:42.421, 7, 94.74 W, 100 %, 17607 MiB
2026/08/05 19:45:42.621, 0, 89.08 W, 100 %, 17529 MiB
2026/08/05 19:45:42.622, 1, 88.17 W, 100 %, 17599 MiB
2026/08/05 19:45:42.622, 2, 89.78 W, 100 %, 17599 MiB
2026/08/05 19:45:42.622, 3, 89.69 W, 100 %, 17599 MiB
2026/08/05 19:45:42.622, 4, 90.06 W, 100 %, 17599 MiB
2026/08/05 19:45:42.622, 5, 91.51 W, 100 %, 17599 MiB
2026/08/05 19:45:42.622, 6, 90.02 W, 100 %, 17599 MiB
2026/08/05 19:45:42.622, 7, 94.74 W, 100 %, 17607 MiB
2026/08/05 19:45:42.822, 0, 89.08 W, 100 %, 17529 MiB
2026/08/05 19:45:42.822, 1, 87.88 W, 100 %, 17599 MiB
2026/08/05 19:45:42.822, 2, 89.45 W, 100 %, 17599 MiB
2026/08/05 19:45:42.823, 3, 89.69 W, 100 %, 17599 MiB
2026/08/05 19:45:42.823, 4, 90.06 W, 100 %, 17599 MiB
2026/08/05 19:45:42.823, 5, 91.51 W, 100 %, 17599 MiB
2026/08/05 19:45:42.823, 6, 90.02 W, 100 %, 17599 MiB
2026/08/05 19:45:42.823, 7, 94.74 W, 100 %, 17607 MiB
2026/08/05 19:45:43.023, 0, 89.08 W, 100 %, 17529 MiB
2026/08/05 19:45:43.023, 1, 88.17 W, 100 %, 17599 MiB
2026/08/05 19:45:43.023, 2, 89.45 W, 100 %, 17599 MiB
2026/08/05 19:45:43.023, 3, 89.69 W, 100 %, 17599 MiB
2026/08/05 19:45:43.023, 4, 90.06 W, 100 %, 17599 MiB
2026/08/05 19:45:43.024, 5, 91.51 W, 100 %, 17599 MiB
2026/08/05 19:45:43.024, 6, 90.02 W, 100 %, 17599 MiB
2026/08/05 19:45:43.024, 7, 94.74 W, 100 %, 17607 MiB
2026/08/05 19:45:43.224, 0, 89.08 W, 100 %, 17529 MiB
2026/08/05 19:45:43.224, 1, 88.17 W, 100 %, 17599 MiB
2026/08/05 19:45:43.224, 2, 89.45 W, 100 %, 17599 MiB
2026/08/05 19:45:43.224, 3, 89.69 W, 100 %, 17599 MiB
2026/08/05 19:45:43.224, 4, 90.06 W, 100 %, 17599 MiB
2026/08/05 19:45:43.224, 5, 91.51 W, 100 %, 17599 MiB
2026/08/05 19:45:43.224, 6, 90.02 W, 100 %, 17599 MiB
2026/08/05 19:45:43.224, 7, 94.74 W, 100 %, 17607 MiB
2026/08/05 19:45:43.424, 0, 89.08 W, 100 %, 17529 MiB
2026/08/05 19:45:43.425, 1, 88.17 W, 100 %, 17599 MiB
2026/08/05 19:45:43.429, 2, 89.45 W, 100 %, 17599 MiB
2026/08/05 19:45:43.429, 3, 89.69 W, 100 %, 17599 MiB
2026/08/05 19:45:43.429, 4, 90.06 W, 100 %, 17599 MiB
2026/08/05 19:45:43.429, 5, 91.51 W, 100 %, 17599 MiB
2026/08/05 19:45:43.429, 6, 90.02 W, 100 %, 17599 MiB
2026/08/05 19:45:43.429, 7, 94.74 W, 100 %, 17607 MiB
2026/08/05 19:45:43.633, 0, 89.08 W, 100 %, 17529 MiB
2026/08/05 19:45:43.633, 1, 88.17 W, 100 %, 17599 MiB
2026/08/05 19:45:43.633, 2, 89.45 W, 100 %, 17599 MiB
2026/08/05 19:45:43.633, 3, 89.69 W, 100 %, 17599 MiB
2026/08/05 19:45:43.633, 4, 90.06 W, 100 %, 17599 MiB
2026/08/05 19:45:43.633, 5, 91.51 W, 100 %, 17599 MiB
2026/08/05 19:45:43.633, 6, 90.02 W, 100 %, 17599 MiB
2026/08/05 19:45:43.633, 7, 94.74 W, 100 %, 17607 MiB
2026/08/05 19:45:43.833, 0, 89.08 W, 100 %, 17529 MiB
2026/08/05 19:45:43.833, 1, 88.17 W, 100 %, 17599 MiB
2026/08/05 19:45:43.833, 2, 89.45 W, 100 %, 17599 MiB
2026/08/05 19:45:43.834, 3, 89.69 W, 100 %, 17599 MiB
2026/08/05 19:45:43.834, 4, 90.06 W, 100 %, 17599 MiB
2026/08/05 19:45:43.834, 5, 91.51 W, 100 %, 17599 MiB
2026/08/05 19:45:43.835, 6, 90.02 W, 100 %, 17599 MiB
2026/08/05 19:45:43.835, 7, 94.74 W, 100 %, 17607 MiB
2026/08/05 19:45:44.035, 0, 89.08 W, 100 %, 17529 MiB
2026/08/05 19:45:44.035, 1, 87.88 W, 100 %, 17599 MiB
2026/08/05 19:45:44.035, 2, 89.45 W, 100 %, 17599 MiB
2026/08/05 19:45:44.035, 3, 89.69 W, 100 %, 17599 MiB
2026/08/05 19:45:44.035, 4, 90.06 W, 100 %, 17599 MiB
2026/08/05 19:45:44.036, 5, 91.51 W, 100 %, 17599 MiB
2026/08/05 19:45:44.036, 6, 90.02 W, 100 %, 17599 MiB
2026/08/05 19:45:44.036, 7, 94.74 W, 100 %, 17607 MiB
2026/08/05 19:45:44.236, 0, 89.08 W, 100 %, 17529 MiB
2026/08/05 19:45:44.236, 1, 87.88 W, 100 %, 17599 MiB
2026/08/05 19:45:44.236, 2, 89.45 W, 100 %, 17599 MiB
2026/08/05 19:45:44.236, 3, 89.69 W, 100 %, 17599 MiB
2026/08/05 19:45:44.236, 4, 90.06 W, 100 %, 17599 MiB
2026/08/05 19:45:44.236, 5, 91.51 W, 100 %, 17599 MiB
2026/08/05 19:45:44.236, 6, 90.02 W, 100 %, 17599 MiB
2026/08/05 19:45:44.236, 7, 94.74 W, 100 %, 17607 MiB
2026/08/05 19:45:44.436, 0, 89.08 W, 100 %, 17529 MiB
2026/08/05 19:45:44.437, 1, 88.17 W, 100 %, 17599 MiB
2026/08/05 19:45:44.437, 2, 89.45 W, 100 %, 17599 MiB
2026/08/05 19:45:44.438, 3, 89.69 W, 100 %, 17599 MiB
2026/08/05 19:45:44.439, 4, 90.06 W, 100 %, 17599 MiB
2026/08/05 19:45:44.440, 5, 91.51 W, 100 %, 17599 MiB
2026/08/05 19:45:44.440, 6, 90.02 W, 100 %, 17599 MiB
2026/08/05 19:45:44.440, 7, 94.74 W, 100 %, 17607 MiB
2026/08/05 19:45:44.641, 0, 89.08 W, 100 %, 17529 MiB
2026/08/05 19:45:44.641, 1, 88.17 W, 100 %, 17599 MiB
2026/08/05 19:45:44.641, 2, 89.45 W, 100 %, 17599 MiB
2026/08/05 19:45:44.641, 3, 89.69 W, 100 %, 17599 MiB
2026/08/05 19:45:44.641, 4, 90.06 W, 100 %, 17599 MiB
2026/08/05 19:45:44.641, 5, 91.51 W, 100 %, 17599 MiB
2026/08/05 19:45:44.641, 6, 90.02 W, 100 %, 17599 MiB
2026/08/05 19:45:44.641, 7, 94.74 W, 100 %, 17607 MiB
2026/08/05 19:45:44.841, 0, 89.08 W, 100 %, 17529 MiB
2026/08/05 19:45:44.842, 1, 88.17 W, 100 %, 17599 MiB
2026/08/05 19:45:44.842, 2, 89.45 W, 100 %, 17599 MiB
2026/08/05 19:45:44.842, 3, 89.69 W, 100 %, 17599 MiB
2026/08/05 19:45:44.842, 4, 90.06 W, 100 %, 17599 MiB
2026/08/05 19:45:44.842, 5, 91.51 W, 100 %, 17599 MiB
2026/08/05 19:45:44.842, 6, 90.02 W, 100 %, 17599 MiB
2026/08/05 19:45:44.842, 7, 94.74 W, 100 %, 17607 MiB
2026/08/05 19:45:45.042, 0, 89.08 W, 100 %, 17529 MiB
2026/08/05 19:45:45.043, 1, 88.17 W, 100 %, 17599 MiB
2026/08/05 19:45:45.043, 2, 89.45 W, 100 %, 17599 MiB
2026/08/05 19:45:45.043, 3, 89.69 W, 100 %, 17599 MiB
2026/08/05 19:45:45.045, 4, 90.06 W, 100 %, 17599 MiB
2026/08/05 19:45:45.046, 5, 91.51 W, 100 %, 17599 MiB
2026/08/05 19:45:45.046, 6, 90.02 W, 100 %, 17599 MiB
2026/08/05 19:45:45.046, 7, 94.74 W, 100 %, 17607 MiB
2026/08/05 19:45:45.246, 0, 89.08 W, 100 %, 17529 MiB
2026/08/05 19:45:45.246, 1, 88.17 W, 100 %, 17599 MiB
2026/08/05 19:45:45.246, 2, 89.45 W, 100 %, 17599 MiB
2026/08/05 19:45:45.246, 3, 89.69 W, 100 %, 17599 MiB
2026/08/05 19:45:45.246, 4, 90.06 W, 100 %, 17599 MiB
2026/08/05 19:45:45.246, 5, 91.51 W, 100 %, 17599 MiB
2026/08/05 19:45:45.246, 6, 90.02 W, 100 %, 17599 MiB
2026/08/05 19:45:45.246, 7, 94.74 W, 100 %, 17607 MiB
2026/08/05 19:45:45.446, 0, 89.08 W, 100 %, 17529 MiB
2026/08/05 19:45:45.447, 1, 88.17 W, 100 %, 17599 MiB
2026/08/05 19:45:45.447, 2, 89.78 W, 100 %, 17599 MiB
2026/08/05 19:45:45.447, 3, 89.69 W, 100 %, 17599 MiB
2026/08/05 19:45:45.447, 4, 90.06 W, 100 %, 17599 MiB
2026/08/05 19:45:45.447, 5, 91.51 W, 100 %, 17599 MiB
2026/08/05 19:45:45.447, 6, 90.02 W, 100 %, 17599 MiB
2026/08/05 19:45:45.447, 7, 94.74 W, 100 %, 17607 MiB
2026/08/05 19:45:45.647, 0, 89.08 W, 100 %, 17529 MiB
2026/08/05 19:45:45.647, 1, 88.17 W, 100 %, 17599 MiB
2026/08/05 19:45:45.647, 2, 89.45 W, 100 %, 17599 MiB
2026/08/05 19:45:45.648, 3, 89.69 W, 100 %, 17599 MiB
2026/08/05 19:45:45.648, 4, 90.06 W, 100 %, 17599 MiB
2026/08/05 19:45:45.648, 5, 91.51 W, 100 %, 17599 MiB
2026/08/05 19:45:45.648, 6, 90.02 W, 100 %, 17599 MiB
2026/08/05 19:45:45.648, 7, 94.74 W, 100 %, 17607 MiB
2026/08/05 19:45:45.848, 0, 89.08 W, 100 %, 17529 MiB
2026/08/05 19:45:45.848, 1, 88.17 W, 100 %, 17599 MiB
2026/08/05 19:45:45.848, 2, 89.45 W, 100 %, 17599 MiB
2026/08/05 19:45:45.848, 3, 89.69 W, 100 %, 17599 MiB
2026/08/05 19:45:45.848, 4, 90.06 W, 100 %, 17599 MiB
2026/08/05 19:45:45.848, 5, 91.51 W, 100 %, 17599 MiB
2026/08/05 19:45:45.849, 6, 90.02 W, 100 %, 17599 MiB
2026/08/05 19:45:45.849, 7, 94.74 W, 100 %, 17607 MiB
2026/08/05 19:45:46.049, 0, 89.08 W, 100 %, 17529 MiB
2026/08/05 19:45:46.049, 1, 87.88 W, 100 %, 17599 MiB
2026/08/05 19:45:46.050, 2, 89.45 W, 100 %, 17599 MiB
2026/08/05 19:45:46.050, 3, 89.69 W, 100 %, 17599 MiB
2026/08/05 19:45:46.051, 4, 90.06 W, 100 %, 17599 MiB
2026/08/05 19:45:46.051, 5, 91.51 W, 100 %, 17599 MiB
2026/08/05 19:45:46.051, 6, 90.02 W, 100 %, 17599 MiB
2026/08/05 19:45:46.051, 7, 94.74 W, 100 %, 17607 MiB
2026/08/05 19:45:46.251, 0, 89.08 W, 100 %, 17529 MiB
2026/08/05 19:45:46.251, 1, 88.17 W, 100 %, 17599 MiB
2026/08/05 19:45:46.251, 2, 89.78 W, 100 %, 17599 MiB
2026/08/05 19:45:46.251, 3, 89.69 W, 100 %, 17599 MiB
2026/08/05 19:45:46.251, 4, 90.06 W, 100 %, 17599 MiB
2026/08/05 19:45:46.252, 5, 91.51 W, 100 %, 17599 MiB
2026/08/05 19:45:46.252, 6, 90.02 W, 100 %, 17599 MiB
2026/08/05 19:45:46.252, 7, 94.74 W, 100 %, 17607 MiB
2026/08/05 19:45:46.452, 0, 89.08 W, 100 %, 17529 MiB
2026/08/05 19:45:46.452, 1, 88.17 W, 100 %, 17599 MiB
2026/08/05 19:45:46.452, 2, 89.45 W, 100 %, 17599 MiB
2026/08/05 19:45:46.452, 3, 89.69 W, 100 %, 17599 MiB
2026/08/05 19:45:46.452, 4, 90.06 W, 100 %, 17599 MiB
2026/08/05 19:45:46.452, 5, 91.51 W, 100 %, 17599 MiB
2026/08/05 19:45:46.452, 6, 90.02 W, 100 %, 17599 MiB
2026/08/05 19:45:46.452, 7, 94.74 W, 100 %, 17607 MiB
2026/08/05 19:45:46.652, 0, 89.08 W, 100 %, 17529 MiB
2026/08/05 19:45:46.653, 1, 87.88 W, 100 %, 17599 MiB
2026/08/05 19:45:46.653, 2, 89.45 W, 100 %, 17599 MiB
2026/08/05 19:45:46.653, 3, 89.96 W, 100 %, 17599 MiB
2026/08/05 19:45:46.653, 4, 90.06 W, 100 %, 17599 MiB
2026/08/05 19:45:46.653, 5, 91.51 W, 100 %, 17599 MiB
2026/08/05 19:45:46.653, 6, 90.02 W, 100 %, 17599 MiB
2026/08/05 19:45:46.653, 7, 94.74 W, 100 %, 17607 MiB
2026/08/05 19:45:46.853, 0, 89.08 W, 100 %, 17529 MiB
2026/08/05 19:45:46.854, 1, 87.88 W, 100 %, 17599 MiB
2026/08/05 19:45:46.854, 2, 89.78 W, 100 %, 17599 MiB
2026/08/05 19:45:46.854, 3, 89.69 W, 100 %, 17599 MiB
2026/08/05 19:45:46.854, 4, 90.06 W, 100 %, 17599 MiB
2026/08/05 19:45:46.854, 5, 91.51 W, 100 %, 17599 MiB
2026/08/05 19:45:46.854, 6, 90.02 W, 100 %, 17599 MiB
2026/08/05 19:45:46.854, 7, 94.74 W, 100 %, 17607 MiB
2026/08/05 19:45:47.054, 0, 89.08 W, 100 %, 17529 MiB
2026/08/05 19:45:47.054, 1, 88.17 W, 100 %, 17599 MiB
2026/08/05 19:45:47.054, 2, 89.45 W, 100 %, 17599 MiB
2026/08/05 19:45:47.054, 3, 89.69 W, 100 %, 17599 MiB
2026/08/05 19:45:47.054, 4, 90.06 W, 100 %, 17599 MiB
2026/08/05 19:45:47.054, 5, 91.51 W, 100 %, 17599 MiB
2026/08/05 19:45:47.054, 6, 90.02 W, 100 %, 17599 MiB
2026/08/05 19:45:47.054, 7, 94.74 W, 100 %, 17607 MiB
2026/08/05 19:45:47.254, 0, 89.08 W, 100 %, 17529 MiB
2026/08/05 19:45:47.255, 1, 88.17 W, 100 %, 17599 MiB
2026/08/05 19:45:47.255, 2, 89.45 W, 100 %, 17599 MiB
2026/08/05 19:45:47.255, 3, 89.69 W, 100 %, 17599 MiB
2026/08/05 19:45:47.255, 4, 90.06 W, 100 %, 17599 MiB
2026/08/05 19:45:47.256, 5, 91.51 W, 100 %, 17599 MiB
2026/08/05 19:45:47.256, 6, 90.02 W, 100 %, 17599 MiB
2026/08/05 19:45:47.258, 7, 94.74 W, 100 %, 17607 MiB
2026/08/05 19:45:47.459, 0, 89.08 W, 100 %, 17529 MiB
2026/08/05 19:45:47.459, 1, 88.17 W, 100 %, 17599 MiB
2026/08/05 19:45:47.459, 2, 89.45 W, 100 %, 17599 MiB
2026/08/05 19:45:47.459, 3, 89.69 W, 100 %, 17599 MiB
2026/08/05 19:45:47.459, 4, 90.06 W, 100 %, 17599 MiB
2026/08/05 19:45:47.459, 5, 91.51 W, 100 %, 17599 MiB
2026/08/05 19:45:47.459, 6, 90.02 W, 100 %, 17599 MiB
2026/08/05 19:45:47.460, 7, 94.74 W, 100 %, 17607 MiB
2026/08/05 19:45:47.660, 0, 89.08 W, 100 %, 17529 MiB
2026/08/05 19:45:47.660, 1, 88.17 W, 100 %, 17599 MiB
2026/08/05 19:45:47.660, 2, 89.45 W, 100 %, 17599 MiB
2026/08/05 19:45:47.660, 3, 89.69 W, 100 %, 17599 MiB
2026/08/05 19:45:47.660, 4, 90.06 W, 100 %, 17599 MiB
2026/08/05 19:45:47.660, 5, 91.51 W, 100 %, 17599 MiB
2026/08/05 19:45:47.660, 6, 90.02 W, 100 %, 17599 MiB
2026/08/05 19:45:47.660, 7, 94.74 W, 100 %, 17607 MiB
2026/08/05 19:45:47.860, 0, 89.08 W, 100 %, 17529 MiB
2026/08/05 19:45:47.861, 1, 88.17 W, 100 %, 17599 MiB
2026/08/05 19:45:47.861, 2, 89.45 W, 100 %, 17599 MiB
2026/08/05 19:45:47.862, 3, 89.69 W, 100 %, 17599 MiB
2026/08/05 19:45:47.862, 4, 90.06 W, 100 %, 17599 MiB
2026/08/05 19:45:47.862, 5, 91.84 W, 100 %, 17599 MiB
2026/08/05 19:45:47.862, 6, 90.02 W, 100 %, 17599 MiB
2026/08/05 19:45:47.862, 7, 94.74 W, 100 %, 17607 MiB
2026/08/05 19:45:48.062, 0, 89.08 W, 100 %, 17529 MiB
2026/08/05 19:45:48.062, 1, 88.17 W, 100 %, 17599 MiB
2026/08/05 19:45:48.062, 2, 89.78 W, 100 %, 17599 MiB
2026/08/05 19:45:48.062, 3, 89.69 W, 100 %, 17599 MiB
2026/08/05 19:45:48.062, 4, 90.06 W, 100 %, 17599 MiB
2026/08/05 19:45:48.062, 5, 91.51 W, 100 %, 17599 MiB
2026/08/05 19:45:48.062, 6, 90.02 W, 100 %, 17599 MiB
2026/08/05 19:45:48.062, 7, 94.74 W, 100 %, 17607 MiB
2026/08/05 19:45:48.263, 0, 89.08 W, 100 %, 17529 MiB
2026/08/05 19:45:48.272, 1, 88.17 W, 100 %, 17599 MiB
2026/08/05 19:45:48.272, 2, 89.45 W, 100 %, 17599 MiB
2026/08/05 19:45:48.272, 3, 89.69 W, 100 %, 17599 MiB
2026/08/05 19:45:48.272, 4, 90.06 W, 100 %, 17599 MiB
2026/08/05 19:45:48.272, 5, 91.51 W, 100 %, 17599 MiB
2026/08/05 19:45:48.272, 6, 90.02 W, 100 %, 17599 MiB
2026/08/05 19:45:48.272, 7, 94.74 W, 100 %, 17607 MiB
2026/08/05 19:45:48.472, 0, 89.08 W, 100 %, 17529 MiB
2026/08/05 19:45:48.472, 1, 87.88 W, 100 %, 17599 MiB
2026/08/05 19:45:48.472, 2, 89.78 W, 100 %, 17599 MiB
2026/08/05 19:45:48.472, 3, 89.69 W, 100 %, 17599 MiB
2026/08/05 19:45:48.472, 4, 90.06 W, 100 %, 17599 MiB
2026/08/05 19:45:48.473, 5, 91.84 W, 100 %, 17599 MiB
2026/08/05 19:45:48.473, 6, 90.02 W, 100 %, 17599 MiB
2026/08/05 19:45:48.473, 7, 94.74 W, 100 %, 17607 MiB
2026/08/05 19:45:48.673, 0, 89.08 W, 100 %, 17529 MiB
2026/08/05 19:45:48.673, 1, 87.88 W, 100 %, 17599 MiB
2026/08/05 19:45:48.673, 2, 89.78 W, 100 %, 17599 MiB
2026/08/05 19:45:48.673, 3, 89.96 W, 100 %, 17599 MiB
2026/08/05 19:45:48.673, 4, 90.06 W, 100 %, 17599 MiB
2026/08/05 19:45:48.673, 5, 91.51 W, 100 %, 17599 MiB
2026/08/05 19:45:48.673, 6, 90.02 W, 100 %, 17599 MiB
2026/08/05 19:45:48.673, 7, 94.74 W, 100 %, 17607 MiB
2026/08/05 19:45:48.873, 0, 89.08 W, 100 %, 17529 MiB
2026/08/05 19:45:48.874, 1, 88.17 W, 100 %, 17599 MiB
2026/08/05 19:45:48.874, 2, 89.78 W, 100 %, 17599 MiB
2026/08/05 19:45:48.875, 3, 89.69 W, 100 %, 17599 MiB
2026/08/05 19:45:48.875, 4, 90.06 W, 100 %, 17599 MiB
2026/08/05 19:45:48.875, 5, 91.84 W, 100 %, 17599 MiB
2026/08/05 19:45:48.875, 6, 90.02 W, 100 %, 17599 MiB
2026/08/05 19:45:48.875, 7, 94.74 W, 100 %, 17607 MiB
2026/08/05 19:45:49.076, 0, 89.08 W, 100 %, 17529 MiB
2026/08/05 19:45:49.076, 1, 88.17 W, 100 %, 17599 MiB
2026/08/05 19:45:49.076, 2, 89.78 W, 100 %, 17599 MiB
2026/08/05 19:45:49.076, 3, 89.69 W, 100 %, 17599 MiB
2026/08/05 19:45:49.076, 4, 90.06 W, 100 %, 17599 MiB
2026/08/05 19:45:49.076, 5, 91.84 W, 100 %, 17599 MiB
2026/08/05 19:45:49.076, 6, 90.02 W, 100 %, 17599 MiB
2026/08/05 19:45:49.076, 7, 94.74 W, 100 %, 17607 MiB
2026/08/05 19:45:49.276, 0, 89.08 W, 100 %, 17529 MiB
2026/08/05 19:45:49.276, 1, 88.17 W, 100 %, 17599 MiB
2026/08/05 19:45:49.276, 2, 89.45 W, 100 %, 17599 MiB
2026/08/05 19:45:49.276, 3, 89.69 W, 100 %, 17599 MiB
2026/08/05 19:45:49.276, 4, 90.06 W, 100 %, 17599 MiB
2026/08/05 19:45:49.276, 5, 91.84 W, 100 %, 17599 MiB
2026/08/05 19:45:49.277, 6, 90.02 W, 100 %, 17599 MiB
2026/08/05 19:45:49.277, 7, 94.74 W, 100 %, 17607 MiB
2026/08/05 19:45:49.477, 0, 89.08 W, 100 %, 17529 MiB
2026/08/05 19:45:49.478, 1, 88.17 W, 100 %, 17599 MiB
2026/08/05 19:45:49.478, 2, 89.45 W, 100 %, 17599 MiB
2026/08/05 19:45:49.478, 3, 89.69 W, 100 %, 17599 MiB
2026/08/05 19:45:49.478, 4, 90.06 W, 100 %, 17599 MiB
2026/08/05 19:45:49.478, 5, 91.84 W, 100 %, 17599 MiB
2026/08/05 19:45:49.478, 6, 90.02 W, 100 %, 17599 MiB
2026/08/05 19:45:49.478, 7, 94.74 W, 100 %, 17607 MiB
2026/08/05 19:45:49.678, 0, 89.08 W, 100 %, 17529 MiB
2026/08/05 19:45:49.679, 1, 88.17 W, 100 %, 17599 MiB
2026/08/05 19:45:49.679, 2, 89.45 W, 100 %, 17599 MiB
2026/08/05 19:45:49.679, 3, 89.96 W, 100 %, 17599 MiB
2026/08/05 19:45:49.679, 4, 90.06 W, 100 %, 17599 MiB
2026/08/05 19:45:49.679, 5, 91.84 W, 100 %, 17599 MiB
2026/08/05 19:45:49.679, 6, 90.02 W, 100 %, 17599 MiB
2026/08/05 19:45:49.679, 7, 94.74 W, 100 %, 17607 MiB
2026/08/05 19:45:49.879, 0, 89.08 W, 100 %, 17529 MiB
2026/08/05 19:45:49.879, 1, 88.17 W, 100 %, 17599 MiB
2026/08/05 19:45:49.879, 2, 89.78 W, 100 %, 17599 MiB
2026/08/05 19:45:49.879, 3, 89.69 W, 100 %, 17599 MiB
2026/08/05 19:45:49.879, 4, 90.06 W, 100 %, 17599 MiB
2026/08/05 19:45:49.879, 5, 91.51 W, 100 %, 17599 MiB
2026/08/05 19:45:49.880, 6, 90.02 W, 100 %, 17599 MiB
2026/08/05 19:45:49.880, 7, 94.74 W, 100 %, 17607 MiB
2026/08/05 19:45:50.080, 0, 89.08 W, 100 %, 17529 MiB
2026/08/05 19:45:50.080, 1, 88.17 W, 100 %, 17599 MiB
2026/08/05 19:45:50.080, 2, 89.45 W, 100 %, 17599 MiB
2026/08/05 19:45:50.080, 3, 89.69 W, 100 %, 17599 MiB
2026/08/05 19:45:50.080, 4, 90.06 W, 100 %, 17599 MiB
2026/08/05 19:45:50.080, 5, 91.84 W, 100 %, 17599 MiB
2026/08/05 19:45:50.080, 6, 90.02 W, 100 %, 17599 MiB
2026/08/05 19:45:50.080, 7, 94.74 W, 100 %, 17607 MiB
2026/08/05 19:45:50.280, 0, 89.08 W, 100 %, 17529 MiB
2026/08/05 19:45:50.281, 1, 87.88 W, 100 %, 17599 MiB
2026/08/05 19:45:50.281, 2, 89.78 W, 100 %, 17599 MiB
2026/08/05 19:45:50.281, 3, 89.96 W, 100 %, 17599 MiB
2026/08/05 19:45:50.281, 4, 90.06 W, 100 %, 17599 MiB
2026/08/05 19:45:50.281, 5, 91.84 W, 100 %, 17599 MiB
2026/08/05 19:45:50.281, 6, 90.02 W, 100 %, 17599 MiB
2026/08/05 19:45:50.281, 7, 94.74 W, 100 %, 17607 MiB
2026/08/05 19:45:50.481, 0, 89.08 W, 100 %, 17529 MiB
2026/08/05 19:45:50.482, 1, 88.17 W, 100 %, 17599 MiB
2026/08/05 19:45:50.482, 2, 89.78 W, 100 %, 17599 MiB
2026/08/05 19:45:50.483, 3, 89.69 W, 100 %, 17599 MiB
2026/08/05 19:45:50.484, 4, 90.06 W, 100 %, 17599 MiB
2026/08/05 19:45:50.484, 5, 91.51 W, 100 %, 17599 MiB
2026/08/05 19:45:50.484, 6, 90.02 W, 100 %, 17599 MiB
2026/08/05 19:45:50.484, 7, 94.74 W, 100 %, 17607 MiB
2026/08/05 19:45:50.684, 0, 89.08 W, 100 %, 17529 MiB
2026/08/05 19:45:50.684, 1, 88.17 W, 100 %, 17599 MiB
2026/08/05 19:45:50.684, 2, 89.45 W, 100 %, 17599 MiB
2026/08/05 19:45:50.684, 3, 89.69 W, 100 %, 17599 MiB
2026/08/05 19:45:50.684, 4, 90.06 W, 100 %, 17599 MiB
2026/08/05 19:45:50.684, 5, 91.84 W, 100 %, 17599 MiB
2026/08/05 19:45:50.684, 6, 90.02 W, 100 %, 17599 MiB
2026/08/05 19:45:50.685, 7, 94.74 W, 100 %, 17607 MiB
2026/08/05 19:45:50.885, 0, 89.08 W, 100 %, 17529 MiB
2026/08/05 19:45:50.898, 1, 88.17 W, 100 %, 17599 MiB
2026/08/05 19:45:50.898, 2, 89.78 W, 100 %, 17599 MiB
2026/08/05 19:45:50.898, 3, 89.69 W, 100 %, 17599 MiB
2026/08/05 19:45:50.898, 4, 90.06 W, 100 %, 17599 MiB
2026/08/05 19:45:50.898, 5, 91.84 W, 100 %, 17599 MiB
2026/08/05 19:45:50.898, 6, 90.02 W, 100 %, 17599 MiB
2026/08/05 19:45:50.898, 7, 94.74 W, 100 %, 17607 MiB
2026/08/05 19:45:51.098, 0, 89.08 W, 100 %, 17529 MiB
2026/08/05 19:45:51.098, 1, 88.17 W, 100 %, 17599 MiB
2026/08/05 19:45:51.098, 2, 89.45 W, 100 %, 17599 MiB
2026/08/05 19:45:51.098, 3, 89.69 W, 100 %, 17599 MiB
2026/08/05 19:45:51.099, 4, 90.06 W, 100 %, 17599 MiB
2026/08/05 19:45:51.099, 5, 91.51 W, 100 %, 17599 MiB
2026/08/05 19:45:51.099, 6, 90.02 W, 100 %, 17599 MiB
2026/08/05 19:45:51.099, 7, 94.74 W, 100 %, 17607 MiB
2026/08/05 19:45:51.299, 0, 89.08 W, 100 %, 17529 MiB
2026/08/05 19:45:51.299, 1, 88.17 W, 100 %, 17599 MiB
2026/08/05 19:45:51.299, 2, 89.45 W, 100 %, 17599 MiB
2026/08/05 19:45:51.299, 3, 89.96 W, 100 %, 17599 MiB
2026/08/05 19:45:51.299, 4, 90.06 W, 100 %, 17599 MiB
2026/08/05 19:45:51.299, 5, 91.84 W, 100 %, 17599 MiB
2026/08/05 19:45:51.299, 6, 90.02 W, 100 %, 17599 MiB
2026/08/05 19:45:51.299, 7, 94.74 W, 100 %, 17607 MiB
2026/08/05 19:45:51.500, 0, 89.08 W, 100 %, 17529 MiB
2026/08/05 19:45:51.501, 1, 88.17 W, 100 %, 17599 MiB
2026/08/05 19:45:51.501, 2, 89.78 W, 100 %, 17599 MiB
2026/08/05 19:45:51.501, 3, 89.69 W, 100 %, 17599 MiB
2026/08/05 19:45:51.501, 4, 90.06 W, 100 %, 17599 MiB
2026/08/05 19:45:51.501, 5, 91.84 W, 100 %, 17599 MiB
2026/08/05 19:45:51.501, 6, 90.02 W, 100 %, 17599 MiB
2026/08/05 19:45:51.501, 7, 94.74 W, 100 %, 17607 MiB
2026/08/05 19:45:51.701, 0, 89.08 W, 100 %, 17529 MiB
2026/08/05 19:45:51.701, 1, 88.17 W, 100 %, 17599 MiB
2026/08/05 19:45:51.702, 2, 89.45 W, 100 %, 17599 MiB
2026/08/05 19:45:51.702, 3, 89.69 W, 100 %, 17599 MiB
2026/08/05 19:45:51.702, 4, 90.06 W, 100 %, 17599 MiB
2026/08/05 19:45:51.702, 5, 91.51 W, 100 %, 17599 MiB
2026/08/05 19:45:51.702, 6, 90.02 W, 100 %, 17599 MiB
2026/08/05 19:45:51.702, 7, 94.74 W, 100 %, 17607 MiB
2026/08/05 19:45:51.902, 0, 89.08 W, 100 %, 17529 MiB
2026/08/05 19:45:51.904, 1, 88.17 W, 100 %, 17599 MiB
2026/08/05 19:45:51.904, 2, 89.78 W, 100 %, 17599 MiB
2026/08/05 19:45:51.904, 3, 89.69 W, 100 %, 17599 MiB
2026/08/05 19:45:51.904, 4, 90.06 W, 100 %, 17599 MiB
2026/08/05 19:45:51.904, 5, 91.51 W, 100 %, 17599 MiB
2026/08/05 19:45:51.904, 6, 90.02 W, 100 %, 17599 MiB
2026/08/05 19:45:51.904, 7, 94.13 W, 100 %, 17607 MiB
2026/08/05 19:45:52.104, 0, 89.08 W, 100 %, 17529 MiB
2026/08/05 19:45:52.104, 1, 88.17 W, 100 %, 17599 MiB
2026/08/05 19:45:52.104, 2, 89.45 W, 100 %, 17599 MiB
2026/08/05 19:45:52.105, 3, 89.69 W, 100 %, 17599 MiB
2026/08/05 19:45:52.105, 4, 90.06 W, 100 %, 17599 MiB
2026/08/05 19:45:52.105, 5, 91.84 W, 100 %, 17599 MiB
2026/08/05 19:45:52.105, 6, 90.02 W, 100 %, 17599 MiB
2026/08/05 19:45:52.105, 7, 94.74 W, 100 %, 17607 MiB
2026/08/05 19:45:52.305, 0, 89.08 W, 100 %, 17529 MiB
2026/08/05 19:45:52.307, 1, 88.17 W, 100 %, 17599 MiB
2026/08/05 19:45:52.307, 2, 89.78 W, 100 %, 17599 MiB
2026/08/05 19:45:52.307, 3, 89.96 W, 100 %, 17599 MiB
2026/08/05 19:45:52.307, 4, 90.06 W, 100 %, 17599 MiB
2026/08/05 19:45:52.307, 5, 91.51 W, 100 %, 17599 MiB
2026/08/05 19:45:52.307, 6, 90.02 W, 100 %, 17599 MiB
2026/08/05 19:45:52.307, 7, 94.74 W, 100 %, 17607 MiB
2026/08/05 19:45:52.511, 0, 89.08 W, 100 %, 17529 MiB
2026/08/05 19:45:52.511, 1, 88.17 W, 100 %, 17599 MiB
2026/08/05 19:45:52.511, 2, 89.78 W, 100 %, 17599 MiB
2026/08/05 19:45:52.511, 3, 89.69 W, 100 %, 17599 MiB
2026/08/05 19:45:52.511, 4, 90.06 W, 100 %, 17599 MiB
2026/08/05 19:45:52.511, 5, 91.84 W, 100 %, 17599 MiB
2026/08/05 19:45:52.511, 6, 90.02 W, 100 %, 17599 MiB
2026/08/05 19:45:52.511, 7, 94.74 W, 100 %, 17607 MiB
2026/08/05 19:45:52.711, 0, 89.08 W, 100 %, 17529 MiB
2026/08/05 19:45:52.711, 1, 88.17 W, 100 %, 17599 MiB
2026/08/05 19:45:52.712, 2, 89.78 W, 100 %, 17599 MiB
2026/08/05 19:45:52.712, 3, 89.96 W, 100 %, 17599 MiB
2026/08/05 19:45:52.712, 4, 90.06 W, 100 %, 17599 MiB
2026/08/05 19:45:52.712, 5, 91.51 W, 100 %, 17599 MiB
2026/08/05 19:45:52.712, 6, 90.02 W, 100 %, 17599 MiB
2026/08/05 19:45:52.712, 7, 94.13 W, 100 %, 17607 MiB
2026/08/05 19:45:52.912, 0, 89.08 W, 100 %, 17529 MiB
2026/08/05 19:45:52.912, 1, 88.17 W, 100 %, 17599 MiB
2026/08/05 19:45:52.912, 2, 89.78 W, 100 %, 17599 MiB
2026/08/05 19:45:52.912, 3, 89.96 W, 100 %, 17599 MiB
2026/08/05 19:45:52.913, 4, 90.06 W, 100 %, 17599 MiB
2026/08/05 19:45:52.913, 5, 91.84 W, 100 %, 17599 MiB
2026/08/05 19:45:52.913, 6, 90.02 W, 100 %, 17599 MiB
2026/08/05 19:45:52.913, 7, 94.74 W, 100 %, 17607 MiB
2026/08/05 19:45:53.113, 0, 89.08 W, 100 %, 17529 MiB
2026/08/05 19:45:53.113, 1, 88.17 W, 100 %, 17599 MiB
2026/08/05 19:45:53.114, 2, 89.78 W, 100 %, 17599 MiB
2026/08/05 19:45:53.114, 3, 89.96 W, 100 %, 17599 MiB
2026/08/05 19:45:53.114, 4, 90.06 W, 100 %, 17599 MiB
2026/08/05 19:45:53.114, 5, 91.84 W, 100 %, 17599 MiB
2026/08/05 19:45:53.114, 6, 90.02 W, 100 %, 17599 MiB
2026/08/05 19:45:53.114, 7, 94.74 W, 100 %, 17607 MiB
2026/08/05 19:45:53.314, 0, 89.08 W, 100 %, 17529 MiB
2026/08/05 19:45:53.314, 1, 88.17 W, 100 %, 17599 MiB
2026/08/05 19:45:53.314, 2, 89.45 W, 100 %, 17599 MiB
2026/08/05 19:45:53.314, 3, 89.96 W, 100 %, 17599 MiB
2026/08/05 19:45:53.314, 4, 90.06 W, 100 %, 17599 MiB
2026/08/05 19:45:53.314, 5, 91.51 W, 100 %, 17599 MiB
2026/08/05 19:45:53.315, 6, 90.02 W, 100 %, 17599 MiB
2026/08/05 19:45:53.315, 7, 94.74 W, 100 %, 17607 MiB
2026/08/05 19:45:53.515, 0, 89.08 W, 100 %, 17529 MiB
2026/08/05 19:45:53.516, 1, 88.17 W, 100 %, 17599 MiB
2026/08/05 19:45:53.519, 2, 89.78 W, 100 %, 17599 MiB
2026/08/05 19:45:53.519, 3, 89.96 W, 100 %, 17599 MiB
2026/08/05 19:45:53.519, 4, 90.06 W, 100 %, 17599 MiB
2026/08/05 19:45:53.519, 5, 91.51 W, 100 %, 17599 MiB
2026/08/05 19:45:53.519, 6, 90.02 W, 100 %, 17599 MiB
2026/08/05 19:45:53.520, 7, 94.74 W, 100 %, 17607 MiB
2026/08/05 19:45:53.720, 0, 89.08 W, 100 %, 17529 MiB
2026/08/05 19:45:53.720, 1, 88.17 W, 100 %, 17599 MiB
2026/08/05 19:45:53.720, 2, 89.78 W, 100 %, 17599 MiB
2026/08/05 19:45:53.720, 3, 89.96 W, 100 %, 17599 MiB
2026/08/05 19:45:53.720, 4, 90.06 W, 100 %, 17599 MiB
2026/08/05 19:45:53.720, 5, 91.84 W, 100 %, 17599 MiB
2026/08/05 19:45:53.720, 6, 90.02 W, 100 %, 17599 MiB
2026/08/05 19:45:53.720, 7, 94.74 W, 100 %, 17607 MiB
2026/08/05 19:45:53.920, 0, 89.08 W, 100 %, 17529 MiB
2026/08/05 19:45:53.924, 1, 88.17 W, 100 %, 17599 MiB
2026/08/05 19:45:53.924, 2, 89.78 W, 100 %, 17599 MiB
2026/08/05 19:45:53.928, 3, 89.96 W, 100 %, 17599 MiB
2026/08/05 19:45:53.931, 4, 90.06 W, 100 %, 17599 MiB
2026/08/05 19:45:53.931, 5, 91.51 W, 100 %, 17599 MiB
2026/08/05 19:45:53.931, 6, 90.02 W, 100 %, 17599 MiB
2026/08/05 19:45:53.931, 7, 94.74 W, 100 %, 17607 MiB
2026/08/05 19:45:54.132, 0, 89.08 W, 100 %, 17529 MiB
2026/08/05 19:45:54.132, 1, 88.17 W, 100 %, 17599 MiB
2026/08/05 19:45:54.132, 2, 89.78 W, 100 %, 17599 MiB
2026/08/05 19:45:54.132, 3, 89.96 W, 100 %, 17599 MiB
2026/08/05 19:45:54.132, 4, 90.06 W, 100 %, 17599 MiB
2026/08/05 19:45:54.132, 5, 91.84 W, 100 %, 17599 MiB
2026/08/05 19:45:54.132, 6, 90.02 W, 100 %, 17599 MiB
2026/08/05 19:45:54.132, 7, 94.74 W, 100 %, 17607 MiB
2026/08/05 19:45:54.332, 0, 89.08 W, 100 %, 17529 MiB
2026/08/05 19:45:54.335, 1, 88.17 W, 100 %, 17599 MiB
2026/08/05 19:45:54.335, 2, 89.78 W, 100 %, 17599 MiB
2026/08/05 19:45:54.335, 3, 89.96 W, 100 %, 17599 MiB
2026/08/05 19:45:54.335, 4, 90.06 W, 100 %, 17599 MiB
2026/08/05 19:45:54.335, 5, 91.84 W, 100 %, 17599 MiB
2026/08/05 19:45:54.336, 6, 90.02 W, 100 %, 17599 MiB
2026/08/05 19:45:54.336, 7, 94.13 W, 100 %, 17607 MiB
2026/08/05 19:45:54.536, 0, 89.08 W, 100 %, 17529 MiB
2026/08/05 19:45:54.536, 1, 88.17 W, 100 %, 17599 MiB
2026/08/05 19:45:54.536, 2, 89.78 W, 100 %, 17599 MiB
2026/08/05 19:45:54.536, 3, 89.96 W, 100 %, 17599 MiB
2026/08/05 19:45:54.536, 4, 90.06 W, 100 %, 17599 MiB
2026/08/05 19:45:54.536, 5, 91.84 W, 100 %, 17599 MiB
2026/08/05 19:45:54.536, 6, 90.02 W, 100 %, 17599 MiB
2026/08/05 19:45:54.536, 7, 94.74 W, 100 %, 17607 MiB
2026/08/05 19:45:54.737, 0, 89.08 W, 100 %, 17529 MiB
2026/08/05 19:45:54.739, 1, 88.17 W, 100 %, 17599 MiB
2026/08/05 19:45:54.739, 2, 89.78 W, 100 %, 17599 MiB
2026/08/05 19:45:54.739, 3, 89.96 W, 100 %, 17599 MiB
2026/08/05 19:45:54.739, 4, 90.06 W, 100 %, 17599 MiB
2026/08/05 19:45:54.739, 5, 91.84 W, 100 %, 17599 MiB
2026/08/05 19:45:54.740, 6, 90.02 W, 100 %, 17599 MiB
2026/08/05 19:45:54.740, 7, 94.74 W, 100 %, 17607 MiB
2026/08/05 19:45:54.940, 0, 89.08 W, 100 %, 17529 MiB
2026/08/05 19:45:54.940, 1, 87.88 W, 100 %, 17599 MiB
2026/08/05 19:45:54.940, 2, 89.78 W, 100 %, 17599 MiB
2026/08/05 19:45:54.940, 3, 89.69 W, 99 %, 17599 MiB
2026/08/05 19:45:54.940, 4, 90.06 W, 100 %, 17599 MiB
2026/08/05 19:45:54.940, 5, 91.84 W, 100 %, 17599 MiB
2026/08/05 19:45:54.940, 6, 90.02 W, 100 %, 17599 MiB
2026/08/05 19:45:54.940, 7, 94.74 W, 100 %, 17607 MiB
2026/08/05 19:45:55.141, 0, 89.08 W, 99 %, 17529 MiB
2026/08/05 19:45:55.144, 1, 87.88 W, 99 %, 17599 MiB
2026/08/05 19:45:55.148, 2, 89.45 W, 99 %, 17599 MiB
2026/08/05 19:45:55.148, 3, 89.78 W, 100 %, 17599 MiB
2026/08/05 19:45:55.148, 4, 90.06 W, 99 %, 17599 MiB
2026/08/05 19:45:55.151, 5, 91.51 W, 99 %, 17599 MiB
2026/08/05 19:45:55.151, 6, 90.11 W, 99 %, 17599 MiB
2026/08/05 19:45:55.151, 7, 93.80 W, 99 %, 17607 MiB
2026/08/05 19:45:55.351, 0, 89.08 W, 100 %, 17529 MiB
2026/08/05 19:45:55.352, 1, 88.17 W, 100 %, 17599 MiB
2026/08/05 19:45:55.352, 2, 89.78 W, 99 %, 17599 MiB
2026/08/05 19:45:55.352, 3, 89.78 W, 100 %, 17599 MiB
2026/08/05 19:45:55.352, 4, 90.06 W, 100 %, 17599 MiB
2026/08/05 19:45:55.352, 5, 91.51 W, 100 %, 17599 MiB
2026/08/05 19:45:55.352, 6, 90.02 W, 100 %, 17599 MiB
2026/08/05 19:45:55.352, 7, 93.80 W, 100 %, 17607 MiB
2026/08/05 19:45:55.552, 0, 89.08 W, 100 %, 17529 MiB
2026/08/05 19:45:55.556, 1, 87.88 W, 100 %, 17599 MiB
2026/08/05 19:45:55.559, 2, 89.45 W, 100 %, 17599 MiB
2026/08/05 19:45:55.559, 3, 89.78 W, 100 %, 17599 MiB
2026/08/05 19:45:55.559, 4, 90.06 W, 100 %, 17599 MiB
2026/08/05 19:45:55.559, 5, 91.51 W, 100 %, 17599 MiB
2026/08/05 19:45:55.559, 6, 90.02 W, 100 %, 17599 MiB
2026/08/05 19:45:55.559, 7, 94.47 W, 100 %, 17607 MiB
2026/08/05 19:45:55.762, 0, 89.08 W, 100 %, 17529 MiB
2026/08/05 19:45:55.762, 1, 87.88 W, 100 %, 17599 MiB
2026/08/05 19:45:55.762, 2, 89.45 W, 100 %, 17599 MiB
2026/08/05 19:45:55.763, 3, 89.69 W, 100 %, 17599 MiB
2026/08/05 19:45:55.763, 4, 90.06 W, 100 %, 17599 MiB
2026/08/05 19:45:55.763, 5, 91.51 W, 100 %, 17599 MiB
2026/08/05 19:45:55.763, 6, 90.02 W, 100 %, 17599 MiB
2026/08/05 19:45:55.763, 7, 94.47 W, 100 %, 17607 MiB
2026/08/05 19:45:55.963, 0, 89.08 W, 100 %, 17529 MiB
2026/08/05 19:45:55.963, 1, 88.17 W, 100 %, 17599 MiB
2026/08/05 19:45:55.963, 2, 89.45 W, 100 %, 17599 MiB
2026/08/05 19:45:55.963, 3, 89.78 W, 100 %, 17599 MiB
2026/08/05 19:45:55.963, 4, 90.06 W, 100 %, 17599 MiB
2026/08/05 19:45:55.964, 5, 91.51 W, 100 %, 17599 MiB
2026/08/05 19:45:55.964, 6, 90.02 W, 100 %, 17599 MiB
2026/08/05 19:45:55.964, 7, 94.74 W, 100 %, 17607 MiB
2026/08/05 19:45:56.164, 0, 89.08 W, 100 %, 17529 MiB
2026/08/05 19:45:56.164, 1, 88.17 W, 100 %, 17599 MiB
2026/08/05 19:45:56.164, 2, 89.78 W, 100 %, 17599 MiB
2026/08/05 19:45:56.164, 3, 89.96 W, 100 %, 17599 MiB
2026/08/05 19:45:56.164, 4, 90.06 W, 100 %, 17599 MiB
2026/08/05 19:45:56.164, 5, 91.51 W, 100 %, 17599 MiB
2026/08/05 19:45:56.165, 6, 90.02 W, 100 %, 17599 MiB
2026/08/05 19:45:56.165, 7, 94.74 W, 100 %, 17607 MiB
2026/08/05 19:45:56.365, 0, 89.08 W, 100 %, 17529 MiB
2026/08/05 19:45:56.365, 1, 88.17 W, 100 %, 17599 MiB
2026/08/05 19:45:56.365, 2, 89.45 W, 100 %, 17599 MiB
2026/08/05 19:45:56.365, 3, 89.78 W, 100 %, 17599 MiB
2026/08/05 19:45:56.365, 4, 90.06 W, 100 %, 17599 MiB
2026/08/05 19:45:56.366, 5, 91.51 W, 100 %, 17599 MiB
2026/08/05 19:45:56.366, 6, 90.02 W, 100 %, 17599 MiB
2026/08/05 19:45:56.366, 7, 94.74 W, 100 %, 17607 MiB
2026/08/05 19:45:56.566, 0, 89.08 W, 100 %, 17529 MiB
2026/08/05 19:45:56.566, 1, 88.17 W, 100 %, 17599 MiB
2026/08/05 19:45:56.566, 2, 89.45 W, 100 %, 17599 MiB
2026/08/05 19:45:56.566, 3, 89.78 W, 100 %, 17599 MiB
2026/08/05 19:45:56.566, 4, 90.06 W, 100 %, 17599 MiB
2026/08/05 19:45:56.566, 5, 91.51 W, 100 %, 17599 MiB
2026/08/05 19:45:56.566, 6, 90.02 W, 100 %, 17599 MiB
2026/08/05 19:45:56.566, 7, 94.74 W, 100 %, 17607 MiB
2026/08/05 19:45:56.766, 0, 89.08 W, 100 %, 17529 MiB
2026/08/05 19:45:56.768, 1, 88.17 W, 100 %, 17599 MiB
2026/08/05 19:45:56.768, 2, 89.45 W, 100 %, 17599 MiB
2026/08/05 19:45:56.768, 3, 89.78 W, 100 %, 17599 MiB
2026/08/05 19:45:56.768, 4, 90.06 W, 100 %, 17599 MiB
2026/08/05 19:45:56.768, 5, 91.51 W, 100 %, 17599 MiB
2026/08/05 19:45:56.768, 6, 90.02 W, 100 %, 17599 MiB
2026/08/05 19:45:56.772, 7, 94.74 W, 100 %, 17607 MiB
2026/08/05 19:45:56.975, 0, 89.08 W, 100 %, 17529 MiB
2026/08/05 19:45:56.975, 1, 88.17 W, 100 %, 17599 MiB
2026/08/05 19:45:56.975, 2, 89.45 W, 100 %, 17599 MiB
2026/08/05 19:45:56.975, 3, 89.69 W, 100 %, 17599 MiB
2026/08/05 19:45:56.975, 4, 90.06 W, 100 %, 17599 MiB
2026/08/05 19:45:56.975, 5, 91.51 W, 100 %, 17599 MiB
2026/08/05 19:45:56.976, 6, 90.02 W, 100 %, 17599 MiB
2026/08/05 19:45:56.976, 7, 93.80 W, 100 %, 17607 MiB
2026/08/05 19:45:57.176, 0, 89.08 W, 100 %, 17529 MiB
2026/08/05 19:45:57.179, 1, 88.17 W, 100 %, 17599 MiB
2026/08/05 19:45:57.182, 2, 89.45 W, 100 %, 17599 MiB
2026/08/05 19:45:57.182, 3, 89.78 W, 100 %, 17599 MiB
2026/08/05 19:45:57.182, 4, 90.06 W, 100 %, 17599 MiB
2026/08/05 19:45:57.182, 5, 91.51 W, 100 %, 17599 MiB
2026/08/05 19:45:57.182, 6, 90.02 W, 100 %, 17599 MiB
2026/08/05 19:45:57.182, 7, 93.80 W, 100 %, 17607 MiB
2026/08/05 19:45:57.382, 0, 89.08 W, 100 %, 17529 MiB
2026/08/05 19:45:57.382, 1, 87.88 W, 100 %, 17599 MiB
2026/08/05 19:45:57.382, 2, 89.45 W, 100 %, 17599 MiB
2026/08/05 19:45:57.383, 3, 90.06 W, 100 %, 17599 MiB
2026/08/05 19:45:57.383, 4, 90.06 W, 100 %, 17599 MiB
2026/08/05 19:45:57.383, 5, 91.84 W, 100 %, 17599 MiB
2026/08/05 19:45:57.383, 6, 90.02 W, 100 %, 17599 MiB
2026/08/05 19:45:57.383, 7, 94.74 W, 100 %, 17607 MiB
2026/08/05 19:45:57.583, 0, 89.08 W, 100 %, 17529 MiB
2026/08/05 19:45:57.584, 1, 88.17 W, 100 %, 17599 MiB
2026/08/05 19:45:57.585, 2, 89.45 W, 100 %, 17599 MiB
2026/08/05 19:45:57.585, 3, 89.96 W, 100 %, 17599 MiB
2026/08/05 19:45:57.585, 4, 90.06 W, 100 %, 17599 MiB
2026/08/05 19:45:57.585, 5, 91.51 W, 100 %, 17599 MiB
2026/08/05 19:45:57.585, 6, 90.02 W, 100 %, 17599 MiB
2026/08/05 19:45:57.585, 7, 94.74 W, 100 %, 17607 MiB
2026/08/05 19:45:57.786, 0, 89.08 W, 100 %, 17529 MiB
2026/08/05 19:45:57.787, 1, 88.17 W, 100 %, 17599 MiB
2026/08/05 19:45:57.787, 2, 89.45 W, 100 %, 17599 MiB
2026/08/05 19:45:57.787, 3, 89.69 W, 100 %, 17599 MiB
2026/08/05 19:45:57.787, 4, 90.06 W, 100 %, 17599 MiB
2026/08/05 19:45:57.787, 5, 91.51 W, 100 %, 17599 MiB
2026/08/05 19:45:57.787, 6, 90.02 W, 100 %, 17599 MiB
2026/08/05 19:45:57.787, 7, 94.74 W, 100 %, 17607 MiB
2026/08/05 19:45:57.987, 0, 89.08 W, 100 %, 17529 MiB
2026/08/05 19:45:57.989, 1, 87.88 W, 100 %, 17599 MiB
2026/08/05 19:45:57.992, 2, 89.45 W, 100 %, 17599 MiB
2026/08/05 19:45:57.992, 3, 89.78 W, 100 %, 17599 MiB
2026/08/05 19:45:57.993, 4, 90.06 W, 100 %, 17599 MiB
2026/08/05 19:45:57.993, 5, 91.51 W, 100 %, 17599 MiB
2026/08/05 19:45:57.993, 6, 90.02 W, 100 %, 17599 MiB
2026/08/05 19:45:57.993, 7, 94.74 W, 100 %, 17607 MiB
2026/08/05 19:45:58.196, 0, 89.08 W, 100 %, 17529 MiB
2026/08/05 19:45:58.196, 1, 87.88 W, 100 %, 17599 MiB
2026/08/05 19:45:58.196, 2, 89.45 W, 100 %, 17599 MiB
2026/08/05 19:45:58.196, 3, 89.69 W, 100 %, 17599 MiB
2026/08/05 19:45:58.196, 4, 90.06 W, 100 %, 17599 MiB
2026/08/05 19:45:58.196, 5, 91.84 W, 100 %, 17599 MiB
2026/08/05 19:45:58.196, 6, 90.11 W, 100 %, 17599 MiB
2026/08/05 19:45:58.196, 7, 94.74 W, 100 %, 17607 MiB
2026/08/05 19:45:58.396, 0, 89.08 W, 100 %, 17529 MiB
2026/08/05 19:45:58.397, 1, 88.17 W, 100 %, 17599 MiB
2026/08/05 19:45:58.397, 2, 89.45 W, 100 %, 17599 MiB
2026/08/05 19:45:58.397, 3, 89.96 W, 100 %, 17599 MiB
2026/08/05 19:45:58.397, 4, 90.06 W, 100 %, 17599 MiB
2026/08/05 19:45:58.397, 5, 91.84 W, 100 %, 17599 MiB
2026/08/05 19:45:58.397, 6, 90.02 W, 100 %, 17599 MiB
2026/08/05 19:45:58.397, 7, 94.74 W, 100 %, 17607 MiB
2026/08/05 19:45:58.598, 0, 89.08 W, 100 %, 17529 MiB
2026/08/05 19:45:58.598, 1, 88.17 W, 100 %, 17599 MiB
2026/08/05 19:45:58.598, 2, 89.45 W, 100 %, 17599 MiB
2026/08/05 19:45:58.598, 3, 90.06 W, 100 %, 17599 MiB
2026/08/05 19:45:58.598, 4, 90.06 W, 100 %, 17599 MiB
2026/08/05 19:45:58.598, 5, 91.51 W, 100 %, 17599 MiB
2026/08/05 19:45:58.598, 6, 90.11 W, 100 %, 17599 MiB
2026/08/05 19:45:58.598, 7, 94.74 W, 100 %, 17607 MiB
2026/08/05 19:45:58.798, 0, 89.08 W, 100 %, 17529 MiB
2026/08/05 19:45:58.798, 1, 88.17 W, 100 %, 17599 MiB
2026/08/05 19:45:58.798, 2, 89.45 W, 100 %, 17599 MiB
2026/08/05 19:45:58.798, 3, 89.78 W, 100 %, 17599 MiB
2026/08/05 19:45:58.798, 4, 90.06 W, 100 %, 17599 MiB
2026/08/05 19:45:58.798, 5, 91.51 W, 100 %, 17599 MiB
2026/08/05 19:45:58.799, 6, 90.11 W, 100 %, 17599 MiB
2026/08/05 19:45:58.799, 7, 94.74 W, 100 %, 17607 MiB
2026/08/05 19:45:58.999, 0, 89.08 W, 100 %, 17529 MiB
2026/08/05 19:45:58.999, 1, 88.17 W, 100 %, 17599 MiB
2026/08/05 19:45:58.999, 2, 89.45 W, 100 %, 17599 MiB
2026/08/05 19:45:58.999, 3, 89.78 W, 100 %, 17599 MiB
2026/08/05 19:45:58.999, 4, 90.06 W, 100 %, 17599 MiB
2026/08/05 19:45:58.999, 5, 91.51 W, 100 %, 17599 MiB
2026/08/05 19:45:58.999, 6, 90.02 W, 100 %, 17599 MiB
2026/08/05 19:45:58.999, 7, 94.74 W, 100 %, 17607 MiB
2026/08/05 19:45:59.199, 0, 89.08 W, 100 %, 17529 MiB
2026/08/05 19:45:59.214, 1, 88.17 W, 100 %, 17599 MiB
2026/08/05 19:45:59.214, 2, 89.45 W, 100 %, 17599 MiB
2026/08/05 19:45:59.214, 3, 89.69 W, 100 %, 17599 MiB
2026/08/05 19:45:59.214, 4, 90.06 W, 100 %, 17599 MiB
2026/08/05 19:45:59.214, 5, 91.84 W, 100 %, 17599 MiB
2026/08/05 19:45:59.214, 6, 90.11 W, 100 %, 17599 MiB
2026/08/05 19:45:59.214, 7, 94.74 W, 100 %, 17607 MiB
2026/08/05 19:45:59.414, 0, 89.08 W, 100 %, 17529 MiB
2026/08/05 19:45:59.414, 1, 88.17 W, 100 %, 17599 MiB
2026/08/05 19:45:59.414, 2, 89.78 W, 100 %, 17599 MiB
2026/08/05 19:45:59.414, 3, 89.78 W, 100 %, 17599 MiB
2026/08/05 19:45:59.415, 4, 90.06 W, 100 %, 17599 MiB
2026/08/05 19:45:59.415, 5, 91.84 W, 100 %, 17599 MiB
2026/08/05 19:45:59.415, 6, 90.02 W, 100 %, 17599 MiB
2026/08/05 19:45:59.415, 7, 94.74 W, 100 %, 17607 MiB
2026/08/05 19:45:59.615, 0, 89.08 W, 100 %, 17529 MiB
2026/08/05 19:45:59.615, 1, 88.17 W, 100 %, 17599 MiB
2026/08/05 19:45:59.615, 2, 89.78 W, 100 %, 17599 MiB
2026/08/05 19:45:59.615, 3, 89.69 W, 100 %, 17599 MiB
2026/08/05 19:45:59.615, 4, 90.06 W, 100 %, 17599 MiB
2026/08/05 19:45:59.615, 5, 91.84 W, 100 %, 17599 MiB
2026/08/05 19:45:59.615, 6, 90.02 W, 100 %, 17599 MiB
2026/08/05 19:45:59.615, 7, 94.74 W, 100 %, 17607 MiB
2026/08/05 19:45:59.815, 0, 89.08 W, 100 %, 17529 MiB
2026/08/05 19:45:59.817, 1, 88.17 W, 100 %, 17599 MiB
2026/08/05 19:45:59.821, 2, 89.45 W, 100 %, 17599 MiB
2026/08/05 19:45:59.821, 3, 89.78 W, 100 %, 17599 MiB
2026/08/05 19:45:59.821, 4, 90.06 W, 100 %, 17599 MiB
2026/08/05 19:45:59.824, 5, 91.51 W, 100 %, 17599 MiB
2026/08/05 19:45:59.824, 6, 90.02 W, 100 %, 17599 MiB
2026/08/05 19:45:59.824, 7, 94.74 W, 100 %, 17607 MiB
2026/08/05 19:46:00.024, 0, 89.08 W, 100 %, 17529 MiB
2026/08/05 19:46:00.024, 1, 88.17 W, 100 %, 17599 MiB
2026/08/05 19:46:00.024, 2, 89.45 W, 100 %, 17599 MiB
2026/08/05 19:46:00.024, 3, 89.78 W, 100 %, 17599 MiB
2026/08/05 19:46:00.024, 4, 90.06 W, 100 %, 17599 MiB
2026/08/05 19:46:00.024, 5, 91.51 W, 100 %, 17599 MiB
2026/08/05 19:46:00.025, 6, 90.02 W, 100 %, 17599 MiB
2026/08/05 19:46:00.025, 7, 94.74 W, 100 %, 17607 MiB
2026/08/05 19:46:00.225, 0, 89.08 W, 100 %, 17529 MiB
2026/08/05 19:46:00.227, 1, 88.17 W, 100 %, 17599 MiB
2026/08/05 19:46:00.230, 2, 89.45 W, 100 %, 17599 MiB
2026/08/05 19:46:00.231, 3, 89.78 W, 100 %, 17599 MiB
2026/08/05 19:46:00.231, 4, 90.06 W, 100 %, 17599 MiB
2026/08/05 19:46:00.231, 5, 91.51 W, 100 %, 17599 MiB
2026/08/05 19:46:00.231, 6, 90.11 W, 100 %, 17599 MiB
2026/08/05 19:46:00.231, 7, 94.74 W, 100 %, 17607 MiB
2026/08/05 19:46:00.434, 0, 89.08 W, 100 %, 17529 MiB
2026/08/05 19:46:00.434, 1, 88.17 W, 100 %, 17599 MiB
2026/08/05 19:46:00.434, 2, 89.45 W, 100 %, 17599 MiB
2026/08/05 19:46:00.434, 3, 89.78 W, 100 %, 17599 MiB
2026/08/05 19:46:00.434, 4, 90.06 W, 100 %, 17599 MiB
2026/08/05 19:46:00.435, 5, 91.51 W, 100 %, 17599 MiB
2026/08/05 19:46:00.435, 6, 90.02 W, 100 %, 17599 MiB
2026/08/05 19:46:00.435, 7, 94.74 W, 100 %, 17607 MiB
2026/08/05 19:46:00.635, 0, 89.36 W, 100 %, 17529 MiB
2026/08/05 19:46:00.636, 1, 88.17 W, 100 %, 17599 MiB
2026/08/05 19:46:00.637, 2, 89.45 W, 100 %, 17599 MiB
2026/08/05 19:46:00.637, 3, 89.69 W, 100 %, 17599 MiB
2026/08/05 19:46:00.641, 4, 90.06 W, 100 %, 17599 MiB
2026/08/05 19:46:00.644, 5, 91.84 W, 100 %, 17599 MiB
2026/08/05 19:46:00.644, 6, 90.11 W, 100 %, 17599 MiB
2026/08/05 19:46:00.644, 7, 94.74 W, 100 %, 17607 MiB
2026/08/05 19:46:00.844, 0, 89.08 W, 100 %, 17529 MiB
2026/08/05 19:46:00.844, 1, 88.17 W, 100 %, 17599 MiB
2026/08/05 19:46:00.844, 2, 89.45 W, 100 %, 17599 MiB
2026/08/05 19:46:00.844, 3, 90.06 W, 100 %, 17599 MiB
2026/08/05 19:46:00.844, 4, 90.06 W, 100 %, 17599 MiB
2026/08/05 19:46:00.845, 5, 91.84 W, 100 %, 17599 MiB
2026/08/05 19:46:00.845, 6, 90.02 W, 100 %, 17599 MiB
2026/08/05 19:46:00.845, 7, 94.74 W, 100 %, 17607 MiB
2026/08/05 19:46:01.045, 0, 89.08 W, 100 %, 17529 MiB
2026/08/05 19:46:01.046, 1, 88.17 W, 100 %, 17599 MiB
2026/08/05 19:46:01.048, 2, 89.45 W, 100 %, 17599 MiB
2026/08/05 19:46:01.049, 3, 89.96 W, 100 %, 17599 MiB
2026/08/05 19:46:01.049, 4, 90.06 W, 100 %, 17599 MiB
2026/08/05 19:46:01.049, 5, 91.51 W, 100 %, 17599 MiB
2026/08/05 19:46:01.049, 6, 90.02 W, 100 %, 17599 MiB
2026/08/05 19:46:01.049, 7, 94.74 W, 100 %, 17607 MiB
2026/08/05 19:46:01.252, 0, 89.08 W, 100 %, 17529 MiB
2026/08/05 19:46:01.252, 1, 88.17 W, 100 %, 17599 MiB
2026/08/05 19:46:01.252, 2, 89.45 W, 100 %, 17599 MiB
2026/08/05 19:46:01.252, 3, 89.96 W, 100 %, 17599 MiB
2026/08/05 19:46:01.252, 4, 90.06 W, 100 %, 17599 MiB
2026/08/05 19:46:01.252, 5, 91.84 W, 100 %, 17599 MiB
2026/08/05 19:46:01.252, 6, 90.02 W, 100 %, 17599 MiB
2026/08/05 19:46:01.252, 7, 94.74 W, 100 %, 17607 MiB
2026/08/05 19:46:01.452, 0, 89.08 W, 100 %, 17529 MiB
2026/08/05 19:46:01.452, 1, 88.17 W, 100 %, 17599 MiB
2026/08/05 19:46:01.452, 2, 89.45 W, 100 %, 17599 MiB
2026/08/05 19:46:01.452, 3, 89.96 W, 100 %, 17599 MiB
2026/08/05 19:46:01.453, 4, 90.06 W, 100 %, 17599 MiB
2026/08/05 19:46:01.453, 5, 91.51 W, 100 %, 17599 MiB
2026/08/05 19:46:01.453, 6, 90.11 W, 100 %, 17599 MiB
2026/08/05 19:46:01.453, 7, 94.74 W, 100 %, 17607 MiB
2026/08/05 19:46:01.656, 0, 89.08 W, 100 %, 17529 MiB
2026/08/05 19:46:01.656, 1, 88.17 W, 100 %, 17599 MiB
2026/08/05 19:46:01.656, 2, 89.45 W, 100 %, 17599 MiB
2026/08/05 19:46:01.656, 3, 90.06 W, 100 %, 17599 MiB
2026/08/05 19:46:01.656, 4, 90.06 W, 100 %, 17599 MiB
2026/08/05 19:46:01.656, 5, 91.84 W, 100 %, 17599 MiB
2026/08/05 19:46:01.656, 6, 90.11 W, 100 %, 17599 MiB
2026/08/05 19:46:01.656, 7, 94.74 W, 100 %, 17607 MiB
2026/08/05 19:46:01.856, 0, 89.08 W, 100 %, 17529 MiB
2026/08/05 19:46:01.857, 1, 88.17 W, 100 %, 17599 MiB
2026/08/05 19:46:01.860, 2, 89.78 W, 100 %, 17599 MiB
2026/08/05 19:46:01.860, 3, 89.78 W, 100 %, 17599 MiB
2026/08/05 19:46:01.860, 4, 90.06 W, 100 %, 17599 MiB
2026/08/05 19:46:01.860, 5, 91.84 W, 100 %, 17599 MiB
2026/08/05 19:46:01.860, 6, 90.11 W, 100 %, 17599 MiB
2026/08/05 19:46:01.860, 7, 94.74 W, 100 %, 17607 MiB
2026/08/05 19:46:02.060, 0, 89.08 W, 100 %, 17529 MiB
2026/08/05 19:46:02.060, 1, 88.17 W, 100 %, 17599 MiB
2026/08/05 19:46:02.060, 2, 89.78 W, 100 %, 17599 MiB
2026/08/05 19:46:02.061, 3, 89.78 W, 100 %, 17599 MiB
2026/08/05 19:46:02.061, 4, 90.06 W, 100 %, 17599 MiB
2026/08/05 19:46:02.061, 5, 91.84 W, 100 %, 17599 MiB
2026/08/05 19:46:02.061, 6, 90.02 W, 100 %, 17599 MiB
2026/08/05 19:46:02.061, 7, 94.74 W, 100 %, 17607 MiB
2026/08/05 19:46:02.261, 0, 89.08 W, 100 %, 17529 MiB
2026/08/05 19:46:02.279, 1, 88.17 W, 100 %, 17599 MiB
2026/08/05 19:46:02.279, 2, 89.45 W, 100 %, 17599 MiB
2026/08/05 19:46:02.279, 3, 89.78 W, 100 %, 17599 MiB
2026/08/05 19:46:02.280, 4, 90.06 W, 100 %, 17599 MiB
2026/08/05 19:46:02.280, 5, 91.84 W, 100 %, 17599 MiB
2026/08/05 19:46:02.280, 6, 90.02 W, 100 %, 17599 MiB
2026/08/05 19:46:02.280, 7, 94.74 W, 100 %, 17607 MiB
2026/08/05 19:46:02.480, 0, 89.08 W, 100 %, 17529 MiB
2026/08/05 19:46:02.482, 1, 88.17 W, 100 %, 17599 MiB
2026/08/05 19:46:02.482, 2, 89.45 W, 100 %, 17599 MiB
2026/08/05 19:46:02.482, 3, 89.96 W, 100 %, 17599 MiB
2026/08/05 19:46:02.482, 4, 90.06 W, 100 %, 17599 MiB
2026/08/05 19:46:02.482, 5, 91.84 W, 100 %, 17599 MiB
2026/08/05 19:46:02.485, 6, 90.11 W, 100 %, 17599 MiB
2026/08/05 19:46:02.485, 7, 94.74 W, 100 %, 17607 MiB
2026/08/05 19:46:02.685, 0, 89.08 W, 100 %, 17529 MiB
2026/08/05 19:46:02.686, 1, 88.17 W, 100 %, 17599 MiB
2026/08/05 19:46:02.686, 2, 89.45 W, 100 %, 17599 MiB
2026/08/05 19:46:02.686, 3, 89.69 W, 100 %, 17599 MiB
2026/08/05 19:46:02.686, 4, 90.06 W, 100 %, 17599 MiB
2026/08/05 19:46:02.686, 5, 91.84 W, 100 %, 17599 MiB
2026/08/05 19:46:02.686, 6, 90.02 W, 100 %, 17599 MiB
2026/08/05 19:46:02.686, 7, 94.74 W, 100 %, 17607 MiB
2026/08/05 19:46:02.886, 0, 89.08 W, 100 %, 17529 MiB
2026/08/05 19:46:02.888, 1, 88.17 W, 100 %, 17599 MiB
2026/08/05 19:46:02.888, 2, 89.45 W, 100 %, 17599 MiB
2026/08/05 19:46:02.888, 3, 90.06 W, 100 %, 17599 MiB
2026/08/05 19:46:02.892, 4, 90.06 W, 100 %, 17599 MiB
2026/08/05 19:46:02.895, 5, 91.51 W, 100 %, 17599 MiB
2026/08/05 19:46:02.895, 6, 90.02 W, 100 %, 17599 MiB
2026/08/05 19:46:02.895, 7, 94.74 W, 100 %, 17607 MiB
2026/08/05 19:46:03.095, 0, 89.08 W, 100 %, 17529 MiB
2026/08/05 19:46:03.095, 1, 88.17 W, 100 %, 17599 MiB
2026/08/05 19:46:03.095, 2, 89.45 W, 100 %, 17599 MiB
2026/08/05 19:46:03.095, 3, 89.69 W, 100 %, 17599 MiB
2026/08/05 19:46:03.096, 4, 90.06 W, 100 %, 17599 MiB
2026/08/05 19:46:03.096, 5, 91.84 W, 100 %, 17599 MiB
2026/08/05 19:46:03.096, 6, 90.02 W, 100 %, 17599 MiB
2026/08/05 19:46:03.096, 7, 94.74 W, 100 %, 17607 MiB
2026/08/05 19:46:03.296, 0, 89.36 W, 100 %, 17529 MiB
2026/08/05 19:46:03.296, 1, 88.17 W, 100 %, 17599 MiB
2026/08/05 19:46:03.299, 2, 89.45 W, 100 %, 17599 MiB
2026/08/05 19:46:03.299, 3, 89.96 W, 100 %, 17599 MiB
2026/08/05 19:46:03.299, 4, 90.06 W, 100 %, 17599 MiB
2026/08/05 19:46:03.299, 5, 91.84 W, 100 %, 17599 MiB
2026/08/05 19:46:03.299, 6, 90.02 W, 100 %, 17599 MiB
2026/08/05 19:46:03.299, 7, 94.74 W, 100 %, 17607 MiB
2026/08/05 19:46:03.499, 0, 89.08 W, 100 %, 17529 MiB
2026/08/05 19:46:03.499, 1, 88.17 W, 100 %, 17599 MiB
2026/08/05 19:46:03.500, 2, 89.78 W, 100 %, 17599 MiB
2026/08/05 19:46:03.500, 3, 89.96 W, 100 %, 17599 MiB
2026/08/05 19:46:03.500, 4, 90.06 W, 100 %, 17599 MiB
2026/08/05 19:46:03.500, 5, 91.84 W, 100 %, 17599 MiB
2026/08/05 19:46:03.500, 6, 90.11 W, 100 %, 17599 MiB
2026/08/05 19:46:03.500, 7, 94.74 W, 100 %, 17607 MiB
2026/08/05 19:46:03.700, 0, 89.08 W, 100 %, 17529 MiB
2026/08/05 19:46:03.701, 1, 88.17 W, 100 %, 17599 MiB
2026/08/05 19:46:03.704, 2, 89.78 W, 100 %, 17599 MiB
2026/08/05 19:46:03.704, 3, 89.78 W, 100 %, 17599 MiB
2026/08/05 19:46:03.704, 4, 90.06 W, 100 %, 17599 MiB
2026/08/05 19:46:03.704, 5, 91.51 W, 100 %, 17599 MiB
2026/08/05 19:46:03.704, 6, 90.11 W, 100 %, 17599 MiB
2026/08/05 19:46:03.704, 7, 94.74 W, 100 %, 17607 MiB
2026/08/05 19:46:03.907, 0, 89.08 W, 100 %, 17529 MiB
2026/08/05 19:46:03.907, 1, 88.17 W, 100 %, 17599 MiB
2026/08/05 19:46:03.907, 2, 89.45 W, 100 %, 17599 MiB
2026/08/05 19:46:03.907, 3, 90.06 W, 100 %, 17599 MiB
2026/08/05 19:46:03.907, 4, 90.06 W, 100 %, 17599 MiB
2026/08/05 19:46:03.907, 5, 91.51 W, 100 %, 17599 MiB
2026/08/05 19:46:03.907, 6, 90.11 W, 100 %, 17599 MiB
2026/08/05 19:46:03.907, 7, 94.74 W, 100 %, 17607 MiB
2026/08/05 19:46:04.108, 0, 89.08 W, 100 %, 17529 MiB
2026/08/05 19:46:04.109, 1, 88.17 W, 100 %, 17599 MiB
2026/08/05 19:46:04.109, 2, 89.78 W, 100 %, 17599 MiB
2026/08/05 19:46:04.109, 3, 90.06 W, 100 %, 17599 MiB
2026/08/05 19:46:04.112, 4, 90.06 W, 100 %, 17599 MiB
2026/08/05 19:46:04.115, 5, 91.84 W, 100 %, 17599 MiB
2026/08/05 19:46:04.115, 6, 90.02 W, 100 %, 17599 MiB
2026/08/05 19:46:04.115, 7, 94.13 W, 100 %, 17607 MiB
2026/08/05 19:46:04.315, 0, 89.08 W, 100 %, 17529 MiB
2026/08/05 19:46:04.315, 1, 88.17 W, 100 %, 17599 MiB
2026/08/05 19:46:04.315, 2, 89.45 W, 100 %, 17599 MiB
2026/08/05 19:46:04.316, 3, 90.06 W, 100 %, 17599 MiB
2026/08/05 19:46:04.316, 4, 90.06 W, 100 %, 17599 MiB
2026/08/05 19:46:04.316, 5, 91.84 W, 100 %, 17599 MiB
2026/08/05 19:46:04.316, 6, 90.02 W, 100 %, 17599 MiB
2026/08/05 19:46:04.316, 7, 94.74 W, 100 %, 17607 MiB
2026/08/05 19:46:04.516, 0, 89.36 W, 100 %, 17529 MiB
2026/08/05 19:46:04.517, 1, 88.17 W, 100 %, 17599 MiB
2026/08/05 19:46:04.517, 2, 89.45 W, 100 %, 17599 MiB
2026/08/05 19:46:04.517, 3, 89.96 W, 100 %, 17599 MiB
2026/08/05 19:46:04.517, 4, 90.06 W, 100 %, 17599 MiB
2026/08/05 19:46:04.517, 5, 91.84 W, 100 %, 17599 MiB
2026/08/05 19:46:04.517, 6, 90.02 W, 100 %, 17599 MiB
2026/08/05 19:46:04.517, 7, 94.74 W, 100 %, 17607 MiB
2026/08/05 19:46:04.718, 0, 89.08 W, 100 %, 17529 MiB
2026/08/05 19:46:04.718, 1, 88.17 W, 100 %, 17599 MiB
2026/08/05 19:46:04.718, 2, 89.78 W, 100 %, 17599 MiB
2026/08/05 19:46:04.718, 3, 89.96 W, 100 %, 17599 MiB
2026/08/05 19:46:04.718, 4, 90.06 W, 100 %, 17599 MiB
2026/08/05 19:46:04.718, 5, 91.51 W, 100 %, 17599 MiB
2026/08/05 19:46:04.718, 6, 90.11 W, 100 %, 17599 MiB
2026/08/05 19:46:04.718, 7, 94.74 W, 100 %, 17607 MiB
2026/08/05 19:46:04.918, 0, 89.08 W, 100 %, 17529 MiB
2026/08/05 19:46:04.921, 1, 88.17 W, 100 %, 17599 MiB
2026/08/05 19:46:04.921, 2, 89.78 W, 100 %, 17599 MiB
2026/08/05 19:46:04.921, 3, 89.96 W, 100 %, 17599 MiB
2026/08/05 19:46:04.921, 4, 90.06 W, 100 %, 17599 MiB
2026/08/05 19:46:04.925, 5, 91.51 W, 100 %, 17599 MiB
2026/08/05 19:46:04.926, 6, 90.02 W, 100 %, 17599 MiB
2026/08/05 19:46:04.926, 7, 94.74 W, 100 %, 17607 MiB
2026/08/05 19:46:05.126, 0, 89.08 W, 100 %, 17529 MiB
2026/08/05 19:46:05.126, 1, 88.17 W, 100 %, 17599 MiB
2026/08/05 19:46:05.126, 2, 89.78 W, 100 %, 17599 MiB
2026/08/05 19:46:05.126, 3, 90.06 W, 100 %, 17599 MiB
2026/08/05 19:46:05.126, 4, 90.06 W, 100 %, 17599 MiB
2026/08/05 19:46:05.126, 5, 91.84 W, 100 %, 17599 MiB
2026/08/05 19:46:05.126, 6, 90.02 W, 100 %, 17599 MiB
2026/08/05 19:46:05.126, 7, 94.74 W, 100 %, 17607 MiB
2026/08/05 19:46:05.327, 0, 89.08 W, 100 %, 17529 MiB
2026/08/05 19:46:05.327, 1, 88.17 W, 100 %, 17599 MiB
2026/08/05 19:46:05.327, 2, 89.78 W, 100 %, 17599 MiB
2026/08/05 19:46:05.327, 3, 90.06 W, 100 %, 17599 MiB
2026/08/05 19:46:05.327, 4, 90.06 W, 100 %, 17599 MiB
2026/08/05 19:46:05.327, 5, 91.84 W, 100 %, 17599 MiB
2026/08/05 19:46:05.327, 6, 90.02 W, 100 %, 17599 MiB
2026/08/05 19:46:05.327, 7, 94.74 W, 100 %, 17607 MiB
2026/08/05 19:46:05.527, 0, 89.08 W, 100 %, 17529 MiB
2026/08/05 19:46:05.528, 1, 88.17 W, 100 %, 17599 MiB
2026/08/05 19:46:05.528, 2, 89.45 W, 100 %, 17599 MiB
2026/08/05 19:46:05.530, 3, 89.96 W, 100 %, 17599 MiB
2026/08/05 19:46:05.531, 4, 90.06 W, 100 %, 17599 MiB
2026/08/05 19:46:05.531, 5, 91.84 W, 100 %, 17599 MiB
2026/08/05 19:46:05.531, 6, 90.02 W, 100 %, 17599 MiB
2026/08/05 19:46:05.532, 7, 94.74 W, 100 %, 17607 MiB
2026/08/05 19:46:05.732, 0, 89.08 W, 100 %, 17529 MiB
2026/08/05 19:46:05.732, 1, 88.17 W, 100 %, 17599 MiB
2026/08/05 19:46:05.732, 2, 89.78 W, 100 %, 17599 MiB
2026/08/05 19:46:05.732, 3, 90.06 W, 100 %, 17599 MiB
2026/08/05 19:46:05.732, 4, 90.06 W, 100 %, 17599 MiB
2026/08/05 19:46:05.732, 5, 91.84 W, 100 %, 17599 MiB
2026/08/05 19:46:05.732, 6, 90.02 W, 100 %, 17599 MiB
2026/08/05 19:46:05.732, 7, 94.74 W, 100 %, 17607 MiB
2026/08/05 19:46:05.933, 0, 89.08 W, 100 %, 17529 MiB
2026/08/05 19:46:05.933, 1, 88.17 W, 100 %, 17599 MiB
2026/08/05 19:46:05.933, 2, 89.78 W, 100 %, 17599 MiB
2026/08/05 19:46:05.933, 3, 90.06 W, 100 %, 17599 MiB
2026/08/05 19:46:05.933, 4, 90.06 W, 100 %, 17599 MiB
2026/08/05 19:46:05.933, 5, 91.84 W, 100 %, 17599 MiB
2026/08/05 19:46:05.933, 6, 90.11 W, 100 %, 17599 MiB
2026/08/05 19:46:05.933, 7, 94.74 W, 100 %, 17607 MiB
2026/08/05 19:46:06.133, 0, 89.08 W, 100 %, 17529 MiB
2026/08/05 19:46:06.133, 1, 88.17 W, 100 %, 17599 MiB
2026/08/05 19:46:06.133, 2, 89.45 W, 100 %, 17599 MiB
2026/08/05 19:46:06.133, 3, 90.06 W, 100 %, 17599 MiB
2026/08/05 19:46:06.134, 4, 90.06 W, 100 %, 17599 MiB
2026/08/05 19:46:06.135, 5, 91.84 W, 100 %, 17599 MiB
2026/08/05 19:46:06.136, 6, 90.11 W, 100 %, 17599 MiB
2026/08/05 19:46:06.136, 7, 94.74 W, 100 %, 17607 MiB
2026/08/05 19:46:06.336, 0, 89.08 W, 100 %, 17529 MiB
2026/08/05 19:46:06.336, 1, 88.17 W, 100 %, 17599 MiB
2026/08/05 19:46:06.336, 2, 89.78 W, 100 %, 17599 MiB
2026/08/05 19:46:06.336, 3, 90.06 W, 100 %, 17599 MiB
2026/08/05 19:46:06.336, 4, 90.06 W, 100 %, 17599 MiB
2026/08/05 19:46:06.336, 5, 91.84 W, 100 %, 17599 MiB
2026/08/05 19:46:06.336, 6, 90.11 W, 100 %, 17599 MiB
2026/08/05 19:46:06.336, 7, 94.74 W, 100 %, 17607 MiB
2026/08/05 19:46:06.536, 0, 89.08 W, 100 %, 17529 MiB
2026/08/05 19:46:06.537, 1, 88.17 W, 100 %, 17599 MiB
2026/08/05 19:46:06.537, 2, 89.78 W, 100 %, 17599 MiB
2026/08/05 19:46:06.537, 3, 90.06 W, 100 %, 17599 MiB
2026/08/05 19:46:06.537, 4, 90.06 W, 100 %, 17599 MiB
2026/08/05 19:46:06.537, 5, 91.84 W, 100 %, 17599 MiB
2026/08/05 19:46:06.537, 6, 90.02 W, 100 %, 17599 MiB
2026/08/05 19:46:06.537, 7, 94.74 W, 100 %, 17607 MiB
2026/08/05 19:46:06.737, 0, 89.08 W, 100 %, 17529 MiB
2026/08/05 19:46:06.737, 1, 88.17 W, 100 %, 17599 MiB
2026/08/05 19:46:06.737, 2, 89.45 W, 100 %, 17599 MiB
2026/08/05 19:46:06.737, 3, 89.96 W, 100 %, 17599 MiB
2026/08/05 19:46:06.737, 4, 90.06 W, 100 %, 17599 MiB
2026/08/05 19:46:06.737, 5, 91.84 W, 100 %, 17599 MiB
2026/08/05 19:46:06.737, 6, 90.02 W, 100 %, 17599 MiB
2026/08/05 19:46:06.737, 7, 94.74 W, 100 %, 17607 MiB
2026/08/05 19:46:06.937, 0, 89.08 W, 100 %, 17529 MiB
2026/08/05 19:46:06.938, 1, 88.17 W, 100 %, 17599 MiB
2026/08/05 19:46:06.938, 2, 89.78 W, 100 %, 17599 MiB
2026/08/05 19:46:06.938, 3, 89.96 W, 100 %, 17599 MiB
2026/08/05 19:46:06.938, 4, 90.06 W, 100 %, 17599 MiB
2026/08/05 19:46:06.938, 5, 91.84 W, 100 %, 17599 MiB
2026/08/05 19:46:06.938, 6, 90.02 W, 100 %, 17599 MiB
2026/08/05 19:46:06.938, 7, 94.74 W, 100 %, 17607 MiB
2026/08/05 19:46:07.138, 0, 89.08 W, 100 %, 17529 MiB
2026/08/05 19:46:07.147, 1, 88.17 W, 100 %, 17599 MiB
2026/08/05 19:46:07.147, 2, 89.78 W, 100 %, 17599 MiB
2026/08/05 19:46:07.147, 3, 90.06 W, 100 %, 17599 MiB
2026/08/05 19:46:07.147, 4, 90.06 W, 100 %, 17599 MiB
2026/08/05 19:46:07.147, 5, 91.84 W, 100 %, 17599 MiB
2026/08/05 19:46:07.147, 6, 90.02 W, 100 %, 17599 MiB
2026/08/05 19:46:07.147, 7, 94.74 W, 100 %, 17607 MiB
2026/08/05 19:46:07.347, 0, 89.08 W, 100 %, 17529 MiB
2026/08/05 19:46:07.347, 1, 88.17 W, 100 %, 17599 MiB
2026/08/05 19:46:07.348, 2, 89.78 W, 100 %, 17599 MiB
2026/08/05 19:46:07.348, 3, 89.96 W, 100 %, 17599 MiB
2026/08/05 19:46:07.348, 4, 90.06 W, 100 %, 17599 MiB
2026/08/05 19:46:07.348, 5, 91.84 W, 100 %, 17599 MiB
2026/08/05 19:46:07.348, 6, 90.11 W, 100 %, 17599 MiB
2026/08/05 19:46:07.348, 7, 94.74 W, 100 %, 17607 MiB
2026/08/05 19:46:07.548, 0, 89.08 W, 100 %, 17529 MiB
2026/08/05 19:46:07.548, 1, 88.17 W, 100 %, 17599 MiB
2026/08/05 19:46:07.548, 2, 89.78 W, 100 %, 17599 MiB
2026/08/05 19:46:07.548, 3, 89.78 W, 100 %, 17599 MiB
2026/08/05 19:46:07.548, 4, 90.06 W, 100 %, 17599 MiB
2026/08/05 19:46:07.548, 5, 91.84 W, 100 %, 17599 MiB
2026/08/05 19:46:07.548, 6, 90.02 W, 100 %, 17599 MiB
2026/08/05 19:46:07.548, 7, 94.74 W, 100 %, 17607 MiB
2026/08/05 19:46:07.749, 0, 89.08 W, 100 %, 17529 MiB
2026/08/05 19:46:07.749, 1, 88.17 W, 100 %, 17599 MiB
2026/08/05 19:46:07.749, 2, 89.78 W, 100 %, 17599 MiB
2026/08/05 19:46:07.749, 3, 90.06 W, 100 %, 17599 MiB
2026/08/05 19:46:07.749, 4, 90.06 W, 100 %, 17599 MiB
2026/08/05 19:46:07.749, 5, 91.84 W, 100 %, 17599 MiB
2026/08/05 19:46:07.749, 6, 90.02 W, 100 %, 17599 MiB
2026/08/05 19:46:07.749, 7, 94.74 W, 100 %, 17607 MiB
2026/08/05 19:46:07.949, 0, 89.08 W, 100 %, 17529 MiB
2026/08/05 19:46:07.950, 1, 88.17 W, 100 %, 17599 MiB
2026/08/05 19:46:07.950, 2, 89.78 W, 100 %, 17599 MiB
2026/08/05 19:46:07.950, 3, 90.06 W, 100 %, 17599 MiB
2026/08/05 19:46:07.950, 4, 90.06 W, 100 %, 17599 MiB
2026/08/05 19:46:07.950, 5, 91.84 W, 100 %, 17599 MiB
2026/08/05 19:46:07.950, 6, 90.11 W, 100 %, 17599 MiB
2026/08/05 19:46:07.950, 7, 94.74 W, 100 %, 17607 MiB
2026/08/05 19:46:08.150, 0, 89.08 W, 100 %, 17529 MiB
2026/08/05 19:46:08.150, 1, 88.17 W, 100 %, 17599 MiB
2026/08/05 19:46:08.150, 2, 89.78 W, 100 %, 17599 MiB
2026/08/05 19:46:08.150, 3, 90.06 W, 100 %, 17599 MiB
2026/08/05 19:46:08.150, 4, 90.06 W, 100 %, 17599 MiB
2026/08/05 19:46:08.150, 5, 91.84 W, 100 %, 17599 MiB
2026/08/05 19:46:08.151, 6, 90.11 W, 100 %, 17599 MiB
2026/08/05 19:46:08.151, 7, 94.74 W, 100 %, 17607 MiB
2026/08/05 19:46:08.351, 0, 89.08 W, 100 %, 17529 MiB
2026/08/05 19:46:08.351, 1, 88.17 W, 100 %, 17599 MiB
2026/08/05 19:46:08.351, 2, 89.78 W, 100 %, 17599 MiB
2026/08/05 19:46:08.351, 3, 90.06 W, 100 %, 17599 MiB
2026/08/05 19:46:08.352, 4, 90.06 W, 100 %, 17599 MiB
2026/08/05 19:46:08.352, 5, 91.84 W, 100 %, 17599 MiB
2026/08/05 19:46:08.353, 6, 90.02 W, 100 %, 17599 MiB
2026/08/05 19:46:08.353, 7, 94.74 W, 100 %, 17607 MiB
2026/08/05 19:46:08.553, 0, 89.08 W, 100 %, 17529 MiB
2026/08/05 19:46:08.553, 1, 88.17 W, 100 %, 17599 MiB
2026/08/05 19:46:08.553, 2, 89.78 W, 100 %, 17599 MiB
2026/08/05 19:46:08.553, 3, 89.96 W, 100 %, 17599 MiB
2026/08/05 19:46:08.553, 4, 90.06 W, 100 %, 17599 MiB
2026/08/05 19:46:08.553, 5, 91.84 W, 100 %, 17599 MiB
2026/08/05 19:46:08.553, 6, 90.11 W, 100 %, 17599 MiB
2026/08/05 19:46:08.553, 7, 94.74 W, 100 %, 17607 MiB
2026/08/05 19:46:08.753, 0, 89.08 W, 100 %, 17529 MiB
2026/08/05 19:46:08.753, 1, 88.17 W, 100 %, 17599 MiB
2026/08/05 19:46:08.753, 2, 89.78 W, 100 %, 17599 MiB
2026/08/05 19:46:08.753, 3, 89.96 W, 100 %, 17599 MiB
2026/08/05 19:46:08.753, 4, 90.06 W, 100 %, 17599 MiB
2026/08/05 19:46:08.754, 5, 91.84 W, 100 %, 17599 MiB
2026/08/05 19:46:08.754, 6, 90.02 W, 100 %, 17599 MiB
2026/08/05 19:46:08.754, 7, 94.74 W, 100 %, 17607 MiB
2026/08/05 19:46:08.954, 0, 89.08 W, 100 %, 17529 MiB
2026/08/05 19:46:08.958, 1, 88.17 W, 100 %, 17599 MiB
2026/08/05 19:46:08.958, 2, 89.78 W, 100 %, 17599 MiB
2026/08/05 19:46:08.958, 3, 89.96 W, 100 %, 17599 MiB
2026/08/05 19:46:08.958, 4, 90.06 W, 100 %, 17599 MiB
2026/08/05 19:46:08.958, 5, 91.84 W, 100 %, 17599 MiB
2026/08/05 19:46:08.958, 6, 90.02 W, 100 %, 17599 MiB
2026/08/05 19:46:08.958, 7, 94.74 W, 100 %, 17607 MiB
2026/08/05 19:46:09.158, 0, 89.08 W, 100 %, 17529 MiB
2026/08/05 19:46:09.158, 1, 88.17 W, 100 %, 17599 MiB
2026/08/05 19:46:09.158, 2, 89.78 W, 100 %, 17599 MiB
2026/08/05 19:46:09.158, 3, 89.96 W, 100 %, 17599 MiB
2026/08/05 19:46:09.158, 4, 90.06 W, 100 %, 17599 MiB
2026/08/05 19:46:09.158, 5, 91.84 W, 100 %, 17599 MiB
2026/08/05 19:46:09.158, 6, 90.02 W, 100 %, 17599 MiB
2026/08/05 19:46:09.158, 7, 94.74 W, 100 %, 17607 MiB
2026/08/05 19:46:09.358, 0, 89.08 W, 100 %, 17529 MiB
2026/08/05 19:46:09.359, 1, 88.17 W, 100 %, 17599 MiB
2026/08/05 19:46:09.360, 2, 89.78 W, 100 %, 17599 MiB
2026/08/05 19:46:09.360, 3, 89.96 W, 100 %, 17599 MiB
2026/08/05 19:46:09.360, 4, 90.06 W, 100 %, 17599 MiB
2026/08/05 19:46:09.360, 5, 91.84 W, 100 %, 17599 MiB
2026/08/05 19:46:09.361, 6, 90.02 W, 100 %, 17599 MiB
2026/08/05 19:46:09.361, 7, 94.74 W, 100 %, 17607 MiB
2026/08/05 19:46:09.562, 0, 89.08 W, 100 %, 17529 MiB
2026/08/05 19:46:09.562, 1, 88.17 W, 100 %, 17599 MiB
2026/08/05 19:46:09.562, 2, 89.78 W, 100 %, 17599 MiB
2026/08/05 19:46:09.562, 3, 89.96 W, 100 %, 17599 MiB
2026/08/05 19:46:09.562, 4, 90.06 W, 100 %, 17599 MiB
2026/08/05 19:46:09.562, 5, 91.84 W, 100 %, 17599 MiB
2026/08/05 19:46:09.562, 6, 90.02 W, 100 %, 17599 MiB
2026/08/05 19:46:09.562, 7, 94.74 W, 100 %, 17607 MiB
2026/08/05 19:46:09.762, 0, 89.08 W, 100 %, 17529 MiB
2026/08/05 19:46:09.762, 1, 88.17 W, 100 %, 17599 MiB
2026/08/05 19:46:09.762, 2, 89.78 W, 100 %, 17599 MiB
2026/08/05 19:46:09.762, 3, 89.96 W, 100 %, 17599 MiB
2026/08/05 19:46:09.762, 4, 90.06 W, 100 %, 17599 MiB
2026/08/05 19:46:09.762, 5, 91.84 W, 100 %, 17599 MiB
2026/08/05 19:46:09.762, 6, 90.11 W, 100 %, 17599 MiB
2026/08/05 19:46:09.762, 7, 94.74 W, 100 %, 17607 MiB
2026/08/05 19:46:09.963, 0, 89.36 W, 100 %, 17529 MiB
2026/08/05 19:46:09.964, 1, 88.17 W, 100 %, 17599 MiB
2026/08/05 19:46:09.965, 2, 89.78 W, 100 %, 17599 MiB
2026/08/05 19:46:09.965, 3, 90.06 W, 100 %, 17599 MiB
2026/08/05 19:46:09.965, 4, 90.06 W, 100 %, 17599 MiB
2026/08/05 19:46:09.965, 5, 91.84 W, 100 %, 17599 MiB
2026/08/05 19:46:09.965, 6, 90.02 W, 100 %, 17599 MiB
2026/08/05 19:46:09.965, 7, 94.74 W, 100 %, 17607 MiB
2026/08/05 19:46:10.165, 0, 89.08 W, 100 %, 17529 MiB
2026/08/05 19:46:10.165, 1, 88.17 W, 100 %, 17599 MiB
2026/08/05 19:46:10.166, 2, 89.78 W, 100 %, 17599 MiB
2026/08/05 19:46:10.166, 3, 90.06 W, 100 %, 17599 MiB
2026/08/05 19:46:10.166, 4, 90.06 W, 100 %, 17599 MiB
2026/08/05 19:46:10.166, 5, 91.84 W, 100 %, 17599 MiB
2026/08/05 19:46:10.166, 6, 90.02 W, 100 %, 17599 MiB
2026/08/05 19:46:10.166, 7, 94.74 W, 100 %, 17607 MiB
2026/08/05 19:46:10.366, 0, 89.08 W, 100 %, 17529 MiB
2026/08/05 19:46:10.366, 1, 88.17 W, 100 %, 17599 MiB
2026/08/05 19:46:10.366, 2, 89.78 W, 100 %, 17599 MiB
2026/08/05 19:46:10.366, 3, 89.96 W, 100 %, 17599 MiB
2026/08/05 19:46:10.366, 4, 90.06 W, 100 %, 17599 MiB
2026/08/05 19:46:10.366, 5, 91.84 W, 100 %, 17599 MiB
2026/08/05 19:46:10.366, 6, 90.02 W, 100 %, 17599 MiB
2026/08/05 19:46:10.366, 7, 94.74 W, 100 %, 17607 MiB
2026/08/05 19:46:10.566, 0, 89.08 W, 100 %, 17529 MiB
2026/08/05 19:46:10.570, 1, 88.17 W, 100 %, 17599 MiB
2026/08/05 19:46:10.570, 2, 89.78 W, 100 %, 17599 MiB
2026/08/05 19:46:10.570, 3, 90.06 W, 100 %, 17599 MiB
2026/08/05 19:46:10.570, 4, 90.06 W, 100 %, 17599 MiB
2026/08/05 19:46:10.574, 5, 91.84 W, 100 %, 17599 MiB
2026/08/05 19:46:10.575, 6, 90.02 W, 100 %, 17599 MiB
2026/08/05 19:46:10.575, 7, 94.74 W, 100 %, 17607 MiB
2026/08/05 19:46:10.775, 0, 89.08 W, 100 %, 17529 MiB
2026/08/05 19:46:10.776, 1, 88.17 W, 100 %, 17599 MiB
2026/08/05 19:46:10.776, 2, 89.78 W, 100 %, 17599 MiB
2026/08/05 19:46:10.776, 3, 90.06 W, 100 %, 17599 MiB
2026/08/05 19:46:10.776, 4, 90.06 W, 100 %, 17599 MiB
2026/08/05 19:46:10.776, 5, 91.84 W, 100 %, 17599 MiB
2026/08/05 19:46:10.776, 6, 90.02 W, 100 %, 17599 MiB
2026/08/05 19:46:10.776, 7, 95.07 W, 100 %, 17607 MiB
2026/08/05 19:46:10.976, 0, 89.08 W, 100 %, 17529 MiB
2026/08/05 19:46:10.976, 1, 88.17 W, 100 %, 17599 MiB
2026/08/05 19:46:10.976, 2, 89.45 W, 100 %, 17599 MiB
2026/08/05 19:46:10.976, 3, 90.06 W, 100 %, 17599 MiB
2026/08/05 19:46:10.976, 4, 90.06 W, 100 %, 17599 MiB
2026/08/05 19:46:10.976, 5, 91.84 W, 100 %, 17599 MiB
2026/08/05 19:46:10.976, 6, 90.11 W, 100 %, 17599 MiB
2026/08/05 19:46:10.977, 7, 94.74 W, 100 %, 17607 MiB
2026/08/05 19:46:11.177, 0, 89.36 W, 100 %, 17529 MiB
2026/08/05 19:46:11.177, 1, 88.17 W, 100 %, 17599 MiB
2026/08/05 19:46:11.177, 2, 89.78 W, 100 %, 17599 MiB
2026/08/05 19:46:11.177, 3, 90.06 W, 100 %, 17599 MiB
2026/08/05 19:46:11.177, 4, 90.06 W, 100 %, 17599 MiB
2026/08/05 19:46:11.177, 5, 91.84 W, 100 %, 17599 MiB
2026/08/05 19:46:11.177, 6, 90.02 W, 100 %, 17599 MiB
2026/08/05 19:46:11.177, 7, 94.74 W, 100 %, 17607 MiB
2026/08/05 19:46:11.377, 0, 89.08 W, 100 %, 17529 MiB
2026/08/05 19:46:11.377, 1, 88.17 W, 100 %, 17599 MiB
2026/08/05 19:46:11.377, 2, 89.78 W, 100 %, 17599 MiB
2026/08/05 19:46:11.377, 3, 90.06 W, 100 %, 17599 MiB
2026/08/05 19:46:11.377, 4, 90.06 W, 100 %, 17599 MiB
2026/08/05 19:46:11.377, 5, 91.84 W, 100 %, 17599 MiB
2026/08/05 19:46:11.377, 6, 90.11 W, 100 %, 17599 MiB
2026/08/05 19:46:11.378, 7, 94.74 W, 100 %, 17607 MiB
2026/08/05 19:46:11.578, 0, 89.27 W, 100 %, 17529 MiB
2026/08/05 19:46:11.578, 1, 88.17 W, 100 %, 17599 MiB
2026/08/05 19:46:11.578, 2, 89.69 W, 100 %, 17599 MiB
2026/08/05 19:46:11.578, 3, 89.96 W, 100 %, 17599 MiB
2026/08/05 19:46:11.578, 4, 90.06 W, 100 %, 17599 MiB
2026/08/05 19:46:11.578, 5, 91.75 W, 100 %, 17599 MiB
2026/08/05 19:46:11.578, 6, 90.36 W, 100 %, 17599 MiB
2026/08/05 19:46:11.578, 7, 237.71 W, 100 %, 17607 MiB
2026/08/05 19:46:11.778, 0, 89.27 W, 100 %, 17529 MiB
2026/08/05 19:46:11.778, 1, 88.17 W, 100 %, 17599 MiB
2026/08/05 19:46:11.778, 2, 89.69 W, 100 %, 17599 MiB
2026/08/05 19:46:11.778, 3, 89.96 W, 100 %, 17599 MiB
2026/08/05 19:46:11.778, 4, 90.06 W, 100 %, 17599 MiB
2026/08/05 19:46:11.778, 5, 91.75 W, 100 %, 17599 MiB
2026/08/05 19:46:11.778, 6, 90.36 W, 100 %, 17599 MiB
2026/08/05 19:46:11.778, 7, 243.26 W, 74 %, 17607 MiB
2026/08/05 19:46:11.979, 0, 88.99 W, 100 %, 17529 MiB
2026/08/05 19:46:11.979, 1, 88.17 W, 100 %, 17599 MiB
2026/08/05 19:46:11.979, 2, 89.69 W, 100 %, 17599 MiB
2026/08/05 19:46:11.979, 3, 89.96 W, 100 %, 17599 MiB
2026/08/05 19:46:11.979, 4, 89.96 W, 100 %, 17599 MiB
2026/08/05 19:46:11.979, 5, 91.75 W, 100 %, 17599 MiB
2026/08/05 19:46:11.979, 6, 90.02 W, 100 %, 17599 MiB
2026/08/05 19:46:11.979, 7, 244.80 W, 77 %, 17607 MiB
2026/08/05 19:46:12.179, 0, 89.27 W, 100 %, 17529 MiB
2026/08/05 19:46:12.180, 1, 88.17 W, 100 %, 17599 MiB
2026/08/05 19:46:12.180, 2, 89.69 W, 100 %, 17599 MiB
2026/08/05 19:46:12.180, 3, 89.96 W, 100 %, 17599 MiB
2026/08/05 19:46:12.180, 4, 90.06 W, 100 %, 17599 MiB
2026/08/05 19:46:12.180, 5, 91.75 W, 100 %, 17599 MiB
2026/08/05 19:46:12.180, 6, 90.02 W, 100 %, 17599 MiB
2026/08/05 19:46:12.181, 7, 241.73 W, 77 %, 17607 MiB
2026/08/05 19:46:12.381, 0, 88.99 W, 100 %, 17529 MiB
2026/08/05 19:46:12.381, 1, 88.17 W, 100 %, 17599 MiB
2026/08/05 19:46:12.381, 2, 89.69 W, 100 %, 17599 MiB
2026/08/05 19:46:12.381, 3, 89.96 W, 100 %, 17599 MiB
2026/08/05 19:46:12.381, 4, 90.06 W, 100 %, 17599 MiB
2026/08/05 19:46:12.381, 5, 91.75 W, 100 %, 17599 MiB
2026/08/05 19:46:12.381, 6, 90.36 W, 100 %, 17599 MiB
2026/08/05 19:46:12.381, 7, 244.80 W, 77 %, 17607 MiB
2026/08/05 19:46:12.581, 0, 89.27 W, 100 %, 17529 MiB
2026/08/05 19:46:12.581, 1, 88.17 W, 100 %, 17599 MiB
2026/08/05 19:46:12.581, 2, 89.69 W, 100 %, 17599 MiB
2026/08/05 19:46:12.582, 3, 89.96 W, 100 %, 17599 MiB
2026/08/05 19:46:12.582, 4, 90.06 W, 100 %, 17599 MiB
2026/08/05 19:46:12.582, 5, 91.75 W, 100 %, 17599 MiB
2026/08/05 19:46:12.582, 6, 90.36 W, 100 %, 17599 MiB
2026/08/05 19:46:12.582, 7, 245.16 W, 77 %, 17607 MiB
2026/08/05 19:46:12.782, 0, 89.27 W, 100 %, 17529 MiB
2026/08/05 19:46:12.782, 1, 88.17 W, 100 %, 17599 MiB
2026/08/05 19:46:12.782, 2, 89.69 W, 100 %, 17599 MiB
2026/08/05 19:46:12.782, 3, 89.96 W, 100 %, 17599 MiB
2026/08/05 19:46:12.782, 4, 89.96 W, 100 %, 17599 MiB
2026/08/05 19:46:12.782, 5, 91.75 W, 100 %, 17599 MiB
2026/08/05 19:46:12.782, 6, 90.02 W, 100 %, 17599 MiB
2026/08/05 19:46:12.783, 7, 245.44 W, 77 %, 17607 MiB
2026/08/05 19:46:12.983, 0, 88.99 W, 100 %, 17529 MiB
2026/08/05 19:46:12.983, 1, 88.17 W, 100 %, 17599 MiB
2026/08/05 19:46:12.983, 2, 89.69 W, 100 %, 17599 MiB
2026/08/05 19:46:12.983, 3, 89.96 W, 100 %, 17599 MiB
2026/08/05 19:46:12.983, 4, 90.06 W, 100 %, 17599 MiB
2026/08/05 19:46:12.983, 5, 91.84 W, 100 %, 17599 MiB
2026/08/05 19:46:12.983, 6, 90.02 W, 100 %, 17599 MiB
2026/08/05 19:46:12.984, 7, 246.62 W, 77 %, 17607 MiB
2026/08/05 19:46:13.184, 0, 89.27 W, 100 %, 17529 MiB
2026/08/05 19:46:13.184, 1, 88.17 W, 100 %, 17599 MiB
2026/08/05 19:46:13.184, 2, 89.69 W, 100 %, 17599 MiB
2026/08/05 19:46:13.184, 3, 89.96 W, 100 %, 17599 MiB
2026/08/05 19:46:13.184, 4, 89.96 W, 100 %, 17599 MiB
2026/08/05 19:46:13.184, 5, 91.75 W, 100 %, 17599 MiB
2026/08/05 19:46:13.184, 6, 90.02 W, 100 %, 17599 MiB
2026/08/05 19:46:13.184, 7, 245.16 W, 77 %, 17607 MiB
2026/08/05 19:46:13.384, 0, 89.27 W, 100 %, 17529 MiB
2026/08/05 19:46:13.385, 1, 88.17 W, 100 %, 17599 MiB
2026/08/05 19:46:13.385, 2, 89.69 W, 100 %, 17599 MiB
2026/08/05 19:46:13.385, 3, 89.96 W, 100 %, 17599 MiB
2026/08/05 19:46:13.387, 4, 89.96 W, 100 %, 17599 MiB
2026/08/05 19:46:13.389, 5, 91.75 W, 100 %, 17599 MiB
2026/08/05 19:46:13.389, 6, 90.02 W, 100 %, 17599 MiB
2026/08/05 19:46:13.389, 7, 246.02 W, 77 %, 17607 MiB
2026/08/05 19:46:13.589, 0, 89.27 W, 100 %, 17529 MiB
2026/08/05 19:46:13.589, 1, 88.17 W, 100 %, 17599 MiB
2026/08/05 19:46:13.590, 2, 89.69 W, 100 %, 17599 MiB
2026/08/05 19:46:13.590, 3, 89.96 W, 100 %, 17599 MiB
2026/08/05 19:46:13.590, 4, 90.06 W, 100 %, 17599 MiB
2026/08/05 19:46:13.590, 5, 91.75 W, 100 %, 17599 MiB
2026/08/05 19:46:13.590, 6, 228.11 W, 95 %, 17599 MiB
2026/08/05 19:46:13.590, 7, 98.00 W, 77 %, 17835 MiB
2026/08/05 19:46:13.790, 0, 89.27 W, 100 %, 17529 MiB
2026/08/05 19:46:13.797, 1, 88.17 W, 100 %, 17599 MiB
2026/08/05 19:46:13.797, 2, 89.69 W, 100 %, 17599 MiB
2026/08/05 19:46:13.797, 3, 89.96 W, 100 %, 17599 MiB
2026/08/05 19:46:13.797, 4, 90.06 W, 100 %, 17599 MiB
2026/08/05 19:46:13.797, 5, 91.75 W, 100 %, 17599 MiB
2026/08/05 19:46:13.797, 6, 231.14 W, 77 %, 17599 MiB
2026/08/05 19:46:13.797, 7, 97.12 W, 75 %, 17835 MiB
2026/08/05 19:46:13.997, 0, 89.27 W, 100 %, 17529 MiB
2026/08/05 19:46:13.997, 1, 88.17 W, 100 %, 17599 MiB
2026/08/05 19:46:13.997, 2, 89.69 W, 100 %, 17599 MiB
2026/08/05 19:46:13.997, 3, 89.96 W, 100 %, 17599 MiB
2026/08/05 19:46:13.997, 4, 90.06 W, 100 %, 17599 MiB
2026/08/05 19:46:13.997, 5, 91.75 W, 100 %, 17599 MiB
2026/08/05 19:46:13.997, 6, 233.01 W, 77 %, 17599 MiB
2026/08/05 19:46:13.997, 7, 96.46 W, 100 %, 17835 MiB
2026/08/05 19:46:14.197, 0, 89.27 W, 100 %, 17529 MiB
2026/08/05 19:46:14.198, 1, 88.17 W, 100 %, 17599 MiB
2026/08/05 19:46:14.198, 2, 89.69 W, 100 %, 17599 MiB
2026/08/05 19:46:14.198, 3, 89.96 W, 100 %, 17599 MiB
2026/08/05 19:46:14.198, 4, 90.06 W, 100 %, 17599 MiB
2026/08/05 19:46:14.198, 5, 91.75 W, 100 %, 17599 MiB
2026/08/05 19:46:14.198, 6, 232.41 W, 77 %, 17599 MiB
2026/08/05 19:46:14.198, 7, 96.18 W, 100 %, 17835 MiB
2026/08/05 19:46:14.398, 0, 89.27 W, 100 %, 17529 MiB
2026/08/05 19:46:14.398, 1, 88.17 W, 100 %, 17599 MiB
2026/08/05 19:46:14.399, 2, 89.69 W, 100 %, 17599 MiB
2026/08/05 19:46:14.399, 3, 89.96 W, 100 %, 17599 MiB
2026/08/05 19:46:14.399, 4, 90.06 W, 100 %, 17599 MiB
2026/08/05 19:46:14.399, 5, 91.75 W, 100 %, 17599 MiB
2026/08/05 19:46:14.399, 6, 236.04 W, 77 %, 17599 MiB
2026/08/05 19:46:14.400, 7, 95.86 W, 100 %, 17835 MiB
2026/08/05 19:46:14.600, 0, 89.27 W, 100 %, 17529 MiB
2026/08/05 19:46:14.600, 1, 88.17 W, 100 %, 17599 MiB
2026/08/05 19:46:14.600, 2, 89.69 W, 100 %, 17599 MiB
2026/08/05 19:46:14.601, 3, 89.96 W, 100 %, 17599 MiB
2026/08/05 19:46:14.601, 4, 90.06 W, 100 %, 17599 MiB
2026/08/05 19:46:14.601, 5, 91.75 W, 100 %, 17599 MiB
2026/08/05 19:46:14.601, 6, 236.71 W, 77 %, 17599 MiB
2026/08/05 19:46:14.601, 7, 95.86 W, 100 %, 17835 MiB
2026/08/05 19:46:14.801, 0, 89.27 W, 100 %, 17529 MiB
2026/08/05 19:46:14.801, 1, 88.17 W, 100 %, 17599 MiB
2026/08/05 19:46:14.802, 2, 89.69 W, 100 %, 17599 MiB
2026/08/05 19:46:14.802, 3, 89.96 W, 100 %, 17599 MiB
2026/08/05 19:46:14.802, 4, 90.06 W, 100 %, 17599 MiB
2026/08/05 19:46:14.802, 5, 91.75 W, 100 %, 17599 MiB
2026/08/05 19:46:14.802, 6, 234.22 W, 77 %, 17599 MiB
2026/08/05 19:46:14.802, 7, 95.86 W, 100 %, 17835 MiB
2026/08/05 19:46:15.002, 0, 89.27 W, 100 %, 17529 MiB
2026/08/05 19:46:15.002, 1, 88.17 W, 100 %, 17599 MiB
2026/08/05 19:46:15.002, 2, 89.69 W, 100 %, 17599 MiB
2026/08/05 19:46:15.002, 3, 89.96 W, 100 %, 17599 MiB
2026/08/05 19:46:15.003, 4, 89.96 W, 100 %, 17599 MiB
2026/08/05 19:46:15.003, 5, 91.75 W, 100 %, 17599 MiB
2026/08/05 19:46:15.003, 6, 236.71 W, 77 %, 17599 MiB
2026/08/05 19:46:15.003, 7, 95.58 W, 100 %, 17835 MiB
2026/08/05 19:46:15.203, 0, 89.27 W, 100 %, 17529 MiB
2026/08/05 19:46:15.203, 1, 88.17 W, 100 %, 17599 MiB
2026/08/05 19:46:15.203, 2, 89.69 W, 100 %, 17599 MiB
2026/08/05 19:46:15.203, 3, 89.96 W, 100 %, 17599 MiB
2026/08/05 19:46:15.203, 4, 90.06 W, 100 %, 17599 MiB
2026/08/05 19:46:15.203, 5, 91.75 W, 100 %, 17599 MiB
2026/08/05 19:46:15.203, 6, 236.38 W, 77 %, 17599 MiB
2026/08/05 19:46:15.204, 7, 95.58 W, 100 %, 17835 MiB
2026/08/05 19:46:15.404, 0, 89.27 W, 100 %, 17529 MiB
2026/08/05 19:46:15.417, 1, 88.17 W, 100 %, 17599 MiB
2026/08/05 19:46:15.417, 2, 89.69 W, 100 %, 17599 MiB
2026/08/05 19:46:15.417, 3, 89.96 W, 100 %, 17599 MiB
2026/08/05 19:46:15.417, 4, 90.06 W, 100 %, 17599 MiB
2026/08/05 19:46:15.417, 5, 91.75 W, 100 %, 17599 MiB
2026/08/05 19:46:15.417, 6, 235.16 W, 77 %, 17599 MiB
2026/08/05 19:46:15.417, 7, 95.58 W, 100 %, 17835 MiB
2026/08/05 19:46:15.617, 0, 89.36 W, 100 %, 17529 MiB
2026/08/05 19:46:15.617, 1, 88.08 W, 100 %, 17599 MiB
2026/08/05 19:46:15.617, 2, 89.69 W, 100 %, 17599 MiB
2026/08/05 19:46:15.617, 3, 89.96 W, 100 %, 17599 MiB
2026/08/05 19:46:15.618, 4, 89.96 W, 100 %, 17599 MiB
2026/08/05 19:46:15.618, 5, 213.76 W, 100 %, 17599 MiB
2026/08/05 19:46:15.618, 6, 142.75 W, 77 %, 17827 MiB
2026/08/05 19:46:15.618, 7, 95.86 W, 100 %, 17835 MiB
2026/08/05 19:46:15.818, 0, 89.27 W, 100 %, 17529 MiB
2026/08/05 19:46:15.818, 1, 88.17 W, 100 %, 17599 MiB
2026/08/05 19:46:15.818, 2, 89.69 W, 100 %, 17599 MiB
2026/08/05 19:46:15.818, 3, 89.96 W, 100 %, 17599 MiB
2026/08/05 19:46:15.818, 4, 90.06 W, 100 %, 17599 MiB
2026/08/05 19:46:15.818, 5, 233.72 W, 79 %, 17599 MiB
2026/08/05 19:46:15.818, 6, 95.26 W, 83 %, 17827 MiB
2026/08/05 19:46:15.818, 7, 95.58 W, 97 %, 17835 MiB
2026/08/05 19:46:16.018, 0, 88.99 W, 100 %, 17529 MiB
2026/08/05 19:46:16.019, 1, 88.17 W, 100 %, 17599 MiB
2026/08/05 19:46:16.019, 2, 89.69 W, 100 %, 17599 MiB
2026/08/05 19:46:16.019, 3, 89.96 W, 100 %, 17599 MiB
2026/08/05 19:46:16.020, 4, 90.06 W, 100 %, 17599 MiB
2026/08/05 19:46:16.020, 5, 238.65 W, 77 %, 17599 MiB
2026/08/05 19:46:16.020, 6, 92.18 W, 100 %, 17827 MiB
2026/08/05 19:46:16.020, 7, 95.25 W, 98 %, 17835 MiB
2026/08/05 19:46:16.222, 0, 88.99 W, 100 %, 17529 MiB
2026/08/05 19:46:16.222, 1, 88.17 W, 100 %, 17599 MiB
2026/08/05 19:46:16.222, 2, 89.69 W, 100 %, 17599 MiB
2026/08/05 19:46:16.222, 3, 89.96 W, 100 %, 17599 MiB
2026/08/05 19:46:16.222, 4, 90.06 W, 100 %, 17599 MiB
2026/08/05 19:46:16.222, 5, 238.32 W, 77 %, 17599 MiB
2026/08/05 19:46:16.222, 6, 91.85 W, 100 %, 17827 MiB
2026/08/05 19:46:16.222, 7, 95.58 W, 100 %, 17835 MiB
2026/08/05 19:46:16.423, 0, 89.27 W, 100 %, 17529 MiB
2026/08/05 19:46:16.423, 1, 88.17 W, 100 %, 17599 MiB
2026/08/05 19:46:16.423, 2, 89.69 W, 100 %, 17599 MiB
2026/08/05 19:46:16.423, 3, 89.96 W, 100 %, 17599 MiB
2026/08/05 19:46:16.423, 4, 90.06 W, 100 %, 17599 MiB
2026/08/05 19:46:16.423, 5, 238.04 W, 77 %, 17599 MiB
2026/08/05 19:46:16.423, 6, 91.85 W, 100 %, 17827 MiB
2026/08/05 19:46:16.423, 7, 95.58 W, 100 %, 17835 MiB
2026/08/05 19:46:16.623, 0, 89.27 W, 100 %, 17529 MiB
2026/08/05 19:46:16.623, 1, 88.17 W, 100 %, 17599 MiB
2026/08/05 19:46:16.623, 2, 89.69 W, 100 %, 17599 MiB
2026/08/05 19:46:16.623, 3, 89.96 W, 100 %, 17599 MiB
2026/08/05 19:46:16.624, 4, 90.06 W, 100 %, 17599 MiB
2026/08/05 19:46:16.624, 5, 238.65 W, 77 %, 17599 MiB
2026/08/05 19:46:16.624, 6, 90.96 W, 100 %, 17827 MiB
2026/08/05 19:46:16.624, 7, 95.58 W, 100 %, 17835 MiB
2026/08/05 19:46:16.825, 0, 89.27 W, 100 %, 17529 MiB
2026/08/05 19:46:16.825, 1, 88.17 W, 100 %, 17599 MiB
2026/08/05 19:46:16.825, 2, 89.69 W, 100 %, 17599 MiB
2026/08/05 19:46:16.825, 3, 89.96 W, 100 %, 17599 MiB
2026/08/05 19:46:16.826, 4, 89.96 W, 100 %, 17599 MiB
2026/08/05 19:46:16.826, 5, 235.88 W, 77 %, 17599 MiB
2026/08/05 19:46:16.826, 6, 90.96 W, 100 %, 17827 MiB
2026/08/05 19:46:16.826, 7, 95.25 W, 100 %, 17835 MiB
2026/08/05 19:46:17.026, 0, 89.27 W, 100 %, 17529 MiB
2026/08/05 19:46:17.026, 1, 88.17 W, 100 %, 17599 MiB
2026/08/05 19:46:17.026, 2, 89.69 W, 100 %, 17599 MiB
2026/08/05 19:46:17.026, 3, 89.96 W, 100 %, 17599 MiB
2026/08/05 19:46:17.026, 4, 90.06 W, 100 %, 17599 MiB
2026/08/05 19:46:17.026, 5, 237.10 W, 77 %, 17599 MiB
2026/08/05 19:46:17.026, 6, 90.96 W, 100 %, 17827 MiB
2026/08/05 19:46:17.026, 7, 95.25 W, 100 %, 17835 MiB
2026/08/05 19:46:17.227, 0, 89.27 W, 100 %, 17529 MiB
2026/08/05 19:46:17.227, 1, 88.17 W, 100 %, 17599 MiB
2026/08/05 19:46:17.228, 2, 89.69 W, 100 %, 17599 MiB
2026/08/05 19:46:17.228, 3, 89.96 W, 100 %, 17599 MiB
2026/08/05 19:46:17.228, 4, 89.96 W, 100 %, 17599 MiB
2026/08/05 19:46:17.228, 5, 237.10 W, 77 %, 17599 MiB
2026/08/05 19:46:17.228, 6, 90.63 W, 100 %, 17827 MiB
2026/08/05 19:46:17.229, 7, 95.58 W, 100 %, 17835 MiB
2026/08/05 19:46:17.429, 0, 88.99 W, 100 %, 17529 MiB
2026/08/05 19:46:17.429, 1, 88.17 W, 100 %, 17599 MiB
2026/08/05 19:46:17.429, 2, 89.69 W, 100 %, 17599 MiB
2026/08/05 19:46:17.430, 3, 89.96 W, 100 %, 17599 MiB
2026/08/05 19:46:17.430, 4, 90.06 W, 100 %, 17599 MiB
2026/08/05 19:46:17.430, 5, 238.04 W, 77 %, 17599 MiB
2026/08/05 19:46:17.430, 6, 90.63 W, 100 %, 17827 MiB
2026/08/05 19:46:17.430, 7, 95.58 W, 100 %, 17835 MiB
2026/08/05 19:46:17.630, 0, 89.27 W, 100 %, 17529 MiB
2026/08/05 19:46:17.630, 1, 88.17 W, 100 %, 17599 MiB
2026/08/05 19:46:17.630, 2, 89.69 W, 100 %, 17599 MiB
2026/08/05 19:46:17.630, 3, 89.96 W, 100 %, 17599 MiB
2026/08/05 19:46:17.630, 4, 90.06 W, 100 %, 17599 MiB
2026/08/05 19:46:17.630, 5, 239.25 W, 77 %, 17827 MiB
2026/08/05 19:46:17.630, 6, 90.63 W, 100 %, 17827 MiB
2026/08/05 19:46:17.630, 7, 94.64 W, 100 %, 17835 MiB
2026/08/05 19:46:17.831, 0, 89.27 W, 100 %, 17529 MiB
2026/08/05 19:46:17.831, 1, 88.17 W, 100 %, 17599 MiB
2026/08/05 19:46:17.831, 2, 89.69 W, 100 %, 17599 MiB
2026/08/05 19:46:17.831, 3, 89.96 W, 100 %, 17599 MiB
2026/08/05 19:46:17.831, 4, 237.67 W, 90 %, 17599 MiB
2026/08/05 19:46:17.831, 5, 94.19 W, 74 %, 17827 MiB
2026/08/05 19:46:17.831, 6, 90.63 W, 95 %, 17827 MiB
2026/08/05 19:46:17.831, 7, 95.25 W, 100 %, 17835 MiB
2026/08/05 19:46:18.031, 0, 89.27 W, 100 %, 17529 MiB
2026/08/05 19:46:18.031, 1, 88.17 W, 100 %, 17599 MiB
2026/08/05 19:46:18.031, 2, 89.69 W, 100 %, 17599 MiB
2026/08/05 19:46:18.032, 3, 89.96 W, 100 %, 17599 MiB
2026/08/05 19:46:18.032, 4, 238.28 W, 77 %, 17599 MiB
2026/08/05 19:46:18.032, 5, 93.58 W, 100 %, 17827 MiB
2026/08/05 19:46:18.032, 6, 90.63 W, 100 %, 17827 MiB
2026/08/05 19:46:18.032, 7, 95.58 W, 100 %, 17835 MiB
2026/08/05 19:46:18.232, 0, 89.27 W, 100 %, 17529 MiB
2026/08/05 19:46:18.236, 1, 88.17 W, 100 %, 17599 MiB
2026/08/05 19:46:18.236, 2, 89.69 W, 100 %, 17599 MiB
2026/08/05 19:46:18.236, 3, 89.96 W, 100 %, 17599 MiB
2026/08/05 19:46:18.236, 4, 239.83 W, 77 %, 17599 MiB
2026/08/05 19:46:18.236, 5, 93.31 W, 100 %, 17827 MiB
2026/08/05 19:46:18.236, 6, 90.63 W, 100 %, 17827 MiB
2026/08/05 19:46:18.236, 7, 95.25 W, 100 %, 17835 MiB
2026/08/05 19:46:18.436, 0, 89.27 W, 100 %, 17529 MiB
2026/08/05 19:46:18.436, 1, 88.17 W, 100 %, 17599 MiB
2026/08/05 19:46:18.436, 2, 89.69 W, 100 %, 17599 MiB
2026/08/05 19:46:18.436, 3, 89.96 W, 100 %, 17599 MiB
2026/08/05 19:46:18.436, 4, 236.73 W, 77 %, 17599 MiB
2026/08/05 19:46:18.436, 5, 92.97 W, 100 %, 17827 MiB
2026/08/05 19:46:18.436, 6, 90.63 W, 100 %, 17827 MiB
2026/08/05 19:46:18.436, 7, 95.58 W, 100 %, 17835 MiB
2026/08/05 19:46:18.637, 0, 89.27 W, 100 %, 17529 MiB
2026/08/05 19:46:18.637, 1, 88.17 W, 100 %, 17599 MiB
2026/08/05 19:46:18.637, 2, 89.69 W, 100 %, 17599 MiB
2026/08/05 19:46:18.637, 3, 89.96 W, 100 %, 17599 MiB
2026/08/05 19:46:18.637, 4, 240.11 W, 77 %, 17599 MiB
2026/08/05 19:46:18.637, 5, 92.97 W, 100 %, 17827 MiB
2026/08/05 19:46:18.637, 6, 90.63 W, 100 %, 17827 MiB
2026/08/05 19:46:18.637, 7, 95.25 W, 100 %, 17835 MiB
2026/08/05 19:46:18.837, 0, 89.27 W, 100 %, 17529 MiB
2026/08/05 19:46:18.837, 1, 88.17 W, 100 %, 17599 MiB
2026/08/05 19:46:18.838, 2, 89.69 W, 100 %, 17599 MiB
2026/08/05 19:46:18.839, 3, 89.96 W, 100 %, 17599 MiB
2026/08/05 19:46:18.839, 4, 237.95 W, 77 %, 17599 MiB
2026/08/05 19:46:18.839, 5, 92.69 W, 100 %, 17827 MiB
2026/08/05 19:46:18.840, 6, 90.63 W, 100 %, 17827 MiB
2026/08/05 19:46:18.840, 7, 95.58 W, 100 %, 17835 MiB
2026/08/05 19:46:19.041, 0, 89.27 W, 100 %, 17529 MiB
2026/08/05 19:46:19.041, 1, 88.17 W, 100 %, 17599 MiB
2026/08/05 19:46:19.041, 2, 89.69 W, 100 %, 17599 MiB
2026/08/05 19:46:19.041, 3, 89.96 W, 100 %, 17599 MiB
2026/08/05 19:46:19.041, 4, 238.56 W, 77 %, 17599 MiB
2026/08/05 19:46:19.041, 5, 92.69 W, 100 %, 17827 MiB
2026/08/05 19:46:19.041, 6, 90.63 W, 100 %, 17827 MiB
2026/08/05 19:46:19.041, 7, 95.25 W, 100 %, 17835 MiB
2026/08/05 19:46:19.241, 0, 89.27 W, 100 %, 17529 MiB
2026/08/05 19:46:19.242, 1, 88.17 W, 100 %, 17599 MiB
2026/08/05 19:46:19.242, 2, 89.69 W, 100 %, 17599 MiB
2026/08/05 19:46:19.242, 3, 89.96 W, 100 %, 17599 MiB
2026/08/05 19:46:19.242, 4, 237.95 W, 77 %, 17599 MiB
2026/08/05 19:46:19.242, 5, 92.69 W, 100 %, 17827 MiB
2026/08/05 19:46:19.242, 6, 90.63 W, 100 %, 17827 MiB
2026/08/05 19:46:19.242, 7, 95.25 W, 100 %, 17835 MiB
2026/08/05 19:46:19.442, 0, 89.27 W, 100 %, 17529 MiB
2026/08/05 19:46:19.454, 1, 88.17 W, 100 %, 17599 MiB
2026/08/05 19:46:19.454, 2, 89.69 W, 100 %, 17599 MiB
2026/08/05 19:46:19.454, 3, 89.96 W, 100 %, 17599 MiB
2026/08/05 19:46:19.454, 4, 241.33 W, 77 %, 17599 MiB
2026/08/05 19:46:19.454, 5, 92.36 W, 100 %, 17827 MiB
2026/08/05 19:46:19.454, 6, 90.63 W, 100 %, 17827 MiB
2026/08/05 19:46:19.454, 7, 95.25 W, 100 %, 17835 MiB
2026/08/05 19:46:19.654, 0, 89.27 W, 100 %, 17529 MiB
2026/08/05 19:46:19.655, 1, 88.08 W, 100 %, 17599 MiB
2026/08/05 19:46:19.655, 2, 89.69 W, 100 %, 17599 MiB
2026/08/05 19:46:19.655, 3, 89.96 W, 100 %, 17599 MiB
2026/08/05 19:46:19.655, 4, 238.28 W, 77 %, 17827 MiB
2026/08/05 19:46:19.655, 5, 92.36 W, 100 %, 17827 MiB
2026/08/05 19:46:19.655, 6, 90.63 W, 100 %, 17827 MiB
2026/08/05 19:46:19.656, 7, 95.25 W, 100 %, 17835 MiB
2026/08/05 19:46:19.856, 0, 89.27 W, 100 %, 17529 MiB
2026/08/05 19:46:19.856, 1, 88.08 W, 100 %, 17599 MiB
2026/08/05 19:46:19.856, 2, 89.69 W, 100 %, 17599 MiB
2026/08/05 19:46:19.856, 3, 235.88 W, 94 %, 17599 MiB
2026/08/05 19:46:19.856, 4, 188.01 W, 76 %, 17827 MiB
2026/08/05 19:46:19.856, 5, 98.22 W, 99 %, 17827 MiB
2026/08/05 19:46:19.856, 6, 90.63 W, 100 %, 17827 MiB
2026/08/05 19:46:19.856, 7, 95.25 W, 100 %, 17835 MiB
2026/08/05 19:46:20.056, 0, 89.27 W, 100 %, 17529 MiB
2026/08/05 19:46:20.057, 1, 88.08 W, 100 %, 17599 MiB
2026/08/05 19:46:20.057, 2, 89.69 W, 100 %, 17599 MiB
2026/08/05 19:46:20.057, 3, 234.00 W, 76 %, 17599 MiB
2026/08/05 19:46:20.058, 4, 91.61 W, 90 %, 17827 MiB
2026/08/05 19:46:20.058, 5, 92.46 W, 95 %, 17827 MiB
2026/08/05 19:46:20.059, 6, 90.63 W, 100 %, 17827 MiB
2026/08/05 19:46:20.059, 7, 95.25 W, 100 %, 17835 MiB
2026/08/05 19:46:20.259, 0, 89.27 W, 100 %, 17529 MiB
2026/08/05 19:46:20.259, 1, 88.08 W, 100 %, 17599 MiB
2026/08/05 19:46:20.259, 2, 89.69 W, 100 %, 17599 MiB
2026/08/05 19:46:20.260, 3, 233.72 W, 76 %, 17599 MiB
2026/08/05 19:46:20.260, 4, 91.33 W, 100 %, 17827 MiB
2026/08/05 19:46:20.260, 5, 92.46 W, 100 %, 17827 MiB
2026/08/05 19:46:20.260, 6, 90.63 W, 100 %, 17827 MiB
2026/08/05 19:46:20.260, 7, 94.64 W, 100 %, 17835 MiB
2026/08/05 19:46:20.460, 0, 89.27 W, 100 %, 17529 MiB
2026/08/05 19:46:20.460, 1, 88.17 W, 100 %, 17599 MiB
2026/08/05 19:46:20.460, 2, 89.69 W, 100 %, 17599 MiB
2026/08/05 19:46:20.460, 3, 235.88 W, 76 %, 17599 MiB
2026/08/05 19:46:20.460, 4, 91.33 W, 100 %, 17827 MiB
2026/08/05 19:46:20.460, 5, 92.46 W, 100 %, 17827 MiB
2026/08/05 19:46:20.460, 6, 90.63 W, 100 %, 17827 MiB
2026/08/05 19:46:20.460, 7, 95.25 W, 100 %, 17835 MiB
2026/08/05 19:46:20.661, 0, 89.27 W, 100 %, 17529 MiB
2026/08/05 19:46:20.661, 1, 88.08 W, 100 %, 17599 MiB
2026/08/05 19:46:20.662, 2, 89.69 W, 100 %, 17599 MiB
2026/08/05 19:46:20.662, 3, 236.49 W, 76 %, 17599 MiB
2026/08/05 19:46:20.662, 4, 91.00 W, 100 %, 17827 MiB
2026/08/05 19:46:20.663, 5, 92.36 W, 100 %, 17827 MiB
2026/08/05 19:46:20.663, 6, 90.63 W, 100 %, 17827 MiB
2026/08/05 19:46:20.664, 7, 95.25 W, 100 %, 17835 MiB
2026/08/05 19:46:20.864, 0, 89.27 W, 100 %, 17529 MiB
2026/08/05 19:46:20.864, 1, 88.17 W, 100 %, 17599 MiB
2026/08/05 19:46:20.864, 2, 89.69 W, 100 %, 17599 MiB
2026/08/05 19:46:20.864, 3, 238.65 W, 76 %, 17599 MiB
2026/08/05 19:46:20.864, 4, 91.00 W, 100 %, 17827 MiB
2026/08/05 19:46:20.864, 5, 92.36 W, 100 %, 17827 MiB
2026/08/05 19:46:20.864, 6, 90.63 W, 100 %, 17827 MiB
2026/08/05 19:46:20.865, 7, 95.25 W, 100 %, 17835 MiB
2026/08/05 19:46:21.065, 0, 89.27 W, 100 %, 17529 MiB
2026/08/05 19:46:21.065, 1, 88.08 W, 100 %, 17599 MiB
2026/08/05 19:46:21.065, 2, 89.69 W, 100 %, 17599 MiB
2026/08/05 19:46:21.065, 3, 237.10 W, 76 %, 17599 MiB
2026/08/05 19:46:21.065, 4, 91.00 W, 100 %, 17827 MiB
2026/08/05 19:46:21.065, 5, 92.46 W, 100 %, 17827 MiB
2026/08/05 19:46:21.065, 6, 90.63 W, 100 %, 17827 MiB
2026/08/05 19:46:21.065, 7, 95.25 W, 100 %, 17835 MiB
2026/08/05 19:46:21.265, 0, 89.27 W, 100 %, 17529 MiB
2026/08/05 19:46:21.266, 1, 88.17 W, 100 %, 17599 MiB
2026/08/05 19:46:21.266, 2, 89.69 W, 100 %, 17599 MiB
2026/08/05 19:46:21.266, 3, 238.93 W, 76 %, 17599 MiB
2026/08/05 19:46:21.266, 4, 90.72 W, 100 %, 17827 MiB
2026/08/05 19:46:21.266, 5, 92.36 W, 100 %, 17827 MiB
2026/08/05 19:46:21.266, 6, 90.63 W, 100 %, 17827 MiB
2026/08/05 19:46:21.266, 7, 95.25 W, 100 %, 17835 MiB
2026/08/05 19:46:21.466, 0, 89.27 W, 100 %, 17529 MiB
2026/08/05 19:46:21.467, 1, 88.17 W, 100 %, 17599 MiB
2026/08/05 19:46:21.467, 2, 89.69 W, 100 %, 17599 MiB
2026/08/05 19:46:21.467, 3, 239.25 W, 76 %, 17599 MiB
2026/08/05 19:46:21.467, 4, 90.72 W, 100 %, 17827 MiB
2026/08/05 19:46:21.469, 5, 92.36 W, 100 %, 17827 MiB
2026/08/05 19:46:21.470, 6, 90.63 W, 100 %, 17827 MiB
2026/08/05 19:46:21.470, 7, 95.25 W, 100 %, 17835 MiB
2026/08/05 19:46:21.670, 0, 89.27 W, 100 %, 17529 MiB
2026/08/05 19:46:21.670, 1, 88.08 W, 100 %, 17599 MiB
2026/08/05 19:46:21.670, 2, 89.69 W, 100 %, 17599 MiB
2026/08/05 19:46:21.670, 3, 238.93 W, 76 %, 17599 MiB
2026/08/05 19:46:21.670, 4, 90.72 W, 100 %, 17827 MiB
2026/08/05 19:46:21.670, 5, 92.36 W, 100 %, 17827 MiB
2026/08/05 19:46:21.670, 6, 90.63 W, 100 %, 17827 MiB
2026/08/05 19:46:21.671, 7, 94.64 W, 100 %, 17835 MiB
2026/08/05 19:46:21.871, 0, 89.27 W, 100 %, 17529 MiB
2026/08/05 19:46:21.875, 1, 88.08 W, 100 %, 17599 MiB
2026/08/05 19:46:21.875, 2, 136.25 W, 77 %, 17599 MiB
2026/08/05 19:46:21.875, 3, 238.93 W, 76 %, 17827 MiB
2026/08/05 19:46:21.875, 4, 96.17 W, 94 %, 17827 MiB
2026/08/05 19:46:21.875, 5, 92.36 W, 100 %, 17827 MiB
2026/08/05 19:46:21.875, 6, 90.54 W, 100 %, 17827 MiB
2026/08/05 19:46:21.876, 7, 94.64 W, 100 %, 17835 MiB
2026/08/05 19:46:22.076, 0, 89.27 W, 100 %, 17529 MiB
2026/08/05 19:46:22.076, 1, 88.08 W, 100 %, 17599 MiB
2026/08/05 19:46:22.076, 2, 230.63 W, 76 %, 17599 MiB
2026/08/05 19:46:22.078, 3, 91.24 W, 79 %, 17827 MiB
2026/08/05 19:46:22.078, 4, 90.72 W, 100 %, 17827 MiB
2026/08/05 19:46:22.079, 5, 92.46 W, 100 %, 17827 MiB
2026/08/05 19:46:22.081, 6, 90.63 W, 100 %, 17827 MiB
2026/08/05 19:46:22.083, 7, 95.25 W, 100 %, 17835 MiB
2026/08/05 19:46:22.283, 0, 89.27 W, 100 %, 17529 MiB
2026/08/05 19:46:22.283, 1, 88.08 W, 100 %, 17599 MiB
2026/08/05 19:46:22.283, 2, 234.67 W, 76 %, 17599 MiB
2026/08/05 19:46:22.283, 3, 90.91 W, 100 %, 17827 MiB
2026/08/05 19:46:22.283, 4, 90.72 W, 100 %, 17827 MiB
2026/08/05 19:46:22.283, 5, 92.46 W, 100 %, 17827 MiB
2026/08/05 19:46:22.283, 6, 90.63 W, 100 %, 17827 MiB
2026/08/05 19:46:22.284, 7, 94.64 W, 100 %, 17835 MiB
2026/08/05 19:46:22.484, 0, 89.27 W, 100 %, 17529 MiB
2026/08/05 19:46:22.484, 1, 88.08 W, 100 %, 17599 MiB
2026/08/05 19:46:22.484, 2, 235.88 W, 76 %, 17599 MiB
2026/08/05 19:46:22.484, 3, 90.91 W, 100 %, 17827 MiB
2026/08/05 19:46:22.484, 4, 90.72 W, 100 %, 17827 MiB
2026/08/05 19:46:22.484, 5, 92.13 W, 100 %, 17827 MiB
2026/08/05 19:46:22.484, 6, 90.36 W, 100 %, 17827 MiB
2026/08/05 19:46:22.484, 7, 95.25 W, 100 %, 17835 MiB
2026/08/05 19:46:22.684, 0, 89.27 W, 100 %, 17529 MiB
2026/08/05 19:46:22.714, 1, 88.08 W, 100 %, 17599 MiB
2026/08/05 19:46:22.716, 2, 236.76 W, 76 %, 17599 MiB
2026/08/05 19:46:22.716, 3, 90.91 W, 100 %, 17827 MiB
2026/08/05 19:46:22.717, 4, 90.72 W, 100 %, 17827 MiB
2026/08/05 19:46:22.717, 5, 92.03 W, 100 %, 17827 MiB
2026/08/05 19:46:22.717, 6, 90.36 W, 100 %, 17827 MiB
2026/08/05 19:46:22.717, 7, 95.25 W, 100 %, 17835 MiB
2026/08/05 19:46:22.918, 0, 89.27 W, 100 %, 17529 MiB
2026/08/05 19:46:22.918, 1, 88.08 W, 100 %, 17599 MiB
2026/08/05 19:46:22.918, 2, 235.88 W, 76 %, 17599 MiB
2026/08/05 19:46:22.918, 3, 90.63 W, 100 %, 17827 MiB
2026/08/05 19:46:22.918, 4, 90.72 W, 100 %, 17827 MiB
2026/08/05 19:46:22.918, 5, 92.13 W, 100 %, 17827 MiB
2026/08/05 19:46:22.918, 6, 90.63 W, 100 %, 17827 MiB
2026/08/05 19:46:22.918, 7, 95.25 W, 100 %, 17835 MiB
2026/08/05 19:46:23.118, 0, 89.27 W, 100 %, 17529 MiB
2026/08/05 19:46:23.119, 1, 88.08 W, 100 %, 17599 MiB
2026/08/05 19:46:23.119, 2, 238.32 W, 76 %, 17599 MiB
2026/08/05 19:46:23.119, 3, 90.63 W, 100 %, 17827 MiB
2026/08/05 19:46:23.119, 4, 90.72 W, 100 %, 17827 MiB
2026/08/05 19:46:23.120, 5, 92.36 W, 100 %, 17827 MiB
2026/08/05 19:46:23.120, 6, 90.63 W, 100 %, 17827 MiB
2026/08/05 19:46:23.121, 7, 95.25 W, 100 %, 17835 MiB
2026/08/05 19:46:23.321, 0, 89.27 W, 100 %, 17529 MiB
2026/08/05 19:46:23.322, 1, 88.17 W, 100 %, 17599 MiB
2026/08/05 19:46:23.322, 2, 240.80 W, 76 %, 17599 MiB
2026/08/05 19:46:23.322, 3, 90.63 W, 100 %, 17827 MiB
2026/08/05 19:46:23.322, 4, 90.72 W, 100 %, 17827 MiB
2026/08/05 19:46:23.322, 5, 92.36 W, 100 %, 17827 MiB
2026/08/05 19:46:23.322, 6, 90.36 W, 100 %, 17827 MiB
2026/08/05 19:46:23.322, 7, 95.25 W, 100 %, 17835 MiB
2026/08/05 19:46:23.522, 0, 88.38 W, 100 %, 17529 MiB
2026/08/05 19:46:23.522, 1, 88.17 W, 100 %, 17599 MiB
2026/08/05 19:46:23.522, 2, 240.47 W, 76 %, 17599 MiB
2026/08/05 19:46:23.522, 3, 90.63 W, 100 %, 17827 MiB
2026/08/05 19:46:23.522, 4, 90.72 W, 100 %, 17827 MiB
2026/08/05 19:46:23.522, 5, 92.03 W, 100 %, 17827 MiB
2026/08/05 19:46:23.523, 6, 90.36 W, 100 %, 17827 MiB
2026/08/05 19:46:23.523, 7, 95.25 W, 100 %, 17835 MiB
2026/08/05 19:46:23.723, 0, 88.38 W, 100 %, 17529 MiB
2026/08/05 19:46:23.723, 1, 88.08 W, 100 %, 17599 MiB
2026/08/05 19:46:23.723, 2, 240.47 W, 76 %, 17599 MiB
2026/08/05 19:46:23.723, 3, 90.63 W, 100 %, 17827 MiB
2026/08/05 19:46:23.723, 4, 90.72 W, 100 %, 17827 MiB
2026/08/05 19:46:23.723, 5, 92.13 W, 100 %, 17827 MiB
2026/08/05 19:46:23.723, 6, 90.63 W, 100 %, 17827 MiB
2026/08/05 19:46:23.723, 7, 95.25 W, 100 %, 17835 MiB
2026/08/05 19:46:23.923, 0, 89.18 W, 100 %, 17529 MiB
2026/08/05 19:46:23.923, 1, 88.08 W, 100 %, 17599 MiB
2026/08/05 19:46:23.923, 2, 151.36 W, 76 %, 17827 MiB
2026/08/05 19:46:23.923, 3, 90.63 W, 100 %, 17827 MiB
2026/08/05 19:46:23.923, 4, 90.72 W, 100 %, 17827 MiB
2026/08/05 19:46:23.924, 5, 92.03 W, 100 %, 17827 MiB
2026/08/05 19:46:23.924, 6, 90.36 W, 100 %, 17827 MiB
2026/08/05 19:46:23.924, 7, 95.25 W, 100 %, 17835 MiB
2026/08/05 19:46:24.124, 0, 89.27 W, 100 %, 17529 MiB
2026/08/05 19:46:24.124, 1, 224.23 W, 91 %, 17599 MiB
2026/08/05 19:46:24.124, 2, 94.61 W, 74 %, 17827 MiB
2026/08/05 19:46:24.124, 3, 94.85 W, 99 %, 17827 MiB
2026/08/05 19:46:24.124, 4, 90.72 W, 100 %, 17827 MiB
2026/08/05 19:46:24.124, 5, 92.46 W, 100 %, 17827 MiB
2026/08/05 19:46:24.124, 6, 90.36 W, 100 %, 17827 MiB
2026/08/05 19:46:24.124, 7, 95.25 W, 100 %, 17835 MiB
2026/08/05 19:46:24.324, 0, 89.27 W, 100 %, 17529 MiB
2026/08/05 19:46:24.325, 1, 226.96 W, 76 %, 17599 MiB
2026/08/05 19:46:24.325, 2, 91.51 W, 100 %, 17827 MiB
2026/08/05 19:46:24.325, 3, 90.29 W, 95 %, 17827 MiB
2026/08/05 19:46:24.325, 4, 90.39 W, 100 %, 17827 MiB
2026/08/05 19:46:24.325, 5, 92.13 W, 100 %, 17827 MiB
2026/08/05 19:46:24.325, 6, 90.63 W, 100 %, 17827 MiB
2026/08/05 19:46:24.325, 7, 95.25 W, 100 %, 17835 MiB
2026/08/05 19:46:24.525, 0, 89.27 W, 100 %, 17529 MiB
2026/08/05 19:46:24.525, 1, 229.74 W, 76 %, 17599 MiB
2026/08/05 19:46:24.525, 2, 91.51 W, 100 %, 17827 MiB
2026/08/05 19:46:24.526, 3, 90.29 W, 100 %, 17827 MiB
2026/08/05 19:46:24.526, 4, 90.39 W, 100 %, 17827 MiB
2026/08/05 19:46:24.526, 5, 92.13 W, 100 %, 17827 MiB
2026/08/05 19:46:24.526, 6, 90.36 W, 100 %, 17827 MiB
2026/08/05 19:46:24.526, 7, 95.25 W, 100 %, 17835 MiB
2026/08/05 19:46:24.726, 0, 89.27 W, 100 %, 17529 MiB
2026/08/05 19:46:24.728, 1, 230.01 W, 76 %, 17599 MiB
2026/08/05 19:46:24.729, 2, 90.63 W, 100 %, 17827 MiB
2026/08/05 19:46:24.729, 3, 90.29 W, 100 %, 17827 MiB
2026/08/05 19:46:24.729, 4, 90.39 W, 100 %, 17827 MiB
2026/08/05 19:46:24.729, 5, 92.46 W, 100 %, 17827 MiB
2026/08/05 19:46:24.729, 6, 90.36 W, 100 %, 17827 MiB
2026/08/05 19:46:24.729, 7, 95.25 W, 100 %, 17835 MiB
2026/08/05 19:46:24.929, 0, 88.38 W, 100 %, 17529 MiB
2026/08/05 19:46:24.929, 1, 226.62 W, 76 %, 17599 MiB
2026/08/05 19:46:24.929, 2, 90.63 W, 100 %, 17827 MiB
2026/08/05 19:46:24.929, 3, 90.29 W, 100 %, 17827 MiB
2026/08/05 19:46:24.929, 4, 90.39 W, 100 %, 17827 MiB
2026/08/05 19:46:24.929, 5, 92.13 W, 100 %, 17827 MiB
2026/08/05 19:46:24.930, 6, 90.36 W, 100 %, 17827 MiB
2026/08/05 19:46:24.930, 7, 95.25 W, 100 %, 17835 MiB
2026/08/05 19:46:25.130, 0, 89.27 W, 100 %, 17529 MiB
2026/08/05 19:46:25.130, 1, 229.40 W, 76 %, 17599 MiB
2026/08/05 19:46:25.130, 2, 90.29 W, 100 %, 17827 MiB
2026/08/05 19:46:25.130, 3, 90.29 W, 100 %, 17827 MiB
2026/08/05 19:46:25.130, 4, 90.39 W, 100 %, 17827 MiB
2026/08/05 19:46:25.130, 5, 92.13 W, 100 %, 17827 MiB
2026/08/05 19:46:25.130, 6, 90.36 W, 100 %, 17827 MiB
2026/08/05 19:46:25.130, 7, 95.25 W, 100 %, 17835 MiB
2026/08/05 19:46:25.330, 0, 89.27 W, 100 %, 17529 MiB
2026/08/05 19:46:25.331, 1, 230.62 W, 76 %, 17599 MiB
2026/08/05 19:46:25.331, 2, 90.91 W, 100 %, 17827 MiB
2026/08/05 19:46:25.331, 3, 90.29 W, 100 %, 17827 MiB
2026/08/05 19:46:25.331, 4, 90.39 W, 100 %, 17827 MiB
2026/08/05 19:46:25.331, 5, 92.13 W, 100 %, 17827 MiB
2026/08/05 19:46:25.331, 6, 90.36 W, 100 %, 17827 MiB
2026/08/05 19:46:25.331, 7, 95.25 W, 100 %, 17835 MiB
2026/08/05 19:46:25.532, 0, 89.27 W, 100 %, 17529 MiB
2026/08/05 19:46:25.532, 1, 231.90 W, 76 %, 17599 MiB
2026/08/05 19:46:25.532, 2, 90.29 W, 100 %, 17827 MiB
2026/08/05 19:46:25.532, 3, 90.29 W, 100 %, 17827 MiB
2026/08/05 19:46:25.532, 4, 90.63 W, 100 %, 17827 MiB
2026/08/05 19:46:25.532, 5, 92.03 W, 100 %, 17827 MiB
2026/08/05 19:46:25.532, 6, 90.36 W, 100 %, 17827 MiB
2026/08/05 19:46:25.532, 7, 95.25 W, 100 %, 17835 MiB
2026/08/05 19:46:25.732, 0, 89.27 W, 100 %, 17529 MiB
2026/08/05 19:46:25.733, 1, 228.18 W, 76 %, 17599 MiB
2026/08/05 19:46:25.733, 2, 90.29 W, 100 %, 17827 MiB
2026/08/05 19:46:25.734, 3, 90.29 W, 100 %, 17827 MiB
2026/08/05 19:46:25.736, 4, 90.39 W, 100 %, 17827 MiB
2026/08/05 19:46:25.736, 5, 92.03 W, 100 %, 17827 MiB
2026/08/05 19:46:25.736, 6, 90.36 W, 100 %, 17827 MiB
2026/08/05 19:46:25.736, 7, 95.25 W, 100 %, 17835 MiB
2026/08/05 19:46:25.937, 0, 89.27 W, 100 %, 17529 MiB
2026/08/05 19:46:25.937, 1, 231.57 W, 76 %, 17827 MiB
2026/08/05 19:46:25.937, 2, 90.29 W, 100 %, 17827 MiB
2026/08/05 19:46:25.937, 3, 90.29 W, 100 %, 17827 MiB
2026/08/05 19:46:25.938, 4, 90.72 W, 100 %, 17827 MiB
2026/08/05 19:46:25.938, 5, 92.03 W, 100 %, 17827 MiB
2026/08/05 19:46:25.938, 6, 90.36 W, 100 %, 17827 MiB
2026/08/05 19:46:25.938, 7, 95.25 W, 100 %, 17835 MiB
2026/08/05 19:46:26.138, 0, 221.16 W, 100 %, 17529 MiB
2026/08/05 19:46:26.138, 1, 90.24 W, 82 %, 17827 MiB
2026/08/05 19:46:26.138, 2, 94.52 W, 100 %, 17827 MiB
2026/08/05 19:46:26.138, 3, 90.29 W, 100 %, 17827 MiB
2026/08/05 19:46:26.138, 4, 90.29 W, 100 %, 17827 MiB
2026/08/05 19:46:26.138, 5, 92.03 W, 100 %, 17827 MiB
2026/08/05 19:46:26.138, 6, 90.63 W, 100 %, 17827 MiB
2026/08/05 19:46:26.138, 7, 95.25 W, 100 %, 17835 MiB
2026/08/05 19:46:26.338, 0, 226.69 W, 84 %, 17529 MiB
2026/08/05 19:46:26.339, 1, 89.96 W, 100 %, 17827 MiB
2026/08/05 19:46:26.339, 2, 89.96 W, 95 %, 17827 MiB
2026/08/05 19:46:26.339, 3, 90.29 W, 100 %, 17827 MiB
2026/08/05 19:46:26.339, 4, 90.39 W, 100 %, 17827 MiB
2026/08/05 19:46:26.339, 5, 92.13 W, 100 %, 17827 MiB
2026/08/05 19:46:26.339, 6, 90.36 W, 100 %, 17827 MiB
2026/08/05 19:46:26.339, 7, 95.25 W, 100 %, 17835 MiB
2026/08/05 19:46:26.539, 0, 231.34 W, 76 %, 17529 MiB
2026/08/05 19:46:26.539, 1, 89.63 W, 100 %, 17827 MiB
2026/08/05 19:46:26.539, 2, 89.96 W, 100 %, 17827 MiB
2026/08/05 19:46:26.539, 3, 90.29 W, 100 %, 17827 MiB
2026/08/05 19:46:26.540, 4, 90.29 W, 100 %, 17827 MiB
2026/08/05 19:46:26.540, 5, 92.13 W, 100 %, 17827 MiB
2026/08/05 19:46:26.540, 6, 90.36 W, 100 %, 17827 MiB
2026/08/05 19:46:26.540, 7, 95.25 W, 100 %, 17835 MiB
2026/08/05 19:46:26.740, 0, 228.57 W, 76 %, 17529 MiB
2026/08/05 19:46:26.740, 1, 89.63 W, 100 %, 17827 MiB
2026/08/05 19:46:26.740, 2, 89.96 W, 100 %, 17827 MiB
2026/08/05 19:46:26.740, 3, 90.29 W, 100 %, 17827 MiB
2026/08/05 19:46:26.740, 4, 90.39 W, 100 %, 17827 MiB
2026/08/05 19:46:26.740, 5, 92.13 W, 100 %, 17827 MiB
2026/08/05 19:46:26.740, 6, 90.36 W, 100 %, 17827 MiB
2026/08/05 19:46:26.740, 7, 95.25 W, 100 %, 17835 MiB
2026/08/05 19:46:26.940, 0, 230.12 W, 76 %, 17529 MiB
2026/08/05 19:46:26.941, 1, 89.35 W, 100 %, 17827 MiB
2026/08/05 19:46:26.941, 2, 89.96 W, 100 %, 17827 MiB
2026/08/05 19:46:26.941, 3, 90.29 W, 100 %, 17827 MiB
2026/08/05 19:46:26.941, 4, 90.39 W, 100 %, 17827 MiB
2026/08/05 19:46:26.941, 5, 92.13 W, 100 %, 17827 MiB
2026/08/05 19:46:26.941, 6, 90.36 W, 100 %, 17827 MiB
2026/08/05 19:46:26.941, 7, 95.25 W, 100 %, 17835 MiB
2026/08/05 19:46:27.141, 0, 233.16 W, 76 %, 17529 MiB
2026/08/05 19:46:27.151, 1, 89.35 W, 100 %, 17827 MiB
2026/08/05 19:46:27.151, 2, 89.96 W, 100 %, 17827 MiB
2026/08/05 19:46:27.151, 3, 90.20 W, 100 %, 17827 MiB
2026/08/05 19:46:27.151, 4, 90.29 W, 100 %, 17827 MiB
2026/08/05 19:46:27.151, 5, 92.13 W, 100 %, 17827 MiB
2026/08/05 19:46:27.151, 6, 90.36 W, 100 %, 17827 MiB
2026/08/05 19:46:27.152, 7, 95.25 W, 100 %, 17835 MiB
2026/08/05 19:46:27.352, 0, 233.76 W, 75 %, 17529 MiB
2026/08/05 19:46:27.352, 1, 89.35 W, 100 %, 17827 MiB
2026/08/05 19:46:27.352, 2, 89.96 W, 100 %, 17827 MiB
2026/08/05 19:46:27.352, 3, 90.29 W, 100 %, 17827 MiB
2026/08/05 19:46:27.352, 4, 90.39 W, 100 %, 17827 MiB
2026/08/05 19:46:27.352, 5, 92.03 W, 100 %, 17827 MiB
2026/08/05 19:46:27.352, 6, 90.36 W, 100 %, 17827 MiB
2026/08/05 19:46:27.352, 7, 95.25 W, 100 %, 17835 MiB
2026/08/05 19:46:27.552, 0, 234.43 W, 76 %, 17529 MiB
2026/08/05 19:46:27.580, 1, 89.35 W, 100 %, 17827 MiB
2026/08/05 19:46:27.580, 2, 89.96 W, 100 %, 17827 MiB
2026/08/05 19:46:27.581, 3, 90.29 W, 100 %, 17827 MiB
2026/08/05 19:46:27.581, 4, 90.29 W, 100 %, 17827 MiB
2026/08/05 19:46:27.581, 5, 92.03 W, 100 %, 17827 MiB
2026/08/05 19:46:27.581, 6, 90.36 W, 100 %, 17827 MiB
2026/08/05 19:46:27.581, 7, 95.25 W, 100 %, 17835 MiB
2026/08/05 19:46:27.781, 0, 232.27 W, 75 %, 17529 MiB
2026/08/05 19:46:27.781, 1, 89.35 W, 100 %, 17827 MiB
2026/08/05 19:46:27.781, 2, 89.96 W, 100 %, 17827 MiB
2026/08/05 19:46:27.781, 3, 90.29 W, 100 %, 17827 MiB
2026/08/05 19:46:27.781, 4, 90.29 W, 100 %, 17827 MiB
2026/08/05 19:46:27.781, 5, 92.03 W, 100 %, 17827 MiB
2026/08/05 19:46:27.781, 6, 90.36 W, 100 %, 17827 MiB
2026/08/05 19:46:27.781, 7, 95.25 W, 100 %, 17835 MiB
2026/08/05 19:46:27.981, 0, 234.10 W, 76 %, 17537 MiB
2026/08/05 19:46:27.982, 1, 89.35 W, 100 %, 17827 MiB
2026/08/05 19:46:27.982, 2, 89.96 W, 100 %, 17827 MiB
2026/08/05 19:46:27.982, 3, 90.29 W, 100 %, 17827 MiB
2026/08/05 19:46:27.982, 4, 90.29 W, 100 %, 17827 MiB
2026/08/05 19:46:27.982, 5, 92.03 W, 100 %, 17827 MiB
2026/08/05 19:46:27.982, 6, 90.36 W, 100 %, 17827 MiB
2026/08/05 19:46:27.982, 7, 95.25 W, 100 %, 17835 MiB
2026/08/05 19:46:28.182, 0, 84.76 W, 66 %, 17757 MiB
2026/08/05 19:46:28.185, 1, 85.72 W, 96 %, 17827 MiB
2026/08/05 19:46:28.186, 2, 90.06 W, 100 %, 17827 MiB
2026/08/05 19:46:28.186, 3, 90.29 W, 100 %, 17827 MiB
2026/08/05 19:46:28.186, 4, 90.39 W, 100 %, 17827 MiB
2026/08/05 19:46:28.186, 5, 92.13 W, 100 %, 17827 MiB
2026/08/05 19:46:28.186, 6, 90.63 W, 100 %, 17827 MiB
2026/08/05 19:46:28.186, 7, 95.25 W, 100 %, 17835 MiB
2026/08/05 19:46:28.389, 0, 84.76 W, 28 %, 16975 MiB
2026/08/05 19:46:28.390, 1, 81.72 W, 0 %, 17125 MiB
2026/08/05 19:46:28.391, 2, 84.24 W, 41 %, 16745 MiB
2026/08/05 19:46:28.409, 3, 82.69 W, 58 %, 16745 MiB
2026/08/05 19:46:28.411, 4, 84.24 W, 66 %, 16385 MiB
2026/08/05 19:46:28.412, 5, 86.31 W, 43 %, 16145 MiB
2026/08/05 19:46:28.414, 6, 83.31 W, 99 %, 16385 MiB
2026/08/05 19:46:28.414, 7, 88.02 W, 80 %, 16293 MiB
2026/08/05 19:46:28.616, 0, 86.92 W, 10 %, 12175 MiB
2026/08/05 19:46:28.618, 1, 85.10 W, 22 %, 12125 MiB
2026/08/05 19:46:28.618, 2, 86.07 W, 37 %, 11965 MiB
2026/08/05 19:46:28.620, 3, 86.07 W, 25 %, 11825 MiB
2026/08/05 19:46:28.620, 4, 86.07 W, 23 %, 11665 MiB
2026/08/05 19:46:28.621, 5, 88.14 W, 43 %, 11265 MiB
2026/08/05 19:46:28.622, 6, 86.66 W, 42 %, 11485 MiB
2026/08/05 19:46:28.623, 7, 91.38 W, 19 %, 11073 MiB
2026/08/05 19:46:28.824, 0, 85.65 W, 57 %, 8855 MiB
2026/08/05 19:46:28.825, 1, 84.50 W, 62 %, 8705 MiB
2026/08/05 19:46:28.825, 2, 85.46 W, 58 %, 8365 MiB
2026/08/05 19:46:28.826, 3, 85.46 W, 61 %, 8525 MiB
2026/08/05 19:46:28.827, 4, 85.73 W, 61 %, 8065 MiB
2026/08/05 19:46:28.827, 5, 87.53 W, 58 %, 7745 MiB
2026/08/05 19:46:28.829, 6, 86.41 W, 40 %, 7865 MiB
2026/08/05 19:46:28.830, 7, 90.44 W, 65 %, 6753 MiB
2026/08/05 19:46:29.031, 0, 85.37 W, 47 %, 6315 MiB
2026/08/05 19:46:29.032, 1, 84.16 W, 42 %, 6205 MiB
2026/08/05 19:46:29.033, 2, 84.24 W, 40 %, 5925 MiB
2026/08/05 19:46:29.034, 3, 85.13 W, 42 %, 6125 MiB
2026/08/05 19:46:29.035, 4, 85.13 W, 47 %, 5465 MiB
2026/08/05 19:46:29.037, 5, 86.31 W, 40 %, 5385 MiB
2026/08/05 19:46:29.038, 6, 85.20 W, 59 %, 5325 MiB
2026/08/05 19:46:29.039, 7, 89.23 W, 61 %, 3373 MiB
2026/08/05 19:46:29.243, 0, 86.31 W, 31 %, 1891 MiB
2026/08/05 19:46:29.243, 1, 85.39 W, 33 %, 1883 MiB
2026/08/05 19:46:29.243, 2, 86.07 W, 32 %, 1843 MiB
2026/08/05 19:46:29.244, 3, 86.39 W, 31 %, 1843 MiB
2026/08/05 19:46:29.244, 4, 85.73 W, 33 %, 1843 MiB
2026/08/05 19:46:29.245, 5, 86.31 W, 31 %, 1803 MiB
2026/08/05 19:46:29.246, 6, 87.02 W, 40 %, 1843 MiB
2026/08/05 19:46:29.246, 7, 94.74 W, 40 %, 1891 MiB
2026/08/05 19:46:29.447, 0, 84.76 W, 52 %, 1595 MiB
2026/08/05 19:46:29.447, 1, 82.94 W, 55 %, 1511 MiB
2026/08/05 19:46:29.447, 2, 84.84 W, 49 %, 1295 MiB
2026/08/05 19:46:29.447, 3, 84.51 W, 56 %, 1295 MiB
2026/08/05 19:46:29.447, 4, 85.13 W, 53 %, 1295 MiB
2026/08/05 19:46:29.447, 5, 86.59 W, 46 %, 1487 MiB
2026/08/05 19:46:29.447, 6, 83.65 W, 31 %, 1611 MiB
2026/08/05 19:46:29.447, 7, 88.29 W, 65 %, 1779 MiB
2026/08/05 19:46:29.647, 0, 82.26 W, 19 %, 1427 MiB
2026/08/05 19:46:29.647, 1, 81.72 W, 5 %, 1511 MiB
2026/08/05 19:46:29.647, 2, 82.35 W, 6 %, 1295 MiB
2026/08/05 19:46:29.647, 3, 82.69 W, 8 %, 1295 MiB
2026/08/05 19:46:29.647, 4, 82.69 W, 8 %, 1295 MiB
2026/08/05 19:46:29.647, 5, 84.43 W, 3 %, 1487 MiB
2026/08/05 19:46:29.647, 6, 83.31 W, 47 %, 1395 MiB
2026/08/05 19:46:29.648, 7, 87.69 W, 2 %, 1679 MiB
2026/08/05 19:46:29.849, 0, 83.21 W, 0 %, 1327 MiB
2026/08/05 19:46:29.849, 1, 81.38 W, 0 %, 1295 MiB
2026/08/05 19:46:29.849, 2, 82.96 W, 0 %, 1295 MiB
2026/08/05 19:46:29.849, 3, 82.35 W, 0 %, 1295 MiB
2026/08/05 19:46:29.849, 4, 83.91 W, 0 %, 1283 MiB
2026/08/05 19:46:29.849, 5, 86.92 W, 3 %, 1283 MiB
2026/08/05 19:46:29.849, 6, 83.31 W, 1 %, 1295 MiB
2026/08/05 19:46:29.849, 7, 88.62 W, 0 %, 1295 MiB
2026/08/05 19:46:30.049, 0, 83.48 W, 4 %, 1327 MiB
2026/08/05 19:46:30.049, 1, 81.72 W, 3 %, 1283 MiB
2026/08/05 19:46:30.049, 2, 82.35 W, 0 %, 1283 MiB
2026/08/05 19:46:30.049, 3, 82.69 W, 0 %, 1283 MiB
2026/08/05 19:46:30.050, 4, 82.69 W, 0 %, 1283 MiB
2026/08/05 19:46:30.050, 5, 85.04 W, 0 %, 550 MiB
2026/08/05 19:46:30.050, 6, 83.31 W, 3 %, 1295 MiB
2026/08/05 19:46:30.050, 7, 88.02 W, 7 %, 1283 MiB
2026/08/05 19:46:30.250, 0, 83.21 W, 0 %, 1327 MiB
2026/08/05 19:46:30.288, 1, 81.72 W, 0 %, 1283 MiB
2026/08/05 19:46:30.298, 2, 88.23 W, 0 %, 550 MiB
2026/08/05 19:46:30.300, 3, 83.57 W, 0 %, 1283 MiB
2026/08/05 19:46:30.308, 4, 82.96 W, 10 %, 550 MiB
2026/08/05 19:46:30.308, 5, 85.04 W, 10 %, 550 MiB
2026/08/05 19:46:30.318, 6, 83.31 W, 0 %, 1283 MiB
2026/08/05 19:46:30.323, 7, 88.29 W, 0 %, 1283 MiB
2026/08/05 19:46:30.524, 0, 83.21 W, 0 %, 1283 MiB
2026/08/05 19:46:30.640, 1, 81.04 W, 0 %, 1283 MiB
2026/08/05 19:46:30.649, 2, 82.69 W, 0 %, 550 MiB
2026/08/05 19:46:30.650, 3, 82.69 W, 10 %, 550 MiB
2026/08/05 19:46:30.650, 4, 82.96 W, 0 %, 550 MiB
2026/08/05 19:46:30.651, 5, 85.04 W, 0 %, 550 MiB
2026/08/05 19:46:30.652, 6, 84.87 W, 0 %, 550 MiB
2026/08/05 19:46:30.652, 7, 88.62 W, 0 %, 550 MiB
2026/08/05 19:46:30.853, 0, 84.76 W, 1 %, 549 MiB
2026/08/05 19:46:30.856, 1, 81.13 W, 0 %, 549 MiB
2026/08/05 19:46:30.860, 2, 82.69 W, 0 %, 549 MiB
2026/08/05 19:46:30.860, 3, 82.69 W, 0 %, 549 MiB
2026/08/05 19:46:30.860, 4, 83.29 W, 0 %, 549 MiB
2026/08/05 19:46:30.860, 5, 85.04 W, 0 %, 549 MiB
2026/08/05 19:46:30.860, 6, 83.98 W, 0 %, 549 MiB
2026/08/05 19:46:30.861, 7, 88.02 W, 10 %, 549 MiB
2026/08/05 19:46:31.061, 0, 67.82 W, 0 %, 549 MiB
2026/08/05 19:46:31.061, 1, 80.85 W, 10 %, 549 MiB
2026/08/05 19:46:31.061, 2, 82.35 W, 0 %, 549 MiB
2026/08/05 19:46:31.061, 3, 82.35 W, 0 %, 549 MiB
2026/08/05 19:46:31.061, 4, 83.57 W, 0 %, 549 MiB
2026/08/05 19:46:31.061, 5, 84.76 W, 0 %, 549 MiB
2026/08/05 19:46:31.061, 6, 83.65 W, 10 %, 549 MiB
2026/08/05 19:46:31.061, 7, 87.69 W, 0 %, 549 MiB
2026/08/05 19:46:31.262, 0, 67.82 W, 10 %, 549 MiB
2026/08/05 19:46:31.262, 1, 70.00 W, 0 %, 549 MiB
2026/08/05 19:46:31.262, 2, 67.96 W, 0 %, 549 MiB
2026/08/05 19:46:31.262, 3, 67.23 W, 0 %, 549 MiB
2026/08/05 19:46:31.262, 4, 67.96 W, 0 %, 549 MiB
2026/08/05 19:46:31.262, 5, 84.76 W, 0 %, 549 MiB
2026/08/05 19:46:31.262, 6, 83.65 W, 0 %, 549 MiB
2026/08/05 19:46:31.262, 7, 69.97 W, 0 %, 549 MiB
2026/08/05 19:46:31.462, 0, 67.23 W, 0 %, 549 MiB
2026/08/05 19:46:31.462, 1, 66.88 W, 0 %, 549 MiB
2026/08/05 19:46:31.462, 2, 67.56 W, 0 %, 549 MiB
2026/08/05 19:46:31.463, 3, 66.61 W, 0 %, 549 MiB
2026/08/05 19:46:31.463, 4, 67.63 W, 0 %, 549 MiB
2026/08/05 19:46:31.463, 5, 67.89 W, 0 %, 549 MiB
2026/08/05 19:46:31.463, 6, 67.96 W, 0 %, 549 MiB
2026/08/05 19:46:31.463, 7, 69.57 W, 0 %, 549 MiB
2026/08/05 19:46:31.663, 0, 67.56 W, 0 %, 549 MiB
2026/08/05 19:46:31.663, 1, 66.88 W, 0 %, 549 MiB
2026/08/05 19:46:31.663, 2, 67.01 W, 0 %, 549 MiB
2026/08/05 19:46:31.663, 3, 66.61 W, 0 %, 549 MiB
2026/08/05 19:46:31.663, 4, 67.63 W, 0 %, 549 MiB
2026/08/05 19:46:31.663, 5, 68.16 W, 0 %, 549 MiB
2026/08/05 19:46:31.663, 6, 67.96 W, 0 %, 549 MiB
2026/08/05 19:46:31.663, 7, 69.97 W, 0 %, 549 MiB
2026/08/05 19:46:31.864, 0, 67.56 W, 0 %, 549 MiB
2026/08/05 19:46:31.864, 1, 66.88 W, 0 %, 549 MiB
2026/08/05 19:46:31.864, 2, 67.01 W, 0 %, 549 MiB
2026/08/05 19:46:31.864, 3, 66.61 W, 0 %, 549 MiB
2026/08/05 19:46:31.864, 4, 67.63 W, 0 %, 549 MiB
2026/08/05 19:46:31.864, 5, 68.78 W, 0 %, 549 MiB
2026/08/05 19:46:31.864, 6, 68.57 W, 0 %, 549 MiB
2026/08/05 19:46:31.864, 7, 69.64 W, 0 %, 549 MiB
2026/08/05 19:46:32.064, 0, 67.56 W, 0 %, 549 MiB
2026/08/05 19:46:32.064, 1, 66.61 W, 0 %, 549 MiB
2026/08/05 19:46:32.064, 2, 66.94 W, 0 %, 549 MiB
2026/08/05 19:46:32.064, 3, 66.61 W, 0 %, 549 MiB
2026/08/05 19:46:32.065, 4, 67.63 W, 0 %, 549 MiB
2026/08/05 19:46:32.065, 5, 68.49 W, 0 %, 549 MiB
2026/08/05 19:46:32.065, 6, 67.96 W, 0 %, 549 MiB
2026/08/05 19:46:32.065, 7, 69.64 W, 0 %, 549 MiB
2026/08/05 19:46:32.265, 0, 67.56 W, 0 %, 549 MiB
2026/08/05 19:46:32.265, 1, 66.61 W, 0 %, 549 MiB
2026/08/05 19:46:32.265, 2, 67.01 W, 0 %, 549 MiB
2026/08/05 19:46:32.265, 3, 66.34 W, 0 %, 549 MiB
2026/08/05 19:46:32.265, 4, 67.63 W, 0 %, 549 MiB
2026/08/05 19:46:32.265, 5, 67.89 W, 0 %, 549 MiB
2026/08/05 19:46:32.265, 6, 67.96 W, 0 %, 549 MiB
2026/08/05 19:46:32.265, 7, 69.64 W, 0 %, 549 MiB
2026/08/05 19:46:32.465, 0, 67.49 W, 0 %, 549 MiB
2026/08/05 19:46:32.466, 1, 66.88 W, 0 %, 549 MiB
2026/08/05 19:46:32.466, 2, 67.01 W, 0 %, 549 MiB
2026/08/05 19:46:32.466, 3, 66.34 W, 0 %, 549 MiB
2026/08/05 19:46:32.466, 4, 67.63 W, 0 %, 549 MiB
2026/08/05 19:46:32.466, 5, 67.89 W, 0 %, 549 MiB
2026/08/05 19:46:32.466, 6, 67.96 W, 0 %, 549 MiB
2026/08/05 19:46:32.467, 7, 69.64 W, 0 %, 549 MiB
2026/08/05 19:46:32.667, 0, 67.56 W, 0 %, 549 MiB
2026/08/05 19:46:32.667, 1, 66.88 W, 0 %, 549 MiB
2026/08/05 19:46:32.667, 2, 67.01 W, 0 %, 549 MiB
2026/08/05 19:46:32.667, 3, 66.61 W, 0 %, 549 MiB
2026/08/05 19:46:32.668, 4, 67.63 W, 0 %, 549 MiB
2026/08/05 19:46:32.668, 5, 67.89 W, 0 %, 549 MiB
2026/08/05 19:46:32.668, 6, 68.57 W, 0 %, 549 MiB
2026/08/05 19:46:32.668, 7, 69.64 W, 0 %, 549 MiB
2026/08/05 19:46:32.868, 0, 67.56 W, 0 %, 549 MiB
2026/08/05 19:46:32.868, 1, 66.61 W, 0 %, 549 MiB
2026/08/05 19:46:32.868, 2, 67.29 W, 0 %, 549 MiB
2026/08/05 19:46:32.868, 3, 66.34 W, 0 %, 549 MiB
2026/08/05 19:46:32.868, 4, 67.63 W, 0 %, 549 MiB
2026/08/05 19:46:32.868, 5, 67.89 W, 0 %, 549 MiB
2026/08/05 19:46:32.868, 6, 67.96 W, 0 %, 549 MiB
2026/08/05 19:46:32.868, 7, 69.64 W, 0 %, 549 MiB
2026/08/05 19:46:33.068, 0, 67.23 W, 0 %, 549 MiB
2026/08/05 19:46:33.069, 1, 66.61 W, 0 %, 549 MiB
2026/08/05 19:46:33.069, 2, 66.94 W, 0 %, 549 MiB
2026/08/05 19:46:33.069, 3, 66.61 W, 0 %, 549 MiB
2026/08/05 19:46:33.069, 4, 67.63 W, 0 %, 549 MiB
2026/08/05 19:46:33.069, 5, 68.16 W, 0 %, 549 MiB
2026/08/05 19:46:33.069, 6, 67.96 W, 0 %, 549 MiB
2026/08/05 19:46:33.069, 7, 69.64 W, 0 %, 549 MiB
2026/08/05 19:46:33.269, 0, 67.56 W, 0 %, 549 MiB
2026/08/05 19:46:33.270, 1, 66.88 W, 0 %, 549 MiB
2026/08/05 19:46:33.270, 2, 67.29 W, 0 %, 549 MiB
2026/08/05 19:46:33.270, 3, 66.34 W, 0 %, 549 MiB
2026/08/05 19:46:33.270, 4, 67.63 W, 0 %, 549 MiB
2026/08/05 19:46:33.270, 5, 68.16 W, 0 %, 549 MiB
2026/08/05 19:46:33.270, 6, 67.96 W, 0 %, 549 MiB
2026/08/05 19:46:33.270, 7, 69.64 W, 0 %, 549 MiB
2026/08/05 19:46:33.470, 0, 67.56 W, 0 %, 549 MiB
2026/08/05 19:46:33.470, 1, 66.61 W, 0 %, 549 MiB
2026/08/05 19:46:33.470, 2, 67.01 W, 0 %, 549 MiB
2026/08/05 19:46:33.470, 3, 66.34 W, 0 %, 549 MiB
2026/08/05 19:46:33.470, 4, 67.63 W, 0 %, 549 MiB
2026/08/05 19:46:33.470, 5, 68.49 W, 0 %, 549 MiB
2026/08/05 19:46:33.470, 6, 67.68 W, 0 %, 549 MiB
2026/08/05 19:46:33.470, 7, 69.64 W, 0 %, 549 MiB
2026/08/05 19:46:33.671, 0, 67.23 W, 0 %, 549 MiB
2026/08/05 19:46:33.671, 1, 66.88 W, 0 %, 549 MiB
2026/08/05 19:46:33.671, 2, 66.94 W, 0 %, 549 MiB
2026/08/05 19:46:33.671, 3, 66.61 W, 0 %, 549 MiB
2026/08/05 19:46:33.671, 4, 67.63 W, 0 %, 549 MiB
2026/08/05 19:46:33.671, 5, 67.89 W, 0 %, 549 MiB
2026/08/05 19:46:33.671, 6, 67.68 W, 0 %, 549 MiB
2026/08/05 19:46:33.671, 7, 69.64 W, 0 %, 549 MiB
2026/08/05 19:46:33.871, 0, 67.23 W, 0 %, 549 MiB
2026/08/05 19:46:33.871, 1, 66.88 W, 0 %, 549 MiB
2026/08/05 19:46:33.871, 2, 67.01 W, 0 %, 549 MiB
2026/08/05 19:46:33.871, 3, 66.61 W, 0 %, 549 MiB
2026/08/05 19:46:33.871, 4, 67.29 W, 0 %, 549 MiB
2026/08/05 19:46:33.871, 5, 68.49 W, 0 %, 549 MiB
2026/08/05 19:46:33.872, 6, 67.68 W, 0 %, 549 MiB
2026/08/05 19:46:33.872, 7, 69.64 W, 0 %, 549 MiB
2026/08/05 19:46:34.072, 0, 67.56 W, 0 %, 549 MiB
2026/08/05 19:46:34.072, 1, 66.61 W, 0 %, 549 MiB
2026/08/05 19:46:34.072, 2, 67.29 W, 0 %, 549 MiB
2026/08/05 19:46:34.072, 3, 66.34 W, 0 %, 549 MiB
2026/08/05 19:46:34.072, 4, 67.29 W, 0 %, 549 MiB
2026/08/05 19:46:34.072, 5, 67.89 W, 0 %, 549 MiB
2026/08/05 19:46:34.072, 6, 67.68 W, 0 %, 549 MiB
2026/08/05 19:46:34.072, 7, 69.64 W, 0 %, 549 MiB
2026/08/05 19:46:34.273, 0, 67.56 W, 0 %, 549 MiB
2026/08/05 19:46:34.273, 1, 66.61 W, 0 %, 549 MiB
2026/08/05 19:46:34.273, 2, 67.01 W, 0 %, 549 MiB
2026/08/05 19:46:34.273, 3, 66.34 W, 0 %, 549 MiB
2026/08/05 19:46:34.273, 4, 67.29 W, 0 %, 549 MiB
2026/08/05 19:46:34.273, 5, 68.16 W, 0 %, 549 MiB
2026/08/05 19:46:34.273, 6, 67.96 W, 0 %, 549 MiB
2026/08/05 19:46:34.273, 7, 69.64 W, 0 %, 549 MiB
2026/08/05 19:46:34.473, 0, 67.23 W, 0 %, 549 MiB
2026/08/05 19:46:34.473, 1, 66.61 W, 0 %, 549 MiB
2026/08/05 19:46:34.474, 2, 67.01 W, 0 %, 549 MiB
2026/08/05 19:46:34.474, 3, 66.34 W, 0 %, 549 MiB
2026/08/05 19:46:34.474, 4, 67.63 W, 0 %, 549 MiB
2026/08/05 19:46:34.474, 5, 68.16 W, 0 %, 549 MiB
2026/08/05 19:46:34.474, 6, 67.68 W, 0 %, 549 MiB
2026/08/05 19:46:34.474, 7, 69.64 W, 0 %, 549 MiB
2026/08/05 19:46:34.674, 0, 67.23 W, 0 %, 549 MiB
2026/08/05 19:46:34.674, 1, 66.88 W, 0 %, 549 MiB
2026/08/05 19:46:34.674, 2, 67.29 W, 0 %, 549 MiB
2026/08/05 19:46:34.674, 3, 66.61 W, 0 %, 549 MiB
2026/08/05 19:46:34.675, 4, 67.29 W, 0 %, 549 MiB
2026/08/05 19:46:34.675, 5, 68.16 W, 0 %, 549 MiB
2026/08/05 19:46:34.675, 6, 67.68 W, 0 %, 549 MiB
2026/08/05 19:46:34.675, 7, 69.64 W, 0 %, 549 MiB
2026/08/05 19:46:34.875, 0, 67.56 W, 0 %, 549 MiB
2026/08/05 19:46:34.875, 1, 66.61 W, 0 %, 549 MiB
2026/08/05 19:46:34.875, 2, 67.29 W, 0 %, 549 MiB
2026/08/05 19:46:34.875, 3, 66.34 W, 0 %, 549 MiB
2026/08/05 19:46:34.875, 4, 67.29 W, 0 %, 549 MiB
2026/08/05 19:46:34.875, 5, 68.16 W, 0 %, 549 MiB
2026/08/05 19:46:34.875, 6, 67.68 W, 0 %, 549 MiB
2026/08/05 19:46:34.875, 7, 69.64 W, 0 %, 549 MiB
2026/08/05 19:46:35.076, 0, 67.23 W, 0 %, 549 MiB
2026/08/05 19:46:35.076, 1, 66.88 W, 0 %, 549 MiB
2026/08/05 19:46:35.076, 2, 67.29 W, 0 %, 549 MiB
2026/08/05 19:46:35.076, 3, 66.61 W, 0 %, 549 MiB
2026/08/05 19:46:35.076, 4, 67.29 W, 0 %, 549 MiB
2026/08/05 19:46:35.076, 5, 68.49 W, 0 %, 549 MiB
2026/08/05 19:46:35.076, 6, 67.68 W, 0 %, 549 MiB
2026/08/05 19:46:35.076, 7, 69.64 W, 0 %, 549 MiB
2026/08/05 19:46:35.276, 0, 67.23 W, 0 %, 549 MiB
2026/08/05 19:46:35.277, 1, 66.88 W, 0 %, 549 MiB
2026/08/05 19:46:35.277, 2, 67.01 W, 0 %, 549 MiB
2026/08/05 19:46:35.277, 3, 66.61 W, 0 %, 549 MiB
2026/08/05 19:46:35.278, 4, 67.29 W, 0 %, 549 MiB
2026/08/05 19:46:35.278, 5, 68.16 W, 0 %, 549 MiB
2026/08/05 19:46:35.278, 6, 67.68 W, 0 %, 549 MiB
2026/08/05 19:46:35.278, 7, 69.64 W, 0 %, 549 MiB
2026/08/05 19:46:35.478, 0, 67.23 W, 0 %, 549 MiB
2026/08/05 19:46:35.479, 1, 66.61 W, 0 %, 549 MiB
2026/08/05 19:46:35.479, 2, 67.29 W, 0 %, 549 MiB
2026/08/05 19:46:35.479, 3, 66.34 W, 0 %, 549 MiB
2026/08/05 19:46:35.479, 4, 67.29 W, 0 %, 549 MiB
2026/08/05 19:46:35.479, 5, 68.16 W, 0 %, 549 MiB
2026/08/05 19:46:35.479, 6, 67.68 W, 0 %, 549 MiB
2026/08/05 19:46:35.479, 7, 69.36 W, 0 %, 549 MiB
2026/08/05 19:46:35.680, 0, 67.56 W, 0 %, 549 MiB
2026/08/05 19:46:35.680, 1, 66.61 W, 0 %, 549 MiB
2026/08/05 19:46:35.680, 2, 67.29 W, 0 %, 549 MiB
2026/08/05 19:46:35.680, 3, 66.34 W, 0 %, 549 MiB
2026/08/05 19:46:35.680, 4, 67.29 W, 0 %, 549 MiB
2026/08/05 19:46:35.680, 5, 68.16 W, 0 %, 549 MiB
2026/08/05 19:46:35.680, 6, 67.96 W, 0 %, 549 MiB
2026/08/05 19:46:35.680, 7, 69.36 W, 0 %, 549 MiB
2026/08/05 19:46:35.880, 0, 67.23 W, 0 %, 549 MiB
2026/08/05 19:46:35.880, 1, 66.88 W, 0 %, 549 MiB
2026/08/05 19:46:35.880, 2, 67.01 W, 0 %, 549 MiB
2026/08/05 19:46:35.880, 3, 66.61 W, 0 %, 549 MiB
2026/08/05 19:46:35.881, 4, 67.63 W, 0 %, 549 MiB
2026/08/05 19:46:35.881, 5, 68.16 W, 0 %, 549 MiB
2026/08/05 19:46:35.881, 6, 67.68 W, 0 %, 549 MiB
2026/08/05 19:46:35.881, 7, 69.36 W, 0 %, 549 MiB
2026/08/05 19:46:36.081, 0, 67.23 W, 0 %, 549 MiB
2026/08/05 19:46:36.081, 1, 66.88 W, 0 %, 549 MiB
2026/08/05 19:46:36.081, 2, 67.29 W, 0 %, 549 MiB
2026/08/05 19:46:36.081, 3, 66.61 W, 0 %, 549 MiB
2026/08/05 19:46:36.081, 4, 67.29 W, 0 %, 549 MiB
2026/08/05 19:46:36.081, 5, 68.16 W, 0 %, 549 MiB
2026/08/05 19:46:36.082, 6, 67.68 W, 0 %, 549 MiB
2026/08/05 19:46:36.082, 7, 69.36 W, 0 %, 549 MiB
2026/08/05 19:46:36.282, 0, 67.23 W, 0 %, 549 MiB
2026/08/05 19:46:36.282, 1, 66.61 W, 0 %, 549 MiB
2026/08/05 19:46:36.282, 2, 67.01 W, 0 %, 549 MiB
2026/08/05 19:46:36.282, 3, 66.34 W, 0 %, 549 MiB
2026/08/05 19:46:36.282, 4, 67.29 W, 0 %, 549 MiB
2026/08/05 19:46:36.283, 5, 68.16 W, 0 %, 549 MiB
2026/08/05 19:46:36.283, 6, 67.68 W, 0 %, 549 MiB
2026/08/05 19:46:36.283, 7, 69.64 W, 0 %, 549 MiB
2026/08/05 19:46:36.483, 0, 67.23 W, 0 %, 549 MiB
2026/08/05 19:46:36.483, 1, 66.88 W, 0 %, 549 MiB
2026/08/05 19:46:36.483, 2, 67.01 W, 0 %, 549 MiB
2026/08/05 19:46:36.483, 3, 66.61 W, 0 %, 549 MiB
2026/08/05 19:46:36.483, 4, 67.29 W, 0 %, 549 MiB
2026/08/05 19:46:36.483, 5, 68.16 W, 0 %, 549 MiB
2026/08/05 19:46:36.483, 6, 67.68 W, 0 %, 549 MiB
2026/08/05 19:46:36.483, 7, 69.36 W, 0 %, 549 MiB
2026/08/05 19:46:36.683, 0, 67.23 W, 0 %, 549 MiB
2026/08/05 19:46:36.684, 1, 66.88 W, 0 %, 549 MiB
2026/08/05 19:46:36.684, 2, 67.01 W, 0 %, 549 MiB
2026/08/05 19:46:36.684, 3, 66.34 W, 0 %, 549 MiB
2026/08/05 19:46:36.684, 4, 67.29 W, 0 %, 549 MiB
2026/08/05 19:46:36.684, 5, 68.16 W, 0 %, 549 MiB
2026/08/05 19:46:36.684, 6, 67.68 W, 0 %, 549 MiB
2026/08/05 19:46:36.684, 7, 69.36 W, 0 %, 549 MiB
2026/08/05 19:46:36.884, 0, 67.23 W, 0 %, 549 MiB
2026/08/05 19:46:36.884, 1, 66.61 W, 0 %, 549 MiB
2026/08/05 19:46:36.884, 2, 67.01 W, 0 %, 549 MiB
2026/08/05 19:46:36.885, 3, 66.34 W, 0 %, 549 MiB
2026/08/05 19:46:36.885, 4, 67.29 W, 0 %, 549 MiB
2026/08/05 19:46:36.885, 5, 67.89 W, 0 %, 549 MiB
2026/08/05 19:46:36.885, 6, 67.68 W, 0 %, 549 MiB
2026/08/05 19:46:36.885, 7, 69.36 W, 0 %, 549 MiB
2026/08/05 19:46:37.085, 0, 67.23 W, 0 %, 549 MiB
2026/08/05 19:46:37.085, 1, 66.61 W, 0 %, 549 MiB
2026/08/05 19:46:37.085, 2, 67.23 W, 0 %, 549 MiB
2026/08/05 19:46:37.085, 3, 66.34 W, 0 %, 549 MiB
2026/08/05 19:46:37.085, 4, 67.29 W, 0 %, 549 MiB
2026/08/05 19:46:37.085, 5, 68.16 W, 0 %, 549 MiB
2026/08/05 19:46:37.085, 6, 67.68 W, 0 %, 549 MiB
2026/08/05 19:46:37.086, 7, 69.36 W, 0 %, 549 MiB
