2026/07/12 23:45:52.378, 0, 0, 0, 53.98
2026/07/12 23:45:52.382, 1, 0, 0, 51.30
2026/07/12 23:45:52.384, 2, 0, 0, 51.36
2026/07/12 23:45:52.388, 3, 0, 0, 53.92
2026/07/12 23:45:52.390, 4, 0, 0, 55.57
2026/07/12 23:45:52.392, 5, 0, 0, 51.68
2026/07/12 23:45:52.394, 6, 0, 0, 55.12
2026/07/12 23:45:52.398, 7, 0, 0, 52.83
2026/07/12 23:45:53.400, 0, 0, 0, 53.64
2026/07/12 23:45:53.415, 1, 0, 0, 51.30
2026/07/12 23:45:53.415, 2, 0, 0, 51.08
2026/07/12 23:45:53.416, 3, 0, 0, 53.59
2026/07/12 23:45:53.416, 4, 0, 0, 55.57
2026/07/12 23:45:53.416, 5, 0, 0, 51.36
2026/07/12 23:45:53.416, 6, 0, 0, 54.85
2026/07/12 23:45:53.416, 7, 0, 0, 52.83
2026/07/12 23:45:54.416, 0, 0, 0, 53.64
2026/07/12 23:45:54.416, 1, 0, 0, 51.02
2026/07/12 23:45:54.416, 2, 0, 0, 51.36
2026/07/12 23:45:54.416, 3, 0, 0, 53.59
2026/07/12 23:45:54.416, 4, 0, 0, 55.57
2026/07/12 23:45:54.416, 5, 0, 0, 51.68
2026/07/12 23:45:54.416, 6, 0, 0, 54.85
2026/07/12 23:45:54.416, 7, 0, 0, 52.83
2026/07/12 23:45:55.416, 0, 0, 0, 53.64
2026/07/12 23:45:55.416, 1, 0, 0, 51.02
2026/07/12 23:45:55.416, 2, 0, 0, 51.13
2026/07/12 23:45:55.416, 3, 0, 0, 53.59
2026/07/12 23:45:55.416, 4, 0, 0, 55.57
2026/07/12 23:45:55.417, 5, 0, 0, 51.68
2026/07/12 23:45:55.417, 6, 0, 0, 54.85
2026/07/12 23:45:55.417, 7, 0, 0, 52.83
2026/07/12 23:45:56.417, 0, 0, 0, 53.98
2026/07/12 23:45:56.417, 1, 0, 0, 51.02
2026/07/12 23:45:56.417, 2, 0, 0, 51.08
2026/07/12 23:45:56.417, 3, 0, 0, 53.59
2026/07/12 23:45:56.417, 4, 0, 0, 55.57
2026/07/12 23:45:56.417, 5, 0, 0, 51.68
2026/07/12 23:45:56.417, 6, 0, 0, 54.85
2026/07/12 23:45:56.417, 7, 0, 0, 52.83
2026/07/12 23:45:57.417, 0, 0, 0, 53.98
2026/07/12 23:45:57.417, 1, 0, 0, 51.02
2026/07/12 23:45:57.417, 2, 0, 0, 51.08
2026/07/12 23:45:57.417, 3, 0, 0, 53.59
2026/07/12 23:45:57.417, 4, 0, 0, 55.57
2026/07/12 23:45:57.417, 5, 0, 0, 51.36
2026/07/12 23:45:57.417, 6, 0, 0, 54.85
2026/07/12 23:45:57.417, 7, 0, 0, 52.88
2026/07/12 23:45:58.417, 0, 0, 0, 53.98
2026/07/12 23:45:58.417, 1, 0, 0, 51.30
2026/07/12 23:45:58.418, 2, 0, 0, 51.13
2026/07/12 23:45:58.418, 3, 0, 0, 53.59
2026/07/12 23:45:58.418, 4, 0, 0, 55.57
2026/07/12 23:45:58.418, 5, 0, 0, 51.68
2026/07/12 23:45:58.418, 6, 0, 0, 54.85
2026/07/12 23:45:58.418, 7, 0, 0, 52.83
2026/07/12 23:45:59.418, 0, 0, 0, 53.64
2026/07/12 23:45:59.418, 1, 0, 0, 51.02
2026/07/12 23:45:59.418, 2, 0, 0, 51.08
2026/07/12 23:45:59.418, 3, 0, 0, 53.59
2026/07/12 23:45:59.418, 4, 0, 0, 55.57
2026/07/12 23:45:59.418, 5, 0, 0, 51.36
2026/07/12 23:45:59.418, 6, 0, 0, 54.85
2026/07/12 23:45:59.418, 7, 0, 0, 52.83
2026/07/12 23:46:00.418, 0, 0, 0, 53.64
2026/07/12 23:46:00.418, 1, 0, 0, 51.02
2026/07/12 23:46:00.418, 2, 0, 0, 51.08
2026/07/12 23:46:00.418, 3, 0, 0, 53.59
2026/07/12 23:46:00.418, 4, 0, 0, 55.57
2026/07/12 23:46:00.418, 5, 0, 0, 51.68
2026/07/12 23:46:00.418, 6, 0, 0, 54.85
2026/07/12 23:46:00.418, 7, 0, 0, 52.88
2026/07/12 23:46:01.419, 0, 0, 0, 53.98
2026/07/12 23:46:01.419, 1, 0, 0, 51.30
2026/07/12 23:46:01.419, 2, 0, 0, 51.13
2026/07/12 23:46:01.419, 3, 0, 0, 53.59
2026/07/12 23:46:01.419, 4, 0, 0, 55.57
2026/07/12 23:46:01.419, 5, 0, 0, 51.36
2026/07/12 23:46:01.419, 6, 0, 0, 54.85
2026/07/12 23:46:01.419, 7, 0, 0, 52.88
2026/07/12 23:46:02.419, 0, 0, 0, 53.98
2026/07/12 23:46:02.419, 1, 0, 0, 51.02
2026/07/12 23:46:02.419, 2, 0, 0, 51.08
2026/07/12 23:46:02.419, 3, 0, 0, 53.59
2026/07/12 23:46:02.419, 4, 0, 0, 55.57
2026/07/12 23:46:02.419, 5, 0, 0, 51.68
2026/07/12 23:46:02.419, 6, 0, 0, 54.85
2026/07/12 23:46:02.419, 7, 0, 0, 52.83
2026/07/12 23:46:03.419, 0, 0, 0, 53.64
2026/07/12 23:46:03.419, 1, 0, 0, 51.02
2026/07/12 23:46:03.419, 2, 0, 0, 51.08
2026/07/12 23:46:03.419, 3, 0, 0, 53.59
2026/07/12 23:46:03.420, 4, 0, 0, 55.57
2026/07/12 23:46:03.420, 5, 0, 0, 51.68
2026/07/12 23:46:03.420, 6, 0, 0, 54.85
2026/07/12 23:46:03.420, 7, 0, 0, 52.88
2026/07/12 23:46:04.420, 0, 0, 0, 53.64
2026/07/12 23:46:04.420, 1, 0, 0, 51.02
2026/07/12 23:46:04.420, 2, 0, 0, 51.08
2026/07/12 23:46:04.420, 3, 0, 0, 53.59
2026/07/12 23:46:04.420, 4, 0, 0, 55.57
2026/07/12 23:46:04.420, 5, 0, 0, 51.68
2026/07/12 23:46:04.420, 6, 0, 0, 55.12
2026/07/12 23:46:04.420, 7, 0, 0, 52.83
2026/07/12 23:46:05.420, 0, 0, 0, 53.98
2026/07/12 23:46:05.420, 1, 0, 0, 51.02
2026/07/12 23:46:05.420, 2, 0, 0, 51.08
2026/07/12 23:46:05.420, 3, 0, 0, 53.59
2026/07/12 23:46:05.420, 4, 0, 0, 55.57
2026/07/12 23:46:05.420, 5, 0, 0, 51.68
2026/07/12 23:46:05.420, 6, 0, 0, 54.85
2026/07/12 23:46:05.420, 7, 0, 0, 52.83
2026/07/12 23:46:06.420, 0, 0, 0, 53.64
2026/07/12 23:46:06.420, 1, 0, 0, 51.02
2026/07/12 23:46:06.421, 2, 0, 0, 51.41
2026/07/12 23:46:06.422, 3, 0, 0, 53.59
2026/07/12 23:46:06.422, 4, 0, 0, 55.57
2026/07/12 23:46:06.422, 5, 0, 0, 51.68
2026/07/12 23:46:06.422, 6, 0, 0, 54.85
2026/07/12 23:46:06.422, 7, 0, 0, 52.88
2026/07/12 23:46:07.422, 0, 0, 0, 53.98
2026/07/12 23:46:07.422, 1, 0, 0, 51.30
2026/07/12 23:46:07.422, 2, 0, 0, 51.13
2026/07/12 23:46:07.422, 3, 0, 0, 53.59
2026/07/12 23:46:07.423, 4, 0, 0, 55.57
2026/07/12 23:46:07.423, 5, 0, 0, 51.36
2026/07/12 23:46:07.423, 6, 0, 0, 54.85
2026/07/12 23:46:07.423, 7, 0, 0, 52.83
2026/07/12 23:46:08.423, 0, 0, 0, 53.98
2026/07/12 23:46:08.423, 1, 0, 0, 51.02
2026/07/12 23:46:08.423, 2, 0, 0, 51.08
2026/07/12 23:46:08.423, 3, 0, 0, 53.59
2026/07/12 23:46:08.423, 4, 0, 0, 55.57
2026/07/12 23:46:08.423, 5, 0, 0, 51.36
2026/07/12 23:46:08.423, 6, 0, 0, 54.85
2026/07/12 23:46:08.423, 7, 0, 0, 52.88
2026/07/12 23:46:09.423, 0, 0, 0, 53.98
2026/07/12 23:46:09.423, 1, 0, 0, 51.02
2026/07/12 23:46:09.423, 2, 0, 0, 51.36
2026/07/12 23:46:09.423, 3, 0, 0, 53.59
2026/07/12 23:46:09.423, 4, 0, 0, 55.57
2026/07/12 23:46:09.423, 5, 0, 0, 51.68
2026/07/12 23:46:09.423, 6, 0, 0, 54.85
2026/07/12 23:46:09.423, 7, 0, 0, 52.88
2026/07/12 23:46:10.423, 0, 0, 0, 53.64
2026/07/12 23:46:10.424, 1, 0, 0, 51.30
2026/07/12 23:46:10.424, 2, 0, 0, 51.36
2026/07/12 23:46:10.424, 3, 0, 0, 53.59
2026/07/12 23:46:10.424, 4, 0, 0, 55.57
2026/07/12 23:46:10.424, 5, 0, 0, 51.36
2026/07/12 23:46:10.424, 6, 0, 0, 54.85
2026/07/12 23:46:10.424, 7, 0, 0, 52.83
2026/07/12 23:46:11.424, 0, 0, 4, 53.98
2026/07/12 23:46:11.466, 1, 0, 4, 51.02
2026/07/12 23:46:11.467, 2, 0, 4, 51.13
2026/07/12 23:46:11.468, 3, 0, 4, 54.19
2026/07/12 23:46:11.469, 4, 0, 1, 55.57
2026/07/12 23:46:11.470, 5, 0, 1, 51.68
2026/07/12 23:46:11.471, 6, 0, 1, 54.85
2026/07/12 23:46:11.472, 7, 0, 1, 52.56
2026/07/12 23:46:12.472, 0, 0, 4, 53.98
2026/07/12 23:46:12.477, 1, 0, 4, 51.02
2026/07/12 23:46:12.479, 2, 0, 4, 51.36
2026/07/12 23:46:12.480, 3, 0, 4, 53.59
2026/07/12 23:46:12.481, 4, 0, 4, 55.57
2026/07/12 23:46:12.481, 5, 0, 4, 52.22
2026/07/12 23:46:12.481, 6, 0, 1, 55.12
2026/07/12 23:46:12.482, 7, 0, 1, 52.83
2026/07/12 23:46:13.482, 0, 0, 4, 53.64
2026/07/12 23:46:13.484, 1, 0, 4, 51.02
2026/07/12 23:46:13.487, 2, 0, 4, 51.36
2026/07/12 23:46:13.487, 3, 0, 4, 53.59
2026/07/12 23:46:13.488, 4, 0, 4, 55.57
2026/07/12 23:46:13.490, 5, 0, 4, 51.68
2026/07/12 23:46:13.490, 6, 0, 4, 54.85
2026/07/12 23:46:13.490, 7, 0, 4, 52.83
2026/07/12 23:46:14.491, 0, 0, 4, 53.98
2026/07/12 23:46:14.491, 1, 0, 4, 51.02
2026/07/12 23:46:14.491, 2, 0, 4, 51.08
2026/07/12 23:46:14.491, 3, 0, 4, 53.59
2026/07/12 23:46:14.491, 4, 0, 4, 55.57
2026/07/12 23:46:14.491, 5, 0, 4, 51.68
2026/07/12 23:46:14.491, 6, 0, 4, 54.85
2026/07/12 23:46:14.491, 7, 0, 4, 52.83
2026/07/12 23:46:15.491, 0, 0, 4, 53.98
2026/07/12 23:46:15.492, 1, 0, 4, 51.02
2026/07/12 23:46:15.492, 2, 0, 4, 51.08
2026/07/12 23:46:15.492, 3, 0, 4, 53.59
2026/07/12 23:46:15.492, 4, 0, 4, 55.57
2026/07/12 23:46:15.492, 5, 0, 4, 51.68
2026/07/12 23:46:15.492, 6, 0, 4, 54.85
2026/07/12 23:46:15.492, 7, 0, 4, 52.83
2026/07/12 23:46:16.492, 0, 0, 4, 53.98
2026/07/12 23:46:16.494, 1, 0, 4, 51.30
2026/07/12 23:46:16.494, 2, 0, 4, 51.68
2026/07/12 23:46:16.496, 3, 0, 4, 53.92
2026/07/12 23:46:16.503, 4, 0, 4, 55.57
2026/07/12 23:46:16.505, 5, 0, 4, 51.68
2026/07/12 23:46:16.505, 6, 0, 4, 54.85
2026/07/12 23:46:16.513, 7, 0, 4, 52.83
2026/07/12 23:46:17.514, 0, 0, 4, 53.64
2026/07/12 23:46:17.521, 1, 0, 4, 51.02
2026/07/12 23:46:17.522, 2, 0, 4, 51.08
2026/07/12 23:46:17.523, 3, 0, 4, 53.59
2026/07/12 23:46:17.526, 4, 0, 20, 60.88
2026/07/12 23:46:17.526, 5, 0, 4, 51.68
2026/07/12 23:46:17.528, 6, 0, 4, 54.85
2026/07/12 23:46:17.529, 7, 0, 4, 52.83
2026/07/12 23:46:18.530, 0, 0, 21, 60.41
2026/07/12 23:46:18.562, 1, 0, 4, 51.25
2026/07/12 23:46:18.563, 2, 0, 8, 51.36
2026/07/12 23:46:18.564, 3, 0, 20, 53.59
2026/07/12 23:46:18.567, 4, 2, 503, 61.21
2026/07/12 23:46:18.569, 5, 0, 21, 57.80
2026/07/12 23:46:18.570, 6, 0, 4, 54.85
2026/07/12 23:46:18.572, 7, 0, 4, 52.83
2026/07/12 23:46:19.573, 0, 8, 503, 59.75
2026/07/12 23:46:19.573, 1, 0, 503, 57.19
2026/07/12 23:46:19.573, 2, 1, 503, 57.53
2026/07/12 23:46:19.573, 3, 1, 503, 59.48
2026/07/12 23:46:19.573, 4, 0, 503, 61.21
2026/07/12 23:46:19.573, 5, 8, 503, 57.19
2026/07/12 23:46:19.573, 6, 0, 503, 61.02
2026/07/12 23:46:19.573, 7, 0, 503, 59.27
2026/07/12 23:46:20.573, 0, 0, 503, 59.75
2026/07/12 23:46:20.573, 1, 0, 503, 56.87
2026/07/12 23:46:20.573, 2, 0, 503, 57.25
2026/07/12 23:46:20.574, 3, 0, 503, 59.09
2026/07/12 23:46:20.574, 4, 0, 503, 60.60
2026/07/12 23:46:20.574, 5, 0, 503, 57.19
2026/07/12 23:46:20.574, 6, 0, 503, 60.41
2026/07/12 23:46:20.574, 7, 0, 503, 58.40
2026/07/12 23:46:21.574, 0, 0, 503, 59.75
2026/07/12 23:46:21.574, 1, 0, 503, 56.32
2026/07/12 23:46:21.574, 2, 0, 503, 56.93
2026/07/12 23:46:21.574, 3, 0, 503, 58.82
2026/07/12 23:46:21.574, 4, 0, 503, 60.60
2026/07/12 23:46:21.574, 5, 0, 503, 56.93
2026/07/12 23:46:21.574, 6, 0, 503, 61.02
2026/07/12 23:46:21.574, 7, 0, 503, 58.40
2026/07/12 23:46:22.574, 0, 0, 503, 59.75
2026/07/12 23:46:22.574, 1, 0, 503, 56.60
2026/07/12 23:46:22.574, 2, 0, 503, 57.25
2026/07/12 23:46:22.574, 3, 0, 503, 58.82
2026/07/12 23:46:22.574, 4, 0, 503, 60.88
2026/07/12 23:46:22.574, 5, 0, 503, 56.87
2026/07/12 23:46:22.574, 6, 0, 503, 60.41
2026/07/12 23:46:22.574, 7, 0, 503, 58.13
2026/07/12 23:46:23.575, 0, 0, 505, 60.02
2026/07/12 23:46:23.575, 1, 0, 505, 56.54
2026/07/12 23:46:23.575, 2, 2, 505, 57.25
2026/07/12 23:46:23.575, 3, 2, 505, 58.82
2026/07/12 23:46:23.575, 4, 0, 505, 61.48
2026/07/12 23:46:23.575, 5, 2, 505, 57.19
2026/07/12 23:46:23.575, 6, 0, 505, 61.02
2026/07/12 23:46:23.575, 7, 0, 505, 58.40
2026/07/12 23:46:24.575, 0, 0, 505, 59.75
2026/07/12 23:46:24.575, 1, 0, 505, 56.54
2026/07/12 23:46:24.575, 2, 0, 505, 56.93
2026/07/12 23:46:24.575, 3, 0, 505, 59.09
2026/07/12 23:46:24.575, 4, 0, 527, 60.88
2026/07/12 23:46:24.575, 5, 0, 505, 56.93
2026/07/12 23:46:24.575, 6, 0, 505, 60.69
2026/07/12 23:46:24.575, 7, 0, 505, 58.13
2026/07/12 23:46:25.575, 0, 0, 538, 60.41
2026/07/12 23:46:25.578, 1, 0, 538, 57.19
2026/07/12 23:46:25.579, 2, 3, 537, 57.25
2026/07/12 23:46:25.579, 3, 3, 537, 58.82
2026/07/12 23:46:25.586, 4, 0, 537, 60.88
2026/07/12 23:46:25.586, 5, 1, 537, 56.87
2026/07/12 23:46:25.586, 6, 3, 537, 61.29
2026/07/12 23:46:25.586, 7, 0, 537, 59.00
2026/07/12 23:46:26.587, 0, 0, 538, 60.09
2026/07/12 23:46:26.587, 1, 0, 538, 56.54
2026/07/12 23:46:26.587, 2, 0, 538, 57.53
2026/07/12 23:46:26.587, 3, 0, 538, 59.09
2026/07/12 23:46:26.587, 4, 0, 3704, 60.88
2026/07/12 23:46:26.587, 5, 0, 538, 56.87
2026/07/12 23:46:26.587, 6, 0, 538, 60.41
2026/07/12 23:46:26.587, 7, 0, 538, 58.13
2026/07/12 23:46:27.587, 0, 9, 3964, 61.49
2026/07/12 23:46:27.588, 1, 2, 3964, 58.67
2026/07/12 23:46:27.589, 2, 6, 4228, 59.00
2026/07/12 23:46:27.589, 3, 9, 4232, 61.16
2026/07/12 23:46:27.591, 4, 10, 4714, 62.63
2026/07/12 23:46:27.591, 5, 0, 3756, 57.19
2026/07/12 23:46:27.591, 6, 8, 3996, 62.44
2026/07/12 23:46:27.592, 7, 9, 3984, 60.47
2026/07/12 23:46:28.592, 0, 8, 4816, 61.56
2026/07/12 23:46:28.610, 1, 9, 4814, 57.47
2026/07/12 23:46:28.615, 2, 5, 4970, 61.95
2026/07/12 23:46:28.616, 3, 8, 4970, 62.90
2026/07/12 23:46:28.616, 4, 0, 4970, 61.48
2026/07/12 23:46:28.616, 5, 6, 4570, 57.74
2026/07/12 23:46:28.616, 6, 6, 4838, 61.88
2026/07/12 23:46:28.616, 7, 6, 4840, 59.60
2026/07/12 23:46:29.616, 0, 2, 4970, 59.81
2026/07/12 23:46:29.616, 1, 0, 4970, 56.60
2026/07/12 23:46:29.616, 2, 0, 4970, 57.25
2026/07/12 23:46:29.616, 3, 0, 4970, 58.82
2026/07/12 23:46:29.616, 4, 0, 4970, 60.88
2026/07/12 23:46:29.616, 5, 0, 4970, 56.87
2026/07/12 23:46:29.616, 6, 0, 4970, 61.02
2026/07/12 23:46:29.617, 7, 0, 4970, 58.40
2026/07/12 23:46:30.617, 0, 0, 4970, 59.81
2026/07/12 23:46:30.617, 1, 0, 4970, 56.87
2026/07/12 23:46:30.617, 2, 0, 4970, 57.25
2026/07/12 23:46:30.617, 3, 0, 4970, 58.82
2026/07/12 23:46:30.617, 4, 1, 4970, 60.88
2026/07/12 23:46:30.617, 5, 2, 4970, 56.87
2026/07/12 23:46:30.617, 6, 0, 4970, 60.69
2026/07/12 23:46:30.617, 7, 0, 4970, 58.13
2026/07/12 23:46:31.617, 0, 1, 4970, 59.81
2026/07/12 23:46:31.617, 1, 0, 4970, 56.60
2026/07/12 23:46:31.617, 2, 0, 4970, 57.25
2026/07/12 23:46:31.617, 3, 1, 4970, 58.82
2026/07/12 23:46:31.617, 4, 17, 4970, 60.88
2026/07/12 23:46:31.617, 5, 1, 4970, 56.87
2026/07/12 23:46:31.617, 6, 0, 4970, 60.41
2026/07/12 23:46:31.617, 7, 0, 4970, 58.13
2026/07/12 23:46:32.617, 0, 26, 4970, 59.81
2026/07/12 23:46:32.618, 1, 0, 4970, 56.60
2026/07/12 23:46:32.618, 2, 0, 4970, 58.13
2026/07/12 23:46:32.618, 3, 0, 4970, 58.88
2026/07/12 23:46:32.618, 4, 0, 4972, 60.88
2026/07/12 23:46:32.618, 5, 26, 4970, 56.87
2026/07/12 23:46:32.622, 6, 0, 4972, 60.41
2026/07/12 23:46:32.624, 7, 0, 4970, 58.13
2026/07/12 23:46:33.624, 0, 0, 4972, 59.75
2026/07/12 23:46:33.625, 1, 0, 4972, 56.60
2026/07/12 23:46:33.625, 2, 2, 4972, 57.25
2026/07/12 23:46:33.625, 3, 2, 4972, 59.09
2026/07/12 23:46:33.625, 4, 0, 4972, 60.88
2026/07/12 23:46:33.625, 5, 0, 4972, 57.19
2026/07/12 23:46:33.625, 6, 0, 4972, 60.69
2026/07/12 23:46:33.625, 7, 0, 4972, 58.13
2026/07/12 23:46:34.626, 0, 0, 4972, 59.75
2026/07/12 23:46:34.626, 1, 0, 4972, 56.54
2026/07/12 23:46:34.626, 2, 0, 4972, 57.25
2026/07/12 23:46:34.626, 3, 0, 4972, 59.15
2026/07/12 23:46:34.626, 4, 0, 4972, 64.11
2026/07/12 23:46:34.626, 5, 0, 4972, 56.87
2026/07/12 23:46:34.626, 6, 0, 4972, 61.02
2026/07/12 23:46:34.626, 7, 0, 4972, 58.73
2026/07/12 23:46:35.626, 0, 0, 4972, 63.91
2026/07/12 23:46:35.655, 1, 18, 4972, 56.60
2026/07/12 23:46:35.656, 2, 0, 4996, 61.08
2026/07/12 23:46:35.657, 3, 1, 5374, 59.75
2026/07/12 23:46:35.657, 4, 4, 6206, 61.75
2026/07/12 23:46:35.658, 5, 0, 4972, 57.19
2026/07/12 23:46:35.658, 6, 21, 4978, 63.91
2026/07/12 23:46:35.658, 7, 19, 4980, 61.95
2026/07/12 23:46:36.658, 0, 3, 5380, 61.02
2026/07/12 23:46:36.658, 1, 3, 5738, 57.74
2026/07/12 23:46:36.665, 2, 3, 6034, 58.73
2026/07/12 23:46:36.666, 3, 4, 6388, 60.29
2026/07/12 23:46:36.667, 4, 3, 7046, 62.08
2026/07/12 23:46:36.667, 5, 9, 5342, 58.07
2026/07/12 23:46:36.668, 6, 3, 5692, 61.56
2026/07/12 23:46:36.669, 7, 3, 5710, 59.27
2026/07/12 23:46:37.669, 0, 2, 5994, 60.69
2026/07/12 23:46:37.677, 1, 3, 6332, 57.47
2026/07/12 23:46:37.679, 2, 2, 6570, 57.80
2026/07/12 23:46:37.679, 3, 3, 6958, 59.69
2026/07/12 23:46:37.681, 4, 8, 7456, 65.91
2026/07/12 23:46:37.682, 5, 3, 5974, 57.19
2026/07/12 23:46:37.683, 6, 2, 6276, 61.02
2026/07/12 23:46:37.683, 7, 2, 6286, 58.73
2026/07/12 23:46:38.683, 0, 1, 6628, 59.75
2026/07/12 23:46:38.684, 1, 1, 6974, 56.87
2026/07/12 23:46:38.685, 2, 2, 7162, 57.25
2026/07/12 23:46:38.688, 3, 3, 7448, 60.56
2026/07/12 23:46:38.689, 4, 21, 7456, 79.70
2026/07/12 23:46:38.690, 5, 1, 6584, 57.25
2026/07/12 23:46:38.691, 6, 1, 6886, 62.16
2026/07/12 23:46:38.692, 7, 1, 6942, 59.60
2026/07/12 23:46:39.694, 0, 7, 7218, 60.63
2026/07/12 23:46:39.698, 1, 11, 7456, 56.81
2026/07/12 23:46:39.698, 2, 11, 7456, 62.83
2026/07/12 23:46:39.699, 3, 12, 7456, 59.09
2026/07/12 23:46:39.700, 4, 98, 7456, 191.62
2026/07/12 23:46:39.700, 5, 3, 7184, 57.74
2026/07/12 23:46:39.700, 6, 10, 7448, 61.02
2026/07/12 23:46:39.700, 7, 8, 7456, 61.62
2026/07/12 23:46:40.700, 0, 22, 7456, 65.91
2026/07/12 23:46:40.701, 1, 13, 7456, 133.49
2026/07/12 23:46:40.703, 2, 74, 7456, 190.36
2026/07/12 23:46:40.703, 3, 99, 7456, 190.63
2026/07/12 23:46:40.703, 4, 0, 7456, 78.15
2026/07/12 23:46:40.703, 5, 20, 7456, 61.88
2026/07/12 23:46:40.703, 6, 22, 7456, 66.19
2026/07/12 23:46:40.703, 7, 31, 7456, 133.43
2026/07/12 23:46:41.703, 0, 100, 7456, 217.47
2026/07/12 23:46:41.704, 1, 100, 7456, 190.97
2026/07/12 23:46:41.704, 2, 93, 7456, 80.93
2026/07/12 23:46:41.704, 3, 0, 7456, 75.13
2026/07/12 23:46:41.704, 4, 0, 7456, 68.19
2026/07/12 23:46:41.704, 5, 100, 7456, 196.99
2026/07/12 23:46:41.704, 6, 100, 7456, 218.94
2026/07/12 23:46:41.704, 7, 98, 7456, 188.69
2026/07/12 23:46:42.704, 0, 13, 7504, 77.63
2026/07/12 23:46:42.704, 1, 0, 7504, 71.20
2026/07/12 23:46:42.704, 2, 0, 7504, 72.82
2026/07/12 23:46:42.704, 3, 3, 7504, 77.28
2026/07/12 23:46:42.704, 4, 0, 7504, 61.48
2026/07/12 23:46:42.705, 5, 65, 7504, 71.54
2026/07/12 23:46:42.705, 6, 0, 7504, 77.44
2026/07/12 23:46:42.705, 7, 0, 7504, 75.17
2026/07/12 23:46:43.705, 0, 0, 7666, 77.36
2026/07/12 23:46:43.710, 1, 0, 7654, 57.13
2026/07/12 23:46:43.713, 2, 0, 7702, 57.53
2026/07/12 23:46:43.714, 3, 0, 7702, 59.09
2026/07/12 23:46:43.715, 4, 0, 7676, 61.48
2026/07/12 23:46:43.716, 5, 0, 7672, 71.27
2026/07/12 23:46:43.716, 6, 0, 7662, 77.12
2026/07/12 23:46:43.717, 7, 0, 7672, 63.42
2026/07/12 23:46:44.718, 0, 0, 8010, 60.69
2026/07/12 23:46:44.727, 1, 0, 8010, 56.87
2026/07/12 23:46:44.740, 2, 0, 8010, 57.53
2026/07/12 23:46:44.740, 3, 0, 8010, 59.09
2026/07/12 23:46:44.741, 4, 0, 8010, 61.48
2026/07/12 23:46:44.742, 5, 0, 8010, 57.47
2026/07/12 23:46:44.743, 6, 0, 8010, 61.02
2026/07/12 23:46:44.753, 7, 0, 8010, 58.73
2026/07/12 23:46:45.754, 0, 22, 8078, 73.82
2026/07/12 23:46:45.754, 1, 27, 8078, 60.02
2026/07/12 23:46:45.754, 2, 30, 8078, 61.08
2026/07/12 23:46:45.754, 3, 29, 8078, 62.90
2026/07/12 23:46:45.754, 4, 29, 8078, 67.66
2026/07/12 23:46:45.754, 5, 20, 8078, 60.09
2026/07/12 23:46:45.754, 6, 7, 8078, 69.80
2026/07/12 23:46:45.754, 7, 7, 8078, 63.97
2026/07/12 23:46:46.754, 0, 23, 8078, 66.78
2026/07/12 23:46:46.755, 1, 20, 8078, 62.10
2026/07/12 23:46:46.755, 2, 18, 8078, 62.83
2026/07/12 23:46:46.756, 3, 14, 8078, 64.65
2026/07/12 23:46:46.765, 4, 14, 8078, 67.06
2026/07/12 23:46:46.773, 5, 14, 8078, 63.03
2026/07/12 23:46:46.774, 6, 19, 8078, 66.26
2026/07/12 23:46:46.775, 7, 20, 8078, 64.30
2026/07/12 23:46:47.775, 0, 74, 8078, 196.51
2026/07/12 23:46:47.775, 1, 85, 8078, 197.65
2026/07/12 23:46:47.775, 2, 87, 8078, 200.20
2026/07/12 23:46:47.775, 3, 100, 8078, 200.39
2026/07/12 23:46:47.775, 4, 100, 8078, 169.14
2026/07/12 23:46:47.775, 5, 93, 8078, 188.49
2026/07/12 23:46:47.775, 6, 21, 8078, 173.29
2026/07/12 23:46:47.775, 7, 22, 8078, 172.28
2026/07/12 23:46:48.775, 0, 97, 8078, 79.98
2026/07/12 23:46:48.776, 1, 87, 8078, 79.11
2026/07/12 23:46:48.776, 2, 86, 8078, 81.01
2026/07/12 23:46:48.777, 3, 45, 8078, 83.71
2026/07/12 23:46:48.786, 4, 69, 8078, 86.17
2026/07/12 23:46:48.795, 5, 76, 8078, 75.64
2026/07/12 23:46:48.795, 6, 100, 8078, 80.58
2026/07/12 23:46:48.795, 7, 87, 8078, 80.14
2026/07/12 23:46:49.795, 0, 15, 8078, 83.19
2026/07/12 23:46:49.796, 1, 11, 8078, 78.23
2026/07/12 23:46:49.796, 2, 11, 8078, 79.87
2026/07/12 23:46:49.796, 3, 17, 8078, 75.48
2026/07/12 23:46:49.796, 4, 12, 8078, 83.81
2026/07/12 23:46:49.796, 5, 12, 8078, 77.12
2026/07/12 23:46:49.796, 6, 11, 8078, 83.19
2026/07/12 23:46:49.796, 7, 10, 8078, 80.14
2026/07/12 23:46:50.796, 0, 15, 8078, 125.39
2026/07/12 23:46:50.802, 1, 18, 8078, 79.71
2026/07/12 23:46:50.813, 2, 17, 8078, 60.15
2026/07/12 23:46:50.813, 3, 26, 8078, 139.50
2026/07/12 23:46:50.815, 4, 17, 8078, 97.84
2026/07/12 23:46:50.815, 5, 15, 8078, 62.16
2026/07/12 23:46:50.816, 6, 20, 8078, 62.97
2026/07/12 23:46:50.828, 7, 21, 8078, 64.23
2026/07/12 23:46:51.828, 0, 100, 8078, 206.14
2026/07/12 23:46:51.858, 1, 100, 8078, 185.09
2026/07/12 23:46:51.858, 2, 100, 8078, 199.93
2026/07/12 23:46:51.858, 3, 100, 8078, 189.29
2026/07/12 23:46:51.858, 4, 100, 8078, 194.45
2026/07/12 23:46:51.858, 5, 100, 8078, 184.68
2026/07/12 23:46:51.858, 6, 100, 8078, 212.89
2026/07/12 23:46:51.859, 7, 100, 8078, 203.42
2026/07/12 23:46:52.859, 0, 11, 8078, 82.92
2026/07/12 23:46:52.866, 1, 11, 8078, 77.90
2026/07/12 23:46:52.874, 2, 11, 8078, 78.67
2026/07/12 23:46:52.874, 3, 12, 8078, 82.51
2026/07/12 23:46:52.874, 4, 12, 8078, 83.54
2026/07/12 23:46:52.875, 5, 12, 8078, 76.24
2026/07/12 23:46:52.875, 6, 12, 8078, 83.28
2026/07/12 23:46:52.875, 7, 12, 8078, 79.54
2026/07/12 23:46:53.875, 0, 17, 8078, 86.74
2026/07/12 23:46:53.881, 1, 17, 8078, 80.85
2026/07/12 23:46:53.882, 2, 17, 8078, 82.22
2026/07/12 23:46:53.882, 3, 17, 8078, 85.18
2026/07/12 23:46:53.882, 4, 17, 8078, 86.76
2026/07/12 23:46:53.883, 5, 17, 8078, 79.19
2026/07/12 23:46:53.883, 6, 16, 8078, 71.27
2026/07/12 23:46:53.883, 7, 16, 8078, 81.89
2026/07/12 23:46:54.883, 0, 100, 8078, 229.30
2026/07/12 23:46:54.886, 1, 100, 8078, 222.88
2026/07/12 23:46:54.886, 2, 100, 8078, 223.62
2026/07/12 23:46:54.886, 3, 100, 8078, 227.05
2026/07/12 23:46:54.886, 4, 100, 8078, 219.12
2026/07/12 23:46:54.888, 5, 100, 8078, 209.35
2026/07/12 23:46:54.888, 6, 100, 8078, 217.84
2026/07/12 23:46:54.888, 7, 100, 8078, 209.57
2026/07/12 23:46:55.888, 0, 19, 8078, 83.19
2026/07/12 23:46:55.888, 1, 18, 8078, 78.23
2026/07/12 23:46:55.888, 2, 15, 8078, 78.67
2026/07/12 23:46:55.888, 3, 84, 8078, 81.96
2026/07/12 23:46:55.888, 4, 31, 8078, 84.14
2026/07/12 23:46:55.888, 5, 39, 8078, 77.12
2026/07/12 23:46:55.888, 6, 38, 8078, 83.55
2026/07/12 23:46:55.888, 7, 20, 8078, 79.87
2026/07/12 23:46:56.888, 0, 17, 8078, 85.81
2026/07/12 23:46:56.903, 1, 17, 8078, 80.25
2026/07/12 23:46:56.903, 2, 17, 8078, 81.89
2026/07/12 23:46:56.903, 3, 16, 8078, 85.18
2026/07/12 23:46:56.903, 4, 16, 8078, 86.76
2026/07/12 23:46:56.903, 5, 9, 8078, 79.46
2026/07/12 23:46:56.903, 6, 8, 8078, 85.27
2026/07/12 23:46:56.913, 7, 8, 8078, 81.89
2026/07/12 23:46:57.913, 0, 100, 8078, 214.36
2026/07/12 23:46:57.913, 1, 100, 8078, 201.19
2026/07/12 23:46:57.913, 2, 100, 8078, 202.87
2026/07/12 23:46:57.913, 3, 100, 8078, 210.99
2026/07/12 23:46:57.913, 4, 100, 8078, 203.84
2026/07/12 23:46:57.913, 5, 98, 8078, 189.96
2026/07/12 23:46:57.913, 6, 77, 8078, 200.60
2026/07/12 23:46:57.913, 7, 75, 8078, 188.22
2026/07/12 23:46:58.913, 0, 68, 8078, 82.32
2026/07/12 23:46:58.913, 1, 81, 8078, 76.16
2026/07/12 23:46:58.914, 2, 81, 8078, 81.29
2026/07/12 23:46:58.914, 3, 60, 8078, 82.84
2026/07/12 23:46:58.915, 4, 55, 8078, 86.76
2026/07/12 23:46:58.916, 5, 75, 8078, 75.36
2026/07/12 23:46:58.916, 6, 94, 8078, 79.98
2026/07/12 23:46:58.916, 7, 96, 8078, 76.32
2026/07/12 23:46:59.917, 0, 16, 8078, 77.90
2026/07/12 23:46:59.917, 1, 18, 8078, 75.89
2026/07/12 23:46:59.917, 2, 19, 8078, 79.87
2026/07/12 23:46:59.917, 3, 16, 8078, 76.68
2026/07/12 23:46:59.917, 4, 18, 8078, 85.62
2026/07/12 23:46:59.917, 5, 12, 8078, 77.71
2026/07/12 23:46:59.917, 6, 11, 8078, 84.67
2026/07/12 23:46:59.917, 7, 11, 8078, 81.62
2026/07/12 23:47:00.917, 0, 16, 8078, 123.25
2026/07/12 23:47:00.920, 1, 42, 8078, 186.15
2026/07/12 23:47:00.920, 2, 40, 8078, 124.64
2026/07/12 23:47:00.920, 3, 17, 8078, 139.50
2026/07/12 23:47:00.920, 4, 38, 8078, 67.66
2026/07/12 23:47:00.920, 5, 14, 8078, 62.16
2026/07/12 23:47:00.920, 6, 18, 8078, 66.78
2026/07/12 23:47:00.920, 7, 20, 8078, 64.30
2026/07/12 23:47:01.921, 0, 100, 8078, 202.93
2026/07/12 23:47:01.926, 1, 100, 8078, 91.60
2026/07/12 23:47:01.928, 2, 100, 8078, 165.85
2026/07/12 23:47:01.928, 3, 100, 8078, 195.98
2026/07/12 23:47:01.928, 4, 100, 8078, 214.70
2026/07/12 23:47:01.928, 5, 100, 8078, 210.44
2026/07/12 23:47:01.928, 6, 100, 8078, 206.14
2026/07/12 23:47:01.928, 7, 100, 8078, 203.42
2026/07/12 23:47:02.928, 0, 11, 8078, 83.19
2026/07/12 23:47:02.934, 1, 11, 8078, 77.36
2026/07/12 23:47:02.934, 2, 11, 8078, 78.67
2026/07/12 23:47:02.934, 3, 12, 8078, 81.64
2026/07/12 23:47:02.934, 4, 12, 8078, 84.42
2026/07/12 23:47:02.934, 5, 11, 8078, 77.12
2026/07/12 23:47:02.934, 6, 11, 8078, 83.80
2026/07/12 23:47:02.934, 7, 12, 8078, 80.42
2026/07/12 23:47:03.934, 0, 14, 8078, 85.27
2026/07/12 23:47:03.934, 1, 17, 8078, 81.72
2026/07/12 23:47:03.934, 2, 17, 8078, 82.49
2026/07/12 23:47:03.935, 3, 17, 8078, 85.18
2026/07/12 23:47:03.935, 4, 16, 8078, 87.64
2026/07/12 23:47:03.935, 5, 15, 8078, 79.79
2026/07/12 23:47:03.935, 6, 15, 8078, 85.54
2026/07/12 23:47:03.935, 7, 15, 8078, 82.49
2026/07/12 23:47:04.935, 0, 100, 8078, 219.36
2026/07/12 23:47:04.935, 1, 100, 8078, 194.17
2026/07/12 23:47:04.935, 2, 100, 8078, 190.24
2026/07/12 23:47:04.935, 3, 100, 8078, 212.12
2026/07/12 23:47:04.935, 4, 100, 8078, 219.12
2026/07/12 23:47:04.935, 5, 100, 8078, 212.89
2026/07/12 23:47:04.935, 6, 100, 8078, 210.82
2026/07/12 23:47:04.935, 7, 100, 8078, 209.57
2026/07/12 23:47:05.937, 0, 42, 8078, 83.80
2026/07/12 23:47:05.939, 1, 21, 8078, 78.23
2026/07/12 23:47:05.948, 2, 68, 8078, 78.94
2026/07/12 23:47:05.949, 3, 23, 8078, 82.84
2026/07/12 23:47:05.949, 4, 41, 8078, 84.74
2026/07/12 23:47:05.949, 5, 14, 8078, 77.71
2026/07/12 23:47:05.958, 6, 22, 8078, 83.28
2026/07/12 23:47:05.958, 7, 42, 8078, 80.42
2026/07/12 23:47:06.958, 0, 18, 8078, 85.81
2026/07/12 23:47:06.960, 1, 13, 8078, 81.13
2026/07/12 23:47:06.960, 2, 12, 8078, 82.49
2026/07/12 23:47:06.960, 3, 13, 8078, 84.85
2026/07/12 23:47:06.960, 4, 9, 8078, 86.49
2026/07/12 23:47:06.960, 5, 16, 8078, 79.79
2026/07/12 23:47:06.960, 6, 11, 8078, 87.61
2026/07/12 23:47:06.960, 7, 8, 8078, 82.49
2026/07/12 23:47:07.960, 0, 17, 8078, 169.58
2026/07/12 23:47:07.961, 1, 92, 8078, 201.19
2026/07/12 23:47:07.961, 2, 90, 8078, 201.28
2026/07/12 23:47:07.961, 3, 100, 8078, 208.87
2026/07/12 23:47:07.961, 4, 65, 8078, 191.42
2026/07/12 23:47:07.961, 5, 100, 8078, 193.50
2026/07/12 23:47:07.961, 6, 25, 8078, 139.91
2026/07/12 23:47:07.961, 7, 70, 8078, 189.88
2026/07/12 23:47:08.961, 0, 100, 8078, 84.39
2026/07/12 23:47:08.961, 1, 81, 8078, 79.98
2026/07/12 23:47:08.961, 2, 82, 8078, 81.62
2026/07/12 23:47:08.961, 3, 42, 8078, 84.58
2026/07/12 23:47:08.961, 4, 100, 8078, 88.85
2026/07/12 23:47:08.961, 5, 48, 8078, 80.06
2026/07/12 23:47:08.961, 6, 100, 8078, 113.67
2026/07/12 23:47:08.961, 7, 95, 8078, 80.14
2026/07/12 23:47:09.961, 0, 11, 8078, 82.05
2026/07/12 23:47:09.963, 1, 11, 8078, 75.56
2026/07/12 23:47:09.963, 2, 11, 8078, 80.14
2026/07/12 23:47:09.963, 3, 12, 8078, 82.51
2026/07/12 23:47:09.963, 4, 11, 8078, 85.62
2026/07/12 23:47:09.963, 5, 11, 8078, 72.15
2026/07/12 23:47:09.963, 6, 11, 8078, 84.39
2026/07/12 23:47:09.963, 7, 11, 8078, 81.62
2026/07/12 23:47:10.963, 0, 16, 8078, 71.20
2026/07/12 23:47:10.965, 1, 17, 8078, 75.02
2026/07/12 23:47:10.975, 2, 17, 8078, 82.49
2026/07/12 23:47:10.975, 3, 17, 8078, 82.51
2026/07/12 23:47:10.975, 4, 16, 8078, 67.33
2026/07/12 23:47:10.975, 5, 16, 8078, 79.79
2026/07/12 23:47:10.975, 6, 3, 8078, 66.58
2026/07/12 23:47:10.975, 7, 16, 8078, 59.88
2026/07/12 23:47:11.976, 0, 100, 8078, 220.45
2026/07/12 23:47:11.978, 1, 100, 8078, 191.51
2026/07/12 23:47:11.978, 2, 100, 8078, 224.22
2026/07/12 23:47:11.978, 3, 100, 8078, 217.66
2026/07/12 23:47:11.978, 4, 100, 8078, 195.92
2026/07/12 23:47:11.978, 5, 100, 8078, 207.83
2026/07/12 23:47:11.979, 6, 71, 8078, 193.85
2026/07/12 23:47:11.979, 7, 100, 8078, 187.62
2026/07/12 23:47:12.979, 0, 64, 8078, 83.80
2026/07/12 23:47:12.979, 1, 100, 8078, 79.71
2026/07/12 23:47:12.979, 2, 100, 8078, 81.29
2026/07/12 23:47:12.980, 3, 100, 8078, 84.31
2026/07/12 23:47:12.980, 4, 100, 8078, 87.10
2026/07/12 23:47:12.980, 5, 89, 8078, 79.79
2026/07/12 23:47:12.980, 6, 99, 8078, 81.81
2026/07/12 23:47:12.981, 7, 100, 8078, 82.77
2026/07/12 23:47:13.981, 0, 11, 8078, 81.72
2026/07/12 23:47:13.981, 1, 11, 8078, 79.11
2026/07/12 23:47:13.981, 2, 11, 8078, 80.14
2026/07/12 23:47:13.981, 3, 11, 8078, 81.64
2026/07/12 23:47:13.981, 4, 8, 8078, 84.74
2026/07/12 23:47:13.981, 5, 11, 8078, 79.19
2026/07/12 23:47:13.981, 6, 11, 8078, 85.36
2026/07/12 23:47:13.981, 7, 6, 8078, 81.29
2026/07/12 23:47:14.981, 0, 16, 8078, 71.47
2026/07/12 23:47:14.981, 1, 16, 8078, 169.06
2026/07/12 23:47:14.981, 2, 15, 8078, 132.10
2026/07/12 23:47:14.981, 3, 17, 8078, 81.04
2026/07/12 23:47:14.981, 4, 15, 8078, 67.06
2026/07/12 23:47:14.981, 5, 17, 8078, 63.36
2026/07/12 23:47:14.982, 6, 18, 8078, 66.85
2026/07/12 23:47:14.982, 7, 15, 8078, 67.52
2026/07/12 23:47:15.983, 0, 100, 8078, 215.77
2026/07/12 23:47:15.984, 1, 100, 8078, 185.36
2026/07/12 23:47:15.984, 2, 100, 8078, 185.28
2026/07/12 23:47:15.984, 3, 100, 8078, 226.37
2026/07/12 23:47:15.984, 4, 100, 8078, 206.51
2026/07/12 23:47:15.984, 5, 100, 8078, 214.58
2026/07/12 23:47:15.985, 6, 100, 8078, 210.23
2026/07/12 23:47:15.985, 7, 100, 8078, 193.77
2026/07/12 23:47:16.986, 0, 100, 8078, 83.80
2026/07/12 23:47:16.986, 1, 100, 8078, 81.72
2026/07/12 23:47:16.986, 2, 100, 8078, 83.37
2026/07/12 23:47:16.986, 3, 74, 8078, 79.63
2026/07/12 23:47:16.986, 4, 50, 8078, 83.54
2026/07/12 23:47:16.986, 5, 100, 8078, 77.99
2026/07/12 23:47:16.986, 6, 28, 8078, 83.80
2026/07/12 23:47:16.986, 7, 30, 8078, 80.14
2026/07/12 23:47:17.987, 0, 13, 8078, 79.71
2026/07/12 23:47:17.987, 1, 15, 8078, 82.32
2026/07/12 23:47:17.987, 2, 17, 8078, 83.64
2026/07/12 23:47:17.987, 3, 18, 8078, 76.96
2026/07/12 23:47:17.987, 4, 19, 8078, 82.66
2026/07/12 23:47:17.987, 5, 18, 8078, 72.15
2026/07/12 23:47:17.987, 6, 9, 8078, 79.38
2026/07/12 23:47:17.987, 7, 19, 8078, 77.20
2026/07/12 23:47:18.987, 0, 16, 8078, 130.54
2026/07/12 23:47:18.989, 1, 17, 8078, 149.01
2026/07/12 23:47:18.989, 2, 30, 8078, 146.97
2026/07/12 23:47:18.989, 3, 45, 8078, 139.77
2026/07/12 23:47:18.989, 4, 21, 8078, 108.72
2026/07/12 23:47:18.989, 5, 26, 8078, 135.64
2026/07/12 23:47:18.989, 6, 19, 8078, 67.66
2026/07/12 23:47:18.989, 7, 20, 8078, 63.97
2026/07/12 23:47:19.989, 0, 100, 8078, 215.23
2026/07/12 23:47:19.990, 1, 100, 8078, 80.17
2026/07/12 23:47:19.991, 2, 100, 8078, 81.81
2026/07/12 23:47:19.991, 3, 100, 8078, 199.19
2026/07/12 23:47:19.991, 4, 100, 8078, 200.55
2026/07/12 23:47:19.991, 5, 100, 8078, 198.46
2026/07/12 23:47:19.991, 6, 100, 8078, 193.18
2026/07/12 23:47:20.002, 7, 100, 8078, 184.60
2026/07/12 23:47:21.002, 0, 12, 8078, 81.72
2026/07/12 23:47:21.002, 1, 12, 8078, 77.63
2026/07/12 23:47:21.002, 2, 12, 8078, 79.54
2026/07/12 23:47:21.002, 3, 11, 8078, 82.23
2026/07/12 23:47:21.002, 4, 11, 8078, 85.29
2026/07/12 23:47:21.002, 5, 11, 8078, 77.71
2026/07/12 23:47:21.002, 6, 11, 8078, 85.02
2026/07/12 23:47:21.002, 7, 11, 8078, 80.74
2026/07/12 23:47:22.002, 0, 15, 8078, 84.94
2026/07/12 23:47:22.041, 1, 18, 8078, 81.13
2026/07/12 23:47:22.041, 2, 17, 8078, 82.77
2026/07/12 23:47:22.041, 3, 16, 8078, 85.45
2026/07/12 23:47:22.041, 4, 17, 8078, 88.52
2026/07/12 23:47:22.042, 5, 16, 8078, 76.24
2026/07/12 23:47:22.042, 6, 15, 8078, 84.94
2026/07/12 23:47:22.042, 7, 16, 8078, 83.37
2026/07/12 23:47:23.042, 0, 100, 8078, 221.65
2026/07/12 23:47:23.044, 1, 100, 8078, 213.43
2026/07/12 23:47:23.044, 2, 100, 8078, 204.89
2026/07/12 23:47:23.045, 3, 100, 8078, 200.18
2026/07/12 23:47:23.046, 4, 100, 8078, 223.81
2026/07/12 23:47:23.046, 5, 100, 8078, 215.23
2026/07/12 23:47:23.047, 6, 100, 8078, 220.45
2026/07/12 23:47:23.047, 7, 100, 8078, 219.26
2026/07/12 23:47:24.048, 0, 12, 8078, 81.72
2026/07/12 23:47:24.049, 1, 12, 8078, 78.23
2026/07/12 23:47:24.049, 2, 12, 8078, 79.87
2026/07/12 23:47:24.049, 3, 12, 8078, 82.51
2026/07/12 23:47:24.049, 4, 18, 8078, 85.62
2026/07/12 23:47:24.049, 5, 19, 8078, 78.86
2026/07/12 23:47:24.049, 6, 20, 8078, 85.27
2026/07/12 23:47:24.049, 7, 19, 8078, 81.29
2026/07/12 23:47:25.049, 0, 17, 8078, 84.67
2026/07/12 23:47:25.051, 1, 17, 8078, 81.45
2026/07/12 23:47:25.051, 2, 17, 8078, 82.49
2026/07/12 23:47:25.051, 3, 16, 8078, 85.18
2026/07/12 23:47:25.051, 4, 9, 8078, 87.10
2026/07/12 23:47:25.051, 5, 13, 8078, 80.06
2026/07/12 23:47:25.051, 6, 8, 8078, 87.01
2026/07/12 23:47:25.051, 7, 12, 8078, 82.77
2026/07/12 23:47:26.051, 0, 100, 8078, 206.74
2026/07/12 23:47:26.054, 1, 100, 8078, 208.48
2026/07/12 23:47:26.056, 2, 100, 8078, 209.30
2026/07/12 23:47:26.056, 3, 100, 8078, 207.99
2026/07/12 23:47:26.056, 4, 90, 8078, 195.32
2026/07/12 23:47:26.056, 5, 100, 8078, 203.42
2026/07/12 23:47:26.057, 6, 81, 8078, 196.51
2026/07/12 23:47:26.057, 7, 100, 8078, 196.99
2026/07/12 23:47:27.057, 0, 88, 8078, 82.05
2026/07/12 23:47:27.079, 1, 98, 8078, 82.60
2026/07/12 23:47:27.079, 2, 85, 8078, 80.14
2026/07/12 23:47:27.079, 3, 77, 8078, 82.84
2026/07/12 23:47:27.079, 4, 82, 8078, 84.74
2026/07/12 23:47:27.079, 5, 36, 8078, 84.48
2026/07/12 23:47:27.080, 6, 90, 8078, 84.07
2026/07/12 23:47:27.080, 7, 55, 8078, 81.01
2026/07/12 23:47:28.080, 0, 18, 8078, 76.43
2026/07/12 23:47:28.080, 1, 17, 8078, 72.34
2026/07/12 23:47:28.081, 2, 15, 8078, 73.97
2026/07/12 23:47:28.081, 3, 11, 8078, 79.02
2026/07/12 23:47:28.081, 4, 14, 8078, 81.46
2026/07/12 23:47:28.081, 5, 15, 8078, 75.97
2026/07/12 23:47:28.081, 6, 13, 8078, 82.92
2026/07/12 23:47:28.081, 7, 14, 8078, 76.59
2026/07/12 23:47:29.081, 0, 57, 8078, 172.43
2026/07/12 23:47:29.081, 1, 73, 8078, 149.55
2026/07/12 23:47:29.081, 2, 76, 8078, 139.00
2026/07/12 23:47:29.081, 3, 15, 8078, 132.15
2026/07/12 23:47:29.082, 4, 20, 8078, 67.87
2026/07/12 23:47:29.082, 5, 17, 8078, 122.77
2026/07/12 23:47:29.082, 6, 18, 8078, 67.38
2026/07/12 23:47:29.082, 7, 20, 8078, 64.23
2026/07/12 23:47:30.082, 0, 100, 8078, 202.06
2026/07/12 23:47:30.086, 1, 98, 8078, 119.85
2026/07/12 23:47:30.086, 2, 95, 8078, 188.82
2026/07/12 23:47:30.086, 3, 100, 8078, 184.89
2026/07/12 23:47:30.086, 4, 100, 8078, 200.22
2026/07/12 23:47:30.086, 5, 100, 8078, 189.36
2026/07/12 23:47:30.086, 6, 100, 8078, 224.58
2026/07/12 23:47:30.086, 7, 100, 8078, 192.23
2026/07/12 23:47:31.087, 0, 11, 8078, 82.05
2026/07/12 23:47:31.087, 1, 11, 8078, 77.90
2026/07/12 23:47:31.087, 2, 11, 8078, 79.87
2026/07/12 23:47:31.087, 3, 12, 8078, 80.49
2026/07/12 23:47:31.087, 4, 11, 8078, 85.29
2026/07/12 23:47:31.087, 5, 11, 8078, 77.99
2026/07/12 23:47:31.087, 6, 11, 8078, 85.27
2026/07/12 23:47:31.087, 7, 10, 8078, 81.01
2026/07/12 23:47:32.087, 0, 17, 8078, 85.27
2026/07/12 23:47:32.087, 1, 17, 8078, 81.13
2026/07/12 23:47:32.087, 2, 16, 8078, 83.09
2026/07/12 23:47:32.087, 3, 17, 8078, 83.71
2026/07/12 23:47:32.087, 4, 16, 8078, 88.52
2026/07/12 23:47:32.087, 5, 16, 8078, 81.54
2026/07/12 23:47:32.087, 6, 17, 8078, 87.89
2026/07/12 23:47:32.087, 7, 16, 8078, 83.64
2026/07/12 23:47:33.087, 0, 100, 8078, 225.49
2026/07/12 23:47:33.087, 1, 100, 8078, 195.32
2026/07/12 23:47:33.087, 2, 100, 8078, 257.01
2026/07/12 23:47:33.087, 3, 100, 8078, 220.32
2026/07/12 23:47:33.087, 4, 100, 8078, 212.08
2026/07/12 23:47:33.087, 5, 100, 8078, 211.31
2026/07/12 23:47:33.087, 6, 100, 8078, 223.15
2026/07/12 23:47:33.088, 7, 100, 8078, 208.97
2026/07/12 23:47:34.088, 0, 15, 8078, 82.60
2026/07/12 23:47:34.091, 1, 14, 8078, 76.76
2026/07/12 23:47:34.099, 2, 12, 8078, 78.07
2026/07/12 23:47:34.099, 3, 18, 8078, 80.76
2026/07/12 23:47:34.099, 4, 12, 8078, 86.49
2026/07/12 23:47:34.100, 5, 21, 8078, 77.99
2026/07/12 23:47:34.100, 6, 21, 8078, 86.14
2026/07/12 23:47:34.100, 7, 21, 8078, 81.89
2026/07/12 23:47:35.100, 0, 17, 8078, 84.94
2026/07/12 23:47:35.100, 1, 17, 8078, 79.98
2026/07/12 23:47:35.101, 2, 17, 8078, 81.01
2026/07/12 23:47:35.110, 3, 16, 8078, 82.51
2026/07/12 23:47:35.110, 4, 15, 8078, 88.85
2026/07/12 23:47:35.110, 5, 8, 8078, 80.06
2026/07/12 23:47:35.110, 6, 7, 8078, 88.16
2026/07/12 23:47:35.110, 7, 7, 8078, 83.37
2026/07/12 23:47:36.110, 0, 100, 8078, 209.68
2026/07/12 23:47:36.112, 1, 100, 8078, 200.87
2026/07/12 23:47:36.112, 2, 100, 8078, 200.20
2026/07/12 23:47:36.112, 3, 100, 8078, 206.91
2026/07/12 23:47:36.112, 4, 100, 8078, 192.98
2026/07/12 23:47:36.112, 5, 86, 8078, 189.69
2026/07/12 23:47:36.112, 6, 83, 8078, 196.79
2026/07/12 23:47:36.112, 7, 88, 8078, 193.77
2026/07/12 23:47:37.113, 0, 80, 8078, 84.67
2026/07/12 23:47:37.113, 1, 87, 8078, 78.78
2026/07/12 23:47:37.113, 2, 93, 8078, 79.87
2026/07/12 23:47:37.113, 3, 57, 8078, 80.49
2026/07/12 23:47:37.113, 4, 99, 8078, 84.14
2026/07/12 23:47:37.113, 5, 86, 8078, 79.46
2026/07/12 23:47:37.113, 6, 88, 8078, 81.81
2026/07/12 23:47:37.113, 7, 84, 8078, 81.89
2026/07/12 23:47:38.113, 0, 18, 8078, 82.05
2026/07/12 23:47:38.120, 1, 19, 8078, 80.25
2026/07/12 23:47:38.120, 2, 19, 8078, 78.67
2026/07/12 23:47:38.120, 3, 17, 8078, 74.61
2026/07/12 23:47:38.120, 4, 12, 8078, 87.10
2026/07/12 23:47:38.120, 5, 12, 8078, 79.19
2026/07/12 23:47:38.120, 6, 11, 8078, 87.01
2026/07/12 23:47:38.120, 7, 13, 8078, 82.77
2026/07/12 23:47:39.121, 0, 37, 8078, 170.53
2026/07/12 23:47:39.122, 1, 39, 8078, 132.15
2026/07/12 23:47:39.122, 2, 17, 8078, 134.64
2026/07/12 23:47:39.122, 3, 21, 8078, 139.17
2026/07/12 23:47:39.122, 4, 19, 8078, 68.19
2026/07/12 23:47:39.122, 5, 21, 8078, 62.16
2026/07/12 23:47:39.122, 6, 17, 8078, 67.99
2026/07/12 23:47:39.123, 7, 20, 8078, 65.11
2026/07/12 23:47:40.123, 0, 100, 8078, 193.85
2026/07/12 23:47:40.123, 1, 100, 8078, 185.96
2026/07/12 23:47:40.123, 2, 100, 8078, 189.09
2026/07/12 23:47:40.123, 3, 100, 8078, 185.16
2026/07/12 23:47:40.123, 4, 100, 8078, 214.42
2026/07/12 23:47:40.123, 5, 100, 8078, 211.64
2026/07/12 23:47:40.123, 6, 100, 8078, 211.69
2026/07/12 23:47:40.123, 7, 100, 8078, 189.29
2026/07/12 23:47:41.124, 0, 11, 8078, 82.05
2026/07/12 23:47:41.124, 1, 12, 8078, 77.04
2026/07/12 23:47:41.124, 2, 12, 8078, 78.07
2026/07/12 23:47:41.124, 3, 12, 8078, 80.76
2026/07/12 23:47:41.124, 4, 12, 8078, 86.17
2026/07/12 23:47:41.124, 5, 12, 8078, 77.99
2026/07/12 23:47:41.124, 6, 12, 8078, 85.81
2026/07/12 23:47:41.124, 7, 12, 8078, 81.62
2026/07/12 23:47:42.124, 0, 10, 8078, 84.94
2026/07/12 23:47:42.124, 1, 16, 8078, 79.38
2026/07/12 23:47:42.124, 2, 15, 8078, 80.74
2026/07/12 23:47:42.124, 3, 16, 8078, 83.11
2026/07/12 23:47:42.124, 4, 11, 8078, 90.00
2026/07/12 23:47:42.124, 5, 6, 8078, 80.06
2026/07/12 23:47:42.124, 6, 15, 8078, 80.06
2026/07/12 23:47:42.124, 7, 19, 8078, 82.77
2026/07/12 23:47:43.125, 0, 100, 8078, 210.55
2026/07/12 23:47:43.125, 1, 100, 8078, 206.74
2026/07/12 23:47:43.125, 2, 100, 8078, 206.84
2026/07/12 23:47:43.125, 3, 100, 8078, 205.06
2026/07/12 23:47:43.125, 4, 52, 8078, 192.30
2026/07/12 23:47:43.125, 5, 78, 8078, 190.56
2026/07/12 23:47:43.125, 6, 20, 8078, 133.76
2026/07/12 23:47:43.125, 7, 20, 8078, 136.51
2026/07/12 23:47:44.125, 0, 46, 8078, 84.39
2026/07/12 23:47:44.133, 1, 52, 8078, 78.78
2026/07/12 23:47:44.134, 2, 49, 8078, 81.81
2026/07/12 23:47:44.134, 3, 87, 8078, 83.02
2026/07/12 23:47:44.134, 4, 100, 8078, 89.64
2026/07/12 23:47:44.134, 5, 56, 8078, 75.36
2026/07/12 23:47:44.134, 6, 100, 8078, 191.43
2026/07/12 23:47:44.134, 7, 100, 8078, 200.34
2026/07/12 23:47:45.134, 0, 12, 8078, 82.32
2026/07/12 23:47:45.141, 1, 12, 8078, 76.76
2026/07/12 23:47:45.141, 2, 12, 8078, 80.14
2026/07/12 23:47:45.142, 3, 11, 8078, 80.49
2026/07/12 23:47:45.142, 4, 11, 8078, 86.17
2026/07/12 23:47:45.142, 5, 11, 8078, 78.31
2026/07/12 23:47:45.151, 6, 11, 8078, 86.14
2026/07/12 23:47:45.161, 7, 11, 8078, 81.62
2026/07/12 23:47:46.161, 0, 17, 8078, 84.67
2026/07/12 23:47:46.162, 1, 15, 8078, 79.98
2026/07/12 23:47:46.163, 2, 17, 8078, 83.37
2026/07/12 23:47:46.163, 3, 17, 8078, 83.71
2026/07/12 23:47:46.163, 4, 15, 8078, 89.12
2026/07/12 23:47:46.163, 5, 16, 8078, 81.21
2026/07/12 23:47:46.163, 6, 15, 8078, 68.93
2026/07/12 23:47:46.163, 7, 15, 8078, 65.45
2026/07/12 23:47:47.163, 0, 100, 8078, 192.71
2026/07/12 23:47:47.163, 1, 100, 8078, 188.30
2026/07/12 23:47:47.163, 2, 100, 8078, 193.18
2026/07/12 23:47:47.163, 3, 100, 8078, 211.85
2026/07/12 23:47:47.163, 4, 100, 8078, 222.61
2026/07/12 23:47:47.163, 5, 100, 8078, 217.47
2026/07/12 23:47:47.163, 6, 100, 8078, 226.60
2026/07/12 23:47:47.163, 7, 100, 8078, 221.60
2026/07/12 23:47:48.163, 0, 28, 8078, 82.32
2026/07/12 23:47:48.163, 1, 23, 8078, 76.76
2026/07/12 23:47:48.163, 2, 21, 8078, 78.07
2026/07/12 23:47:48.163, 3, 12, 8078, 80.76
2026/07/12 23:47:48.163, 4, 16, 8078, 87.10
2026/07/12 23:47:48.163, 5, 17, 8078, 78.59
2026/07/12 23:47:48.164, 6, 18, 8078, 86.41
2026/07/12 23:47:48.164, 7, 16, 8078, 81.89
2026/07/12 23:47:49.164, 0, 10, 8078, 84.94
2026/07/12 23:47:49.168, 1, 13, 8078, 79.71
2026/07/12 23:47:49.178, 2, 12, 8078, 81.01
2026/07/12 23:47:49.178, 3, 16, 8078, 83.11
2026/07/12 23:47:49.178, 4, 13, 8078, 89.12
2026/07/12 23:47:49.178, 5, 13, 8078, 80.33
2026/07/12 23:47:49.178, 6, 12, 8078, 87.89
2026/07/12 23:47:49.178, 7, 14, 8078, 84.24
2026/07/12 23:47:50.178, 0, 100, 8078, 210.55
2026/07/12 23:47:50.181, 1, 100, 8078, 205.87
2026/07/12 23:47:50.181, 2, 100, 8078, 205.21
2026/07/12 23:47:50.181, 3, 100, 8078, 207.18
2026/07/12 23:47:50.181, 4, 100, 8078, 199.47
2026/07/12 23:47:50.183, 5, 100, 8078, 197.86
2026/07/12 23:47:50.193, 6, 100, 8078, 213.16
2026/07/12 23:47:50.203, 7, 100, 8078, 199.60
2026/07/12 23:47:51.203, 0, 46, 8078, 88.16
2026/07/12 23:47:51.203, 1, 47, 8078, 80.58
2026/07/12 23:47:51.203, 2, 47, 8078, 79.87
2026/07/12 23:47:51.203, 3, 79, 8078, 89.27
2026/07/12 23:47:51.203, 4, 29, 8078, 91.48
2026/07/12 23:47:51.203, 5, 40, 8078, 77.71
2026/07/12 23:47:51.203, 6, 36, 8078, 89.36
2026/07/12 23:47:51.203, 7, 20, 8078, 86.59
2026/07/12 23:47:52.204, 0, 13, 8078, 87.01
2026/07/12 23:47:52.265, 1, 13, 8078, 79.71
2026/07/12 23:47:52.265, 2, 12, 8078, 80.74
2026/07/12 23:47:52.265, 3, 15, 8078, 85.18
2026/07/12 23:47:52.265, 4, 18, 8078, 81.18
2026/07/12 23:47:52.266, 5, 17, 8078, 82.68
2026/07/12 23:47:52.266, 6, 9, 8078, 81.21
2026/07/12 23:47:52.266, 7, 7, 8078, 76.59
2026/07/12 23:47:53.266, 0, 84, 8078, 193.85
2026/07/12 23:47:53.270, 1, 90, 8078, 191.51
2026/07/12 23:47:53.270, 2, 100, 8078, 193.10
2026/07/12 23:47:53.270, 3, 73, 8078, 193.10
2026/07/12 23:47:53.270, 4, 21, 8078, 138.27
2026/07/12 23:47:53.270, 5, 21, 8078, 154.23
2026/07/12 23:47:53.270, 6, 79, 8078, 138.44
2026/07/12 23:47:53.280, 7, 64, 8078, 130.54
2026/07/12 23:47:54.282, 0, 87, 8078, 88.39
2026/07/12 23:47:54.282, 1, 82, 8078, 79.38
2026/07/12 23:47:54.282, 2, 69, 8078, 80.42
2026/07/12 23:47:54.282, 3, 98, 8078, 79.63
2026/07/12 23:47:54.282, 4, 100, 8078, 196.72
2026/07/12 23:47:54.282, 5, 100, 8078, 88.25
2026/07/12 23:47:54.282, 6, 92, 8078, 192.90
2026/07/12 23:47:54.282, 7, 100, 8078, 182.85
2026/07/12 23:47:55.282, 0, 11, 8078, 82.60
2026/07/12 23:47:55.285, 1, 11, 8078, 77.63
2026/07/12 23:47:55.285, 2, 11, 8078, 78.39
2026/07/12 23:47:55.285, 3, 11, 8078, 80.49
2026/07/12 23:47:55.285, 4, 11, 8078, 86.49
2026/07/12 23:47:55.285, 5, 11, 8078, 78.31
2026/07/12 23:47:55.285, 6, 11, 8078, 86.74
2026/07/12 23:47:55.285, 7, 11, 8078, 82.22
2026/07/12 23:47:56.285, 0, 16, 8078, 85.81
2026/07/12 23:47:56.285, 1, 17, 8078, 80.85
2026/07/12 23:47:56.285, 2, 17, 8078, 80.74
2026/07/12 23:47:56.285, 3, 16, 8078, 84.31
2026/07/12 23:47:56.285, 4, 15, 8078, 89.12
2026/07/12 23:47:56.285, 5, 15, 8078, 75.64
2026/07/12 23:47:56.285, 6, 17, 8078, 90.22
2026/07/12 23:47:56.285, 7, 15, 8078, 61.95
2026/07/12 23:47:57.285, 0, 100, 8078, 190.36
2026/07/12 23:47:57.289, 1, 100, 8078, 189.17
2026/07/12 23:47:57.289, 2, 100, 8078, 210.44
2026/07/12 23:47:57.289, 3, 100, 8078, 202.24
2026/07/12 23:47:57.289, 4, 100, 8078, 222.61
2026/07/12 23:47:57.289, 5, 100, 8078, 185.01
2026/07/12 23:47:57.289, 6, 100, 8078, 226.60
2026/07/12 23:47:57.289, 7, 100, 8078, 219.26
2026/07/12 23:47:58.289, 0, 12, 8078, 82.05
2026/07/12 23:47:58.363, 1, 12, 8078, 76.43
2026/07/12 23:47:58.363, 2, 12, 8078, 77.79
2026/07/12 23:47:58.363, 3, 12, 8078, 81.64
2026/07/12 23:47:58.363, 4, 12, 8078, 86.17
2026/07/12 23:47:58.363, 5, 12, 8078, 78.59
2026/07/12 23:47:58.363, 6, 12, 8078, 87.10
2026/07/12 23:47:58.363, 7, 17, 8078, 82.22
2026/07/12 23:47:59.363, 0, 17, 8078, 85.27
2026/07/12 23:47:59.367, 1, 17, 8078, 79.98
2026/07/12 23:47:59.376, 2, 16, 8078, 81.01
2026/07/12 23:47:59.377, 3, 17, 8078, 83.71
2026/07/12 23:47:59.377, 4, 15, 8078, 88.25
2026/07/12 23:47:59.377, 5, 16, 8078, 80.66
2026/07/12 23:47:59.378, 6, 11, 8078, 88.48
2026/07/12 23:47:59.378, 7, 13, 8078, 81.01
2026/07/12 23:48:00.378, 0, 100, 8078, 221.05
2026/07/12 23:48:00.438, 1, 100, 8078, 216.97
2026/07/12 23:48:00.438, 2, 100, 8078, 211.31
2026/07/12 23:48:00.438, 3, 100, 8078, 218.58
2026/07/12 23:48:00.440, 4, 100, 8078, 217.92
2026/07/12 23:48:00.440, 5, 100, 8078, 216.69
2026/07/12 23:48:00.440, 6, 100, 8078, 216.10
2026/07/12 23:48:00.440, 7, 100, 8078, 210.77
2026/07/12 23:48:01.440, 0, 21, 8078, 82.60
2026/07/12 23:48:01.445, 1, 20, 8078, 77.63
2026/07/12 23:48:01.445, 2, 17, 8078, 77.79
2026/07/12 23:48:01.445, 3, 77, 8078, 81.64
2026/07/12 23:48:01.445, 4, 38, 8078, 87.37
2026/07/12 23:48:01.445, 5, 39, 8078, 79.19
2026/07/12 23:48:01.445, 6, 17, 8078, 86.74
2026/07/12 23:48:01.445, 7, 27, 8078, 82.77
2026/07/12 23:48:02.445, 0, 14, 8078, 84.94
2026/07/12 23:48:02.451, 1, 17, 8078, 79.71
2026/07/12 23:48:02.460, 2, 17, 8078, 80.42
2026/07/12 23:48:02.460, 3, 18, 8078, 83.98
2026/07/12 23:48:02.460, 4, 9, 8078, 88.25
2026/07/12 23:48:02.460, 5, 8, 8078, 83.28
2026/07/12 23:48:02.460, 6, 10, 8078, 90.50
2026/07/12 23:48:02.460, 7, 9, 8078, 84.57
2026/07/12 23:48:03.460, 0, 100, 8078, 201.73
2026/07/12 23:48:03.462, 1, 100, 8078, 196.79
2026/07/12 23:48:03.462, 2, 100, 8078, 196.72
2026/07/12 23:48:03.462, 3, 59, 8078, 197.78
2026/07/12 23:48:03.462, 4, 81, 8078, 195.32
2026/07/12 23:48:03.463, 5, 77, 8078, 189.69
2026/07/12 23:48:03.465, 6, 50, 8078, 191.51
2026/07/12 23:48:03.465, 7, 70, 8078, 194.05
2026/07/12 23:48:04.465, 0, 48, 8078, 84.94
2026/07/12 23:48:04.465, 1, 61, 8078, 79.11
2026/07/12 23:48:04.465, 2, 63, 8078, 80.14
2026/07/12 23:48:04.465, 3, 100, 8078, 83.38
2026/07/12 23:48:04.465, 4, 91, 8078, 82.66
2026/07/12 23:48:04.465, 5, 94, 8078, 75.36
2026/07/12 23:48:04.465, 6, 100, 8078, 89.95
2026/07/12 23:48:04.465, 7, 100, 8078, 79.54
2026/07/12 23:48:05.465, 0, 14, 8078, 82.92
2026/07/12 23:48:05.468, 1, 16, 8078, 77.90
2026/07/12 23:48:05.468, 2, 17, 8078, 78.39
2026/07/12 23:48:05.468, 3, 11, 8078, 81.37
2026/07/12 23:48:05.468, 4, 11, 8078, 88.25
2026/07/12 23:48:05.468, 5, 11, 8078, 79.79
2026/07/12 23:48:05.468, 6, 11, 8078, 87.98
2026/07/12 23:48:05.475, 7, 11, 8078, 83.37
2026/07/12 23:48:06.475, 0, 17, 8078, 104.57
2026/07/12 23:48:06.486, 1, 27, 8078, 150.58
2026/07/12 23:48:06.486, 2, 30, 8078, 154.01
2026/07/12 23:48:06.496, 3, 17, 8078, 73.14
2026/07/12 23:48:06.498, 4, 20, 8078, 68.81
2026/07/12 23:48:06.498, 5, 17, 8078, 64.23
2026/07/12 23:48:06.499, 6, 16, 8078, 68.53
2026/07/12 23:48:06.499, 7, 20, 8078, 65.77
2026/07/12 23:48:07.499, 0, 100, 8078, 198.52
2026/07/12 23:48:07.500, 1, 100, 8078, 179.54
2026/07/12 23:48:07.500, 2, 100, 8078, 199.33
2026/07/12 23:48:07.500, 3, 100, 8078, 220.82
2026/07/12 23:48:07.500, 4, 100, 8078, 214.70
2026/07/12 23:48:07.500, 5, 100, 8078, 207.22
2026/07/12 23:48:07.500, 6, 100, 8078, 224.85
2026/07/12 23:48:07.510, 7, 100, 8078, 207.83
2026/07/12 23:48:08.519, 0, 11, 8078, 82.05
2026/07/12 23:48:08.519, 1, 11, 8078, 76.76
2026/07/12 23:48:08.519, 2, 11, 8078, 77.20
2026/07/12 23:48:08.519, 3, 12, 8078, 80.76
2026/07/12 23:48:08.519, 4, 11, 8078, 87.37
2026/07/12 23:48:08.519, 5, 12, 8078, 78.86
2026/07/12 23:48:08.519, 6, 12, 8078, 86.74
2026/07/12 23:48:08.519, 7, 12, 8078, 82.22
2026/07/12 23:48:09.519, 0, 17, 8078, 85.54
2026/07/12 23:48:09.523, 1, 16, 8078, 80.25
2026/07/12 23:48:09.534, 2, 17, 8078, 81.01
2026/07/12 23:48:09.535, 3, 17, 8078, 84.31
2026/07/12 23:48:09.535, 4, 17, 8078, 90.00
2026/07/12 23:48:09.535, 5, 16, 8078, 81.21
2026/07/12 23:48:09.536, 6, 15, 8078, 70.95
2026/07/12 23:48:09.546, 7, 15, 8078, 84.57
2026/07/12 23:48:10.546, 0, 100, 8078, 242.45
2026/07/12 23:48:10.572, 1, 100, 8078, 199.99
2026/07/12 23:48:10.572, 2, 100, 8078, 194.92
2026/07/12 23:48:10.572, 3, 100, 8078, 224.99
2026/07/12 23:48:10.572, 4, 100, 8078, 220.59
2026/07/12 23:48:10.574, 5, 100, 8078, 216.69
2026/07/12 23:48:10.574, 6, 100, 8078, 223.12
2026/07/12 23:48:10.574, 7, 100, 8078, 211.64
2026/07/12 23:48:11.574, 0, 21, 8078, 82.60
2026/07/12 23:48:11.574, 1, 20, 8078, 72.67
2026/07/12 23:48:11.574, 2, 18, 8078, 72.82
2026/07/12 23:48:11.582, 3, 22, 8078, 80.76
2026/07/12 23:48:11.582, 4, 12, 8078, 87.37
2026/07/12 23:48:11.582, 5, 11, 8078, 78.86
2026/07/12 23:48:11.589, 6, 16, 8078, 87.61
2026/07/12 23:48:11.597, 7, 30, 8078, 83.09
2026/07/12 23:48:12.597, 0, 18, 8078, 77.04
2026/07/12 23:48:12.598, 1, 13, 8078, 80.58
2026/07/12 23:48:12.599, 2, 18, 8078, 81.89
2026/07/12 23:48:12.599, 3, 18, 8078, 79.90
2026/07/12 23:48:12.599, 4, 19, 8078, 87.64
2026/07/12 23:48:12.599, 5, 18, 8078, 74.16
2026/07/12 23:48:12.599, 6, 11, 8078, 87.61
2026/07/12 23:48:12.599, 7, 0, 8078, 83.64
2026/07/12 23:48:13.599, 0, 60, 8078, 194.05
2026/07/12 23:48:13.621, 1, 92, 8078, 189.36
2026/07/12 23:48:13.621, 2, 64, 8078, 186.86
2026/07/12 23:48:13.621, 3, 38, 8078, 172.52
2026/07/12 23:48:13.621, 4, 21, 8078, 92.59
2026/07/12 23:48:13.621, 5, 33, 8078, 130.68
2026/07/12 23:48:13.621, 6, 18, 8078, 68.26
2026/07/12 23:48:13.624, 7, 20, 8078, 65.71
2026/07/12 23:48:14.624, 0, 32, 8078, 84.58
2026/07/12 23:48:14.624, 1, 82, 8078, 81.96
2026/07/12 23:48:14.624, 2, 100, 8078, 80.66
2026/07/12 23:48:14.624, 3, 100, 8078, 78.94
2026/07/12 23:48:14.624, 4, 100, 8078, 197.87
2026/07/12 23:48:14.624, 5, 100, 8078, 181.98
2026/07/12 23:48:14.624, 6, 100, 8078, 194.38
2026/07/12 23:48:14.624, 7, 100, 8078, 192.50
2026/07/12 23:48:15.624, 0, 11, 8078, 81.72
2026/07/12 23:48:15.674, 1, 11, 8078, 76.76
2026/07/12 23:48:15.674, 2, 12, 8078, 77.79
2026/07/12 23:48:15.674, 3, 12, 8078, 80.17
2026/07/12 23:48:15.674, 4, 17, 8078, 86.76
2026/07/12 23:48:15.674, 5, 12, 8078, 78.86
2026/07/12 23:48:15.674, 6, 12, 8078, 87.01
2026/07/12 23:48:15.675, 7, 12, 8078, 83.09
2026/07/12 23:48:16.675, 0, 16, 8078, 84.39
2026/07/12 23:48:16.677, 1, 17, 8078, 79.71
2026/07/12 23:48:16.677, 2, 17, 8078, 80.42
2026/07/12 23:48:16.677, 3, 16, 8078, 83.38
2026/07/12 23:48:16.687, 4, 13, 8078, 89.45
2026/07/12 23:48:16.687, 5, 16, 8078, 80.93
2026/07/12 23:48:16.687, 6, 15, 8078, 88.48
2026/07/12 23:48:16.687, 7, 15, 8078, 83.97
2026/07/12 23:48:17.687, 0, 100, 8078, 219.04
2026/07/12 23:48:17.728, 1, 100, 8078, 212.89
2026/07/12 23:48:17.728, 2, 100, 8078, 210.17
2026/07/12 23:48:17.728, 3, 100, 8078, 218.26
2026/07/12 23:48:17.728, 4, 100, 8078, 218.24
2026/07/12 23:48:17.728, 5, 100, 8078, 213.43
2026/07/12 23:48:17.729, 6, 100, 8078, 218.71
2026/07/12 23:48:17.729, 7, 100, 8078, 212.78
2026/07/12 23:48:18.729, 0, 49, 8078, 82.92
2026/07/12 23:48:18.729, 1, 75, 8078, 77.90
2026/07/12 23:48:18.730, 2, 62, 8078, 79.27
2026/07/12 23:48:18.730, 3, 22, 8078, 81.04
2026/07/12 23:48:18.730, 4, 39, 8078, 87.64
2026/07/12 23:48:18.730, 5, 40, 8078, 84.75
2026/07/12 23:48:18.731, 6, 30, 8078, 86.83
2026/07/12 23:48:18.732, 7, 19, 8078, 83.09
2026/07/12 23:48:19.732, 0, 15, 8078, 84.67
2026/07/12 23:48:19.732, 1, 13, 8078, 79.98
2026/07/12 23:48:19.732, 2, 12, 8078, 82.22
2026/07/12 23:48:19.732, 3, 13, 8078, 83.38
2026/07/12 23:48:19.732, 4, 8, 8078, 89.73
2026/07/12 23:48:19.732, 5, 9, 8078, 83.55
2026/07/12 23:48:19.732, 6, 10, 8078, 90.83
2026/07/12 23:48:19.732, 7, 8, 8078, 84.84
2026/07/12 23:48:20.732, 0, 59, 8078, 199.13
2026/07/12 23:48:20.734, 1, 93, 8078, 198.52
2026/07/12 23:48:20.737, 2, 96, 8078, 192.78
2026/07/12 23:48:20.737, 3, 100, 8078, 197.45
2026/07/12 23:48:20.739, 4, 85, 8078, 196.79
2026/07/12 23:48:20.739, 5, 78, 8078, 190.24
2026/07/12 23:48:20.749, 6, 64, 8078, 198.52
2026/07/12 23:48:20.749, 7, 55, 8078, 190.24
2026/07/12 23:48:21.749, 0, 100, 8078, 84.94
2026/07/12 23:48:21.753, 1, 81, 8078, 79.38
2026/07/12 23:48:21.753, 2, 77, 8078, 80.14
2026/07/12 23:48:21.753, 3, 45, 8078, 83.71
2026/07/12 23:48:21.753, 4, 87, 8078, 91.48
2026/07/12 23:48:21.753, 5, 93, 8078, 76.24
2026/07/12 23:48:21.754, 6, 100, 8078, 87.01
2026/07/12 23:48:21.754, 7, 100, 8078, 85.72
2026/07/12 23:48:22.754, 0, 11, 8078, 83.80
2026/07/12 23:48:22.758, 1, 11, 8078, 77.04
2026/07/12 23:48:22.758, 2, 11, 8078, 78.67
2026/07/12 23:48:22.758, 3, 15, 8078, 82.23
2026/07/12 23:48:22.759, 4, 11, 8078, 87.97
2026/07/12 23:48:22.759, 5, 11, 8078, 80.06
2026/07/12 23:48:22.759, 6, 11, 8078, 88.16
2026/07/12 23:48:22.759, 7, 11, 8078, 83.97
2026/07/12 23:48:23.759, 0, 16, 8078, 69.13
2026/07/12 23:48:23.759, 1, 16, 8078, 155.59
2026/07/12 23:48:23.759, 2, 17, 8078, 131.83
2026/07/12 23:48:23.759, 3, 17, 8078, 75.21
2026/07/12 23:48:23.759, 4, 17, 8078, 70.01
2026/07/12 23:48:23.759, 5, 22, 8078, 64.50
2026/07/12 23:48:23.759, 6, 20, 8078, 68.93
2026/07/12 23:48:23.759, 7, 20, 8078, 65.77
2026/07/12 23:48:24.759, 0, 100, 8078, 229.54
2026/07/12 23:48:24.760, 1, 100, 8078, 184.82
2026/07/12 23:48:24.760, 2, 100, 8078, 184.13
2026/07/12 23:48:24.760, 3, 100, 8078, 215.65
2026/07/12 23:48:24.760, 4, 100, 8078, 192.43
2026/07/12 23:48:24.760, 5, 100, 8078, 187.02
2026/07/12 23:48:24.760, 6, 100, 8078, 214.90
2026/07/12 23:48:24.762, 7, 100, 8078, 193.18
2026/07/12 23:48:25.762, 0, 11, 8078, 82.05
2026/07/12 23:48:25.793, 1, 12, 8078, 76.43
2026/07/12 23:48:25.793, 2, 12, 8078, 77.79
2026/07/12 23:48:25.793, 3, 11, 8078, 80.49
2026/07/12 23:48:25.793, 4, 12, 8078, 87.10
2026/07/12 23:48:25.793, 5, 12, 8078, 79.19
2026/07/12 23:48:25.793, 6, 11, 8078, 87.01
2026/07/12 23:48:25.794, 7, 12, 8078, 82.77
2026/07/12 23:48:26.794, 0, 16, 8078, 68.26
2026/07/12 23:48:26.802, 1, 17, 8078, 80.25
2026/07/12 23:48:26.813, 2, 17, 8078, 81.01
2026/07/12 23:48:26.813, 3, 16, 8078, 66.12
2026/07/12 23:48:26.814, 4, 15, 8078, 89.45
2026/07/12 23:48:26.814, 5, 17, 8078, 82.40
2026/07/12 23:48:26.814, 6, 15, 8078, 71.75
2026/07/12 23:48:26.824, 7, 16, 8078, 85.99
2026/07/12 23:48:27.824, 0, 100, 8078, 224.58
2026/07/12 23:48:27.889, 1, 100, 8078, 187.43
2026/07/12 23:48:27.889, 2, 100, 8078, 187.35
2026/07/12 23:48:27.889, 3, 100, 8078, 224.99
2026/07/12 23:48:27.889, 4, 100, 8078, 216.44
2026/07/12 23:48:27.889, 5, 100, 8078, 221.65
2026/07/12 23:48:27.889, 6, 100, 8078, 224.85
2026/07/12 23:48:27.889, 7, 100, 8078, 216.00
2026/07/12 23:48:28.891, 0, 20, 8078, 82.60
2026/07/12 23:48:28.893, 1, 19, 8078, 77.36
2026/07/12 23:48:28.893, 2, 15, 8078, 78.07
2026/07/12 23:48:28.893, 3, 21, 8078, 81.04
2026/07/12 23:48:28.893, 4, 26, 8078, 88.25
2026/07/12 23:48:28.893, 5, 39, 8078, 80.06
2026/07/12 23:48:28.893, 6, 11, 8078, 88.16
2026/07/12 23:48:28.893, 7, 11, 8078, 82.49
2026/07/12 23:48:29.893, 0, 11, 8078, 84.94
2026/07/12 23:48:29.893, 1, 17, 8078, 79.38
2026/07/12 23:48:29.894, 2, 17, 8078, 80.14
2026/07/12 23:48:29.894, 3, 13, 8078, 83.11
2026/07/12 23:48:29.895, 4, 8, 8078, 89.73
2026/07/12 23:48:29.895, 5, 9, 8078, 82.13
2026/07/12 23:48:29.896, 6, 15, 8078, 89.08
2026/07/12 23:48:29.898, 7, 15, 8078, 84.24
2026/07/12 23:48:30.898, 0, 100, 8078, 187.16
2026/07/12 23:48:30.907, 1, 100, 8078, 205.00
2026/07/12 23:48:30.907, 2, 100, 8078, 205.21
2026/07/12 23:48:30.907, 3, 100, 8078, 208.65
2026/07/12 23:48:30.910, 4, 71, 8078, 202.09
2026/07/12 23:48:30.911, 5, 100, 8078, 201.94
2026/07/12 23:48:30.911, 6, 100, 8078, 204.68
2026/07/12 23:48:30.911, 7, 71, 8078, 199.33
2026/07/12 23:48:31.911, 0, 50, 8078, 81.72
2026/07/12 23:48:31.932, 1, 66, 8078, 76.16
2026/07/12 23:48:31.932, 2, 71, 8078, 80.42
2026/07/12 23:48:31.932, 3, 59, 8078, 95.32
2026/07/12 23:48:31.932, 4, 21, 8078, 86.76
2026/07/12 23:48:31.932, 5, 68, 8078, 78.86
2026/07/12 23:48:31.933, 6, 25, 8078, 86.74
2026/07/12 23:48:31.933, 7, 99, 8078, 82.77
2026/07/12 23:48:32.933, 0, 15, 8078, 77.04
2026/07/12 23:48:32.936, 1, 17, 8078, 74.42
2026/07/12 23:48:32.936, 2, 19, 8078, 79.27
2026/07/12 23:48:32.937, 3, 12, 8078, 77.28
2026/07/12 23:48:32.937, 4, 18, 8078, 82.66
2026/07/12 23:48:32.937, 5, 11, 8078, 74.50
2026/07/12 23:48:32.937, 6, 19, 8078, 82.05
2026/07/12 23:48:32.937, 7, 11, 8078, 77.20
2026/07/12 23:48:33.938, 0, 16, 8078, 117.36
2026/07/12 23:48:33.938, 1, 40, 8078, 185.01
2026/07/12 23:48:33.938, 2, 39, 8078, 129.20
2026/07/12 23:48:33.938, 3, 73, 8078, 134.82
2026/07/12 23:48:33.938, 4, 20, 8078, 129.34
2026/07/12 23:48:33.939, 5, 17, 8078, 162.30
2026/07/12 23:48:33.940, 6, 20, 8078, 94.31
2026/07/12 23:48:33.941, 7, 20, 8078, 120.23
2026/07/12 23:48:34.942, 0, 100, 8078, 204.40
2026/07/12 23:48:34.951, 1, 100, 8078, 88.66
2026/07/12 23:48:34.951, 2, 100, 8078, 120.43
2026/07/12 23:48:34.951, 3, 98, 8078, 188.97
2026/07/12 23:48:34.951, 4, 100, 8078, 190.27
2026/07/12 23:48:34.961, 5, 100, 8078, 185.01
2026/07/12 23:48:34.961, 6, 100, 8078, 203.80
2026/07/12 23:48:34.961, 7, 100, 8078, 197.19
2026/07/12 23:48:35.961, 0, 11, 8078, 82.05
2026/07/12 23:48:35.962, 1, 11, 8078, 76.76
2026/07/12 23:48:35.962, 2, 11, 8078, 77.79
2026/07/12 23:48:35.962, 3, 11, 8078, 80.76
2026/07/12 23:48:35.962, 4, 11, 8078, 87.37
2026/07/12 23:48:35.962, 5, 11, 8078, 79.79
2026/07/12 23:48:35.962, 6, 12, 8078, 87.01
2026/07/12 23:48:35.962, 7, 12, 8078, 83.37
2026/07/12 23:48:36.962, 0, 16, 8078, 85.27
2026/07/12 23:48:36.962, 1, 17, 8078, 80.58
2026/07/12 23:48:36.962, 2, 17, 8078, 81.29
2026/07/12 23:48:36.962, 3, 16, 8078, 83.98
2026/07/12 23:48:36.962, 4, 16, 8078, 72.37
2026/07/12 23:48:36.962, 5, 17, 8078, 83.01
2026/07/12 23:48:36.962, 6, 15, 8078, 70.95
2026/07/12 23:48:36.962, 7, 16, 8078, 68.12
2026/07/12 23:48:37.962, 0, 100, 8078, 223.12
2026/07/12 23:48:37.962, 1, 100, 8078, 186.96
2026/07/12 23:48:37.962, 2, 100, 8078, 185.55
2026/07/12 23:48:37.962, 3, 100, 8078, 224.39
2026/07/12 23:48:37.962, 4, 100, 8078, 223.21
2026/07/12 23:48:37.963, 5, 100, 8078, 221.05
2026/07/12 23:48:37.963, 6, 100, 8078, 221.65
2026/07/12 23:48:37.963, 7, 100, 8078, 221.60
2026/07/12 23:48:38.963, 0, 20, 8078, 82.32
2026/07/12 23:48:38.963, 1, 19, 8078, 77.04
2026/07/12 23:48:38.964, 2, 16, 8078, 78.39
2026/07/12 23:48:38.964, 3, 21, 8078, 81.04
2026/07/12 23:48:38.964, 4, 11, 8078, 88.25
2026/07/12 23:48:38.964, 5, 12, 8078, 79.46
2026/07/12 23:48:38.964, 6, 19, 8078, 87.28
2026/07/12 23:48:38.964, 7, 32, 8078, 83.97
2026/07/12 23:48:39.964, 0, 11, 8078, 84.67
2026/07/12 23:48:39.964, 1, 17, 8078, 79.38
2026/07/12 23:48:39.964, 2, 16, 8078, 80.42
2026/07/12 23:48:39.964, 3, 13, 8078, 83.11
2026/07/12 23:48:39.965, 4, 15, 8078, 89.45
2026/07/12 23:48:39.965, 5, 17, 8078, 81.54
2026/07/12 23:48:39.965, 6, 9, 8078, 89.08
2026/07/12 23:48:39.965, 7, 8, 8078, 85.72
2026/07/12 23:48:40.965, 0, 100, 8078, 202.66
2026/07/12 23:48:40.973, 1, 100, 8078, 203.80
2026/07/12 23:48:40.973, 2, 100, 8078, 204.01
2026/07/12 23:48:40.973, 3, 100, 8078, 203.38
2026/07/12 23:48:40.974, 4, 100, 8078, 200.82
2026/07/12 23:48:40.975, 5, 100, 8078, 201.40
2026/07/12 23:48:40.984, 6, 46, 8078, 200.60
2026/07/12 23:48:40.984, 7, 77, 8078, 196.39
2026/07/12 23:48:41.984, 0, 52, 8078, 82.32
2026/07/12 23:48:41.985, 1, 66, 8078, 76.16
2026/07/12 23:48:41.985, 2, 67, 8078, 77.52
2026/07/12 23:48:41.985, 3, 44, 8078, 82.84
2026/07/12 23:48:41.985, 4, 39, 8078, 87.10
2026/07/12 23:48:41.985, 5, 51, 8078, 79.19
2026/07/12 23:48:41.985, 6, 100, 8078, 86.74
2026/07/12 23:48:41.985, 7, 94, 8078, 79.54
2026/07/12 23:48:42.985, 0, 11, 8078, 82.05
2026/07/12 23:48:42.987, 1, 11, 8078, 77.36
2026/07/12 23:48:42.995, 2, 11, 8078, 78.67
2026/07/12 23:48:42.995, 3, 11, 8078, 81.04
2026/07/12 23:48:42.995, 4, 7, 8078, 87.97
2026/07/12 23:48:42.995, 5, 11, 8078, 78.86
2026/07/12 23:48:42.995, 6, 0, 8078, 87.28
2026/07/12 23:48:42.995, 7, 0, 8078, 83.09
2026/07/12 23:48:43.995, 0, 15, 8078, 65.64
2026/07/12 23:48:44.001, 1, 17, 8078, 63.36
2026/07/12 23:48:44.002, 2, 19, 8078, 63.10
2026/07/12 23:48:44.004, 3, 16, 8078, 65.25
2026/07/12 23:48:44.014, 4, 18, 8078, 68.54
2026/07/12 23:48:44.025, 5, 21, 8078, 64.78
2026/07/12 23:48:44.025, 6, 20, 8078, 69.40
2026/07/12 23:48:44.025, 7, 20, 8078, 65.45
2026/07/12 23:48:45.025, 0, 100, 8078, 199.72
2026/07/12 23:48:45.027, 1, 100, 8078, 196.18
2026/07/12 23:48:45.037, 2, 100, 8078, 215.73
2026/07/12 23:48:45.037, 3, 100, 8078, 216.52
2026/07/12 23:48:45.037, 4, 100, 8078, 215.02
2026/07/12 23:48:45.038, 5, 100, 8078, 220.45
2026/07/12 23:48:45.038, 6, 100, 8078, 217.57
2026/07/12 23:48:45.038, 7, 100, 8078, 211.91
2026/07/12 23:48:46.038, 0, 18, 8078, 82.32
2026/07/12 23:48:46.038, 1, 16, 8078, 77.04
2026/07/12 23:48:46.038, 2, 49, 8078, 78.07
2026/07/12 23:48:46.038, 3, 74, 8078, 81.04
2026/07/12 23:48:46.038, 4, 25, 8078, 88.52
2026/07/12 23:48:46.038, 5, 24, 8078, 79.79
2026/07/12 23:48:46.038, 6, 34, 8078, 87.89
2026/07/12 23:48:46.038, 7, 21, 8078, 84.24
2026/07/12 23:48:47.038, 0, 13, 8078, 84.67
2026/07/12 23:48:47.043, 1, 17, 8078, 79.71
2026/07/12 23:48:47.052, 2, 16, 8078, 80.14
2026/07/12 23:48:47.052, 3, 13, 8078, 83.38
2026/07/12 23:48:47.052, 4, 8, 8078, 92.36
2026/07/12 23:48:47.052, 5, 8, 8078, 81.81
2026/07/12 23:48:47.052, 6, 8, 8078, 92.30
2026/07/12 23:48:47.052, 7, 7, 8078, 86.92
2026/07/12 23:48:48.052, 0, 100, 8078, 141.06
2026/07/12 23:48:48.053, 1, 100, 8078, 199.72
2026/07/12 23:48:48.053, 2, 94, 8078, 198.39
2026/07/12 23:48:48.053, 3, 68, 8078, 199.52
2026/07/12 23:48:48.053, 4, 82, 8078, 185.58
2026/07/12 23:48:48.053, 5, 100, 8078, 196.39
2026/07/12 23:48:48.053, 6, 72, 8078, 191.43
2026/07/12 23:48:48.055, 7, 84, 8078, 188.09
2026/07/12 23:48:49.057, 0, 52, 8078, 91.43
2026/07/12 23:48:49.066, 1, 77, 8078, 79.38
2026/07/12 23:48:49.076, 2, 78, 8078, 78.07
2026/07/12 23:48:49.076, 3, 100, 8078, 84.31
2026/07/12 23:48:49.076, 4, 90, 8078, 94.70
2026/07/12 23:48:49.076, 5, 60, 8078, 82.13
2026/07/12 23:48:49.076, 6, 98, 8078, 99.60
2026/07/12 23:48:49.076, 7, 88, 8078, 87.79
2026/07/12 23:48:50.076, 0, 16, 8078, 83.80
2026/07/12 23:48:50.076, 1, 18, 8078, 77.90
2026/07/12 23:48:50.077, 2, 11, 8078, 78.94
2026/07/12 23:48:50.077, 3, 11, 8078, 81.64
2026/07/12 23:48:50.077, 4, 12, 8078, 88.52
2026/07/12 23:48:50.077, 5, 13, 8078, 80.33
2026/07/12 23:48:50.077, 6, 11, 8078, 88.75
2026/07/12 23:48:50.077, 7, 12, 8078, 84.84
2026/07/12 23:48:51.077, 0, 16, 8078, 86.14
2026/07/12 23:48:51.085, 1, 53, 8078, 64.44
2026/07/12 23:48:51.094, 2, 16, 8078, 63.42
2026/07/12 23:48:51.094, 3, 17, 8078, 103.58
2026/07/12 23:48:51.094, 4, 16, 8078, 69.69
2026/07/12 23:48:51.094, 5, 17, 8078, 121.30
2026/07/12 23:48:51.095, 6, 20, 8078, 69.47
2026/07/12 23:48:51.095, 7, 21, 8078, 66.65
2026/07/12 23:48:52.095, 0, 100, 8078, 202.06
2026/07/12 23:48:52.110, 1, 100, 8078, 186.55
2026/07/12 23:48:52.110, 2, 100, 8078, 215.45
2026/07/12 23:48:52.110, 3, 100, 8078, 209.79
2026/07/12 23:48:52.110, 4, 100, 8078, 204.71
2026/07/12 23:48:52.110, 5, 100, 8078, 209.57
2026/07/12 23:48:52.110, 6, 100, 8078, 223.39
2026/07/12 23:48:52.110, 7, 100, 8078, 192.90
2026/07/12 23:48:53.111, 0, 11, 8078, 82.60
2026/07/12 23:48:53.112, 1, 12, 8078, 76.76
2026/07/12 23:48:53.112, 2, 12, 8078, 78.39
2026/07/12 23:48:53.112, 3, 11, 8078, 81.04
2026/07/12 23:48:53.112, 4, 11, 8078, 87.97
2026/07/12 23:48:53.112, 5, 12, 8078, 79.79
2026/07/12 23:48:53.112, 6, 12, 8078, 87.28
2026/07/12 23:48:53.112, 7, 12, 8078, 83.09
2026/07/12 23:48:54.113, 0, 16, 8078, 84.67
2026/07/12 23:48:54.114, 1, 17, 8078, 80.58
2026/07/12 23:48:54.114, 2, 17, 8078, 81.01
2026/07/12 23:48:54.115, 3, 16, 8078, 83.98
2026/07/12 23:48:54.115, 4, 14, 8078, 90.33
2026/07/12 23:48:54.116, 5, 17, 8078, 82.13
2026/07/12 23:48:54.116, 6, 16, 8078, 90.50
2026/07/12 23:48:54.117, 7, 16, 8078, 86.92
2026/07/12 23:48:55.117, 0, 100, 8078, 210.23
2026/07/12 23:48:55.117, 1, 100, 8078, 214.90
2026/07/12 23:48:55.117, 2, 100, 8078, 213.98
2026/07/12 23:48:55.117, 3, 100, 8078, 219.13
2026/07/12 23:48:55.118, 4, 100, 8078, 220.59
2026/07/12 23:48:55.118, 5, 100, 8078, 209.68
2026/07/12 23:48:55.118, 6, 100, 8078, 224.58
2026/07/12 23:48:55.118, 7, 100, 8078, 217.79
2026/07/12 23:48:56.118, 0, 30, 8078, 82.92
2026/07/12 23:48:56.146, 1, 59, 8078, 77.36
2026/07/12 23:48:56.146, 2, 44, 8078, 78.39
2026/07/12 23:48:56.146, 3, 18, 8078, 81.37
2026/07/12 23:48:56.146, 4, 21, 8078, 88.52
2026/07/12 23:48:56.146, 5, 21, 8078, 79.46
2026/07/12 23:48:56.146, 6, 29, 8078, 88.16
2026/07/12 23:48:56.146, 7, 22, 8078, 84.57
2026/07/12 23:48:57.147, 0, 13, 8078, 85.54
2026/07/12 23:48:57.157, 1, 12, 8078, 79.98
2026/07/12 23:48:57.157, 2, 11, 8078, 80.74
2026/07/12 23:48:57.157, 3, 16, 8078, 83.98
2026/07/12 23:48:57.157, 4, 7, 8078, 90.60
2026/07/12 23:48:57.157, 5, 7, 8078, 81.54
2026/07/12 23:48:57.157, 6, 8, 8078, 89.63
2026/07/12 23:48:57.158, 7, 8, 8078, 86.92
2026/07/12 23:48:58.158, 0, 43, 8078, 190.36
2026/07/12 23:48:58.158, 1, 100, 8078, 202.33
2026/07/12 23:48:58.158, 2, 100, 8078, 200.80
2026/07/12 23:48:58.158, 3, 100, 8078, 200.66
2026/07/12 23:48:58.158, 4, 100, 8078, 202.09
2026/07/12 23:48:58.158, 5, 84, 8078, 193.50
2026/07/12 23:48:58.158, 6, 81, 8078, 202.06
2026/07/12 23:48:58.158, 7, 95, 8078, 189.09
2026/07/12 23:48:59.158, 0, 100, 8078, 84.94
2026/07/12 23:48:59.160, 1, 64, 8078, 80.85
2026/07/12 23:48:59.160, 2, 63, 8078, 83.97
2026/07/12 23:48:59.160, 3, 48, 8078, 83.98
2026/07/12 23:48:59.160, 4, 71, 8078, 93.23
2026/07/12 23:48:59.161, 5, 88, 8078, 75.09
2026/07/12 23:48:59.161, 6, 89, 8078, 84.94
2026/07/12 23:48:59.161, 7, 78, 8078, 86.31
2026/07/12 23:49:00.161, 0, 11, 8078, 83.80
2026/07/12 23:49:00.161, 1, 11, 8078, 73.54
2026/07/12 23:49:00.161, 2, 11, 8078, 73.97
2026/07/12 23:49:00.161, 3, 14, 8078, 81.64
2026/07/12 23:49:00.161, 4, 12, 8078, 89.73
2026/07/12 23:49:00.161, 5, 13, 8078, 80.66
2026/07/12 23:49:00.161, 6, 11, 8078, 88.75
2026/07/12 23:49:00.161, 7, 13, 8078, 84.57
2026/07/12 23:49:01.161, 0, 16, 8078, 68.53
2026/07/12 23:49:01.167, 1, 17, 8078, 169.33
2026/07/12 23:49:01.167, 2, 17, 8078, 134.64
2026/07/12 23:49:01.167, 3, 17, 8078, 69.93
2026/07/12 23:49:01.168, 4, 20, 8078, 70.01
2026/07/12 23:49:01.168, 5, 21, 8078, 112.80
2026/07/12 23:49:01.169, 6, 20, 8078, 69.13
2026/07/12 23:49:01.181, 7, 20, 8078, 66.04
2026/07/12 23:49:02.181, 0, 100, 8078, 190.04
2026/07/12 23:49:02.187, 1, 100, 8078, 196.18
2026/07/12 23:49:02.197, 2, 100, 8078, 185.20
2026/07/12 23:49:02.197, 3, 100, 8078, 188.97
2026/07/12 23:49:02.197, 4, 100, 8078, 207.99
2026/07/12 23:49:02.199, 5, 100, 8078, 198.19
2026/07/12 23:49:02.199, 6, 100, 8078, 205.54
2026/07/12 23:49:02.199, 7, 100, 8078, 199.93
2026/07/12 23:49:03.210, 0, 11, 8078, 82.32
2026/07/12 23:49:03.211, 1, 12, 8078, 76.76
2026/07/12 23:49:03.211, 2, 12, 8078, 78.07
2026/07/12 23:49:03.211, 3, 11, 8078, 81.04
2026/07/12 23:49:03.211, 4, 11, 8078, 88.52
2026/07/12 23:49:03.212, 5, 12, 8078, 79.46
2026/07/12 23:49:03.212, 6, 11, 8078, 87.89
2026/07/12 23:49:03.212, 7, 11, 8078, 83.37
2026/07/12 23:49:04.212, 0, 16, 8078, 85.81
2026/07/12 23:49:04.268, 1, 17, 8078, 80.58
2026/07/12 23:49:04.268, 2, 17, 8078, 81.01
2026/07/12 23:49:04.268, 3, 16, 8078, 84.31
2026/07/12 23:49:04.269, 4, 15, 8078, 91.48
2026/07/12 23:49:04.269, 5, 15, 8078, 82.68
2026/07/12 23:49:04.270, 6, 17, 8078, 91.97
2026/07/12 23:49:04.270, 7, 16, 8078, 86.59
2026/07/12 23:49:05.270, 0, 100, 8078, 223.99
2026/07/12 23:49:05.270, 1, 100, 8078, 199.40
2026/07/12 23:49:05.270, 2, 100, 8078, 198.46
2026/07/12 23:49:05.270, 3, 100, 8078, 190.84
2026/07/12 23:49:05.270, 4, 100, 8078, 224.08
2026/07/12 23:49:05.270, 5, 100, 8078, 221.05
2026/07/12 23:49:05.270, 6, 100, 8078, 203.53
2026/07/12 23:49:05.270, 7, 100, 8078, 219.81
2026/07/12 23:49:06.270, 0, 17, 8078, 83.19
2026/07/12 23:49:06.271, 1, 15, 8078, 77.63
2026/07/12 23:49:06.281, 2, 12, 8078, 79.54
2026/07/12 23:49:06.282, 3, 19, 8078, 81.64
2026/07/12 23:49:06.282, 4, 21, 8078, 89.12
2026/07/12 23:49:06.282, 5, 21, 8078, 79.79
2026/07/12 23:49:06.292, 6, 11, 8078, 88.48
2026/07/12 23:49:06.292, 7, 22, 8078, 83.97
2026/07/12 23:49:07.292, 0, 15, 8078, 86.14
2026/07/12 23:49:07.292, 1, 17, 8078, 80.58
2026/07/12 23:49:07.292, 2, 17, 8078, 81.01
2026/07/12 23:49:07.292, 3, 16, 8078, 83.71
2026/07/12 23:49:07.292, 4, 7, 8078, 90.87
2026/07/12 23:49:07.292, 5, 8, 8078, 82.13
2026/07/12 23:49:07.292, 6, 15, 8078, 90.22
2026/07/12 23:49:07.292, 7, 7, 8078, 85.99
2026/07/12 23:49:08.292, 0, 100, 8078, 195.32
2026/07/12 23:49:08.293, 1, 100, 8078, 201.19
2026/07/12 23:49:08.294, 2, 100, 8078, 203.08
2026/07/12 23:49:08.294, 3, 100, 8078, 206.31
2026/07/12 23:49:08.294, 4, 97, 8078, 199.67
2026/07/12 23:49:08.294, 5, 100, 8078, 204.01
2026/07/12 23:49:08.296, 6, 100, 8078, 204.68
2026/07/12 23:49:08.296, 7, 92, 8078, 199.05
2026/07/12 23:49:09.296, 0, 50, 8078, 86.41
2026/07/12 23:49:09.306, 1, 83, 8078, 85.27
2026/07/12 23:49:09.306, 2, 81, 8078, 79.54
2026/07/12 23:49:09.306, 3, 47, 8078, 83.71
2026/07/12 23:49:09.306, 4, 75, 8078, 89.12
2026/07/12 23:49:09.306, 5, 59, 8078, 88.57
2026/07/12 23:49:09.307, 6, 78, 8078, 90.83
2026/07/12 23:49:09.307, 7, 80, 8078, 83.64
2026/07/12 23:49:10.307, 0, 16, 8078, 81.13
2026/07/12 23:49:10.308, 1, 3, 8078, 77.63
2026/07/12 23:49:10.316, 2, 6, 8078, 78.94
2026/07/12 23:49:10.325, 3, 11, 8078, 78.43
2026/07/12 23:49:10.325, 4, 13, 8078, 85.62
2026/07/12 23:49:10.325, 5, 5, 8078, 74.50
2026/07/12 23:49:10.325, 6, 12, 8078, 82.92
2026/07/12 23:49:10.325, 7, 14, 8078, 84.84
2026/07/12 23:49:11.325, 0, 21, 8078, 66.19
2026/07/12 23:49:11.332, 1, 22, 8078, 63.64
2026/07/12 23:49:11.332, 2, 21, 8078, 63.70
2026/07/12 23:49:11.332, 3, 100, 8078, 142.26
2026/07/12 23:49:11.332, 4, 44, 8078, 155.21
2026/07/12 23:49:11.332, 5, 17, 8078, 65.38
2026/07/12 23:49:11.332, 6, 20, 8078, 68.86
2026/07/12 23:49:11.332, 7, 20, 8078, 149.59
2026/07/12 23:49:12.332, 0, 100, 8078, 216.10
2026/07/12 23:49:12.339, 1, 100, 8078, 183.35
2026/07/12 23:49:12.339, 2, 100, 8078, 212.51
2026/07/12 23:49:12.339, 3, 100, 8078, 103.69
2026/07/12 23:49:12.339, 4, 100, 8078, 195.92
2026/07/12 23:49:12.339, 5, 100, 8078, 220.77
2026/07/12 23:49:12.339, 6, 100, 8078, 218.12
2026/07/12 23:49:12.340, 7, 100, 8078, 193.70
2026/07/12 23:49:13.340, 0, 52, 8078, 82.32
2026/07/12 23:49:13.340, 1, 43, 8078, 77.36
2026/07/12 23:49:13.340, 2, 25, 8078, 78.94
2026/07/12 23:49:13.340, 3, 54, 8078, 76.08
2026/07/12 23:49:13.340, 4, 18, 8078, 82.66
2026/07/12 23:49:13.340, 5, 77, 8078, 83.55
2026/07/12 23:49:13.340, 6, 15, 8078, 87.89
2026/07/12 23:49:13.340, 7, 73, 8078, 78.94
2026/07/12 23:49:14.340, 0, 10, 8078, 84.67
2026/07/12 23:49:14.341, 1, 11, 8078, 79.98
2026/07/12 23:49:14.341, 2, 11, 8078, 81.01
2026/07/12 23:49:14.341, 3, 15, 8078, 75.48
2026/07/12 23:49:14.341, 4, 11, 8078, 86.49
2026/07/12 23:49:14.341, 5, 16, 8078, 83.55
2026/07/12 23:49:14.341, 6, 17, 8078, 89.95
2026/07/12 23:49:14.341, 7, 11, 8078, 83.97
2026/07/12 23:49:15.341, 0, 83, 8078, 198.73
2026/07/12 23:49:15.348, 1, 100, 8078, 197.59
2026/07/12 23:49:15.348, 2, 100, 8078, 200.41
2026/07/12 23:49:15.350, 3, 21, 8078, 138.30
2026/07/12 23:49:15.350, 4, 20, 8078, 69.62
2026/07/12 23:49:15.350, 5, 26, 8078, 177.11
2026/07/12 23:49:15.350, 6, 17, 8078, 192.30
2026/07/12 23:49:15.350, 7, 20, 8078, 66.58
2026/07/12 23:49:16.350, 0, 85, 8078, 83.71
2026/07/12 23:49:16.358, 1, 47, 8078, 79.63
2026/07/12 23:49:16.358, 2, 53, 8078, 80.33
2026/07/12 23:49:16.358, 3, 100, 8078, 191.83
2026/07/12 23:49:16.358, 4, 100, 8078, 214.26
2026/07/12 23:49:16.358, 5, 68, 8078, 80.25
2026/07/12 23:49:16.358, 6, 100, 8078, 91.33
2026/07/12 23:49:16.358, 7, 100, 8078, 220.36
2026/07/12 23:49:17.359, 0, 15, 8078, 82.60
2026/07/12 23:49:17.359, 1, 12, 8078, 77.36
2026/07/12 23:49:17.359, 2, 12, 8078, 78.07
2026/07/12 23:49:17.359, 3, 17, 8078, 80.76
2026/07/12 23:49:17.359, 4, 12, 8078, 88.85
2026/07/12 23:49:17.359, 5, 12, 8078, 80.06
2026/07/12 23:49:17.359, 6, 22, 8078, 88.75
2026/07/12 23:49:17.359, 7, 21, 8078, 84.24
2026/07/12 23:49:18.359, 0, 16, 8078, 84.67
2026/07/12 23:49:18.367, 1, 17, 8078, 79.98
2026/07/12 23:49:18.377, 2, 17, 8078, 80.42
2026/07/12 23:49:18.377, 3, 16, 8078, 83.38
2026/07/12 23:49:18.377, 4, 15, 8078, 90.00
2026/07/12 23:49:18.377, 5, 16, 8078, 82.13
2026/07/12 23:49:18.377, 6, 7, 8078, 90.22
2026/07/12 23:49:18.377, 7, 10, 8078, 85.99
2026/07/12 23:49:19.378, 0, 100, 8078, 207.34
2026/07/12 23:49:19.378, 1, 100, 8078, 207.88
2026/07/12 23:49:19.378, 2, 100, 8078, 210.44
2026/07/12 23:49:19.378, 3, 100, 8078, 208.92
2026/07/12 23:49:19.378, 4, 100, 8078, 203.84
2026/07/12 23:49:19.378, 5, 100, 8078, 202.66
2026/07/12 23:49:19.378, 6, 90, 8078, 204.07
2026/07/12 23:49:19.378, 7, 100, 8078, 201.07
2026/07/12 23:49:20.378, 0, 49, 8078, 87.61
2026/07/12 23:49:20.378, 1, 92, 8078, 99.33
2026/07/12 23:49:20.379, 2, 89, 8078, 166.61
2026/07/12 23:49:20.379, 3, 57, 8078, 81.64
2026/07/12 23:49:20.379, 4, 37, 8078, 88.85
2026/07/12 23:49:20.379, 5, 30, 8078, 81.81
2026/07/12 23:49:20.379, 6, 82, 8078, 87.61
2026/07/12 23:49:20.379, 7, 67, 8078, 83.64
2026/07/12 23:49:21.379, 0, 18, 8078, 84.94
2026/07/12 23:49:21.383, 1, 19, 8078, 82.05
2026/07/12 23:49:21.383, 2, 16, 8078, 82.22
2026/07/12 23:49:21.383, 3, 17, 8078, 80.49
2026/07/12 23:49:21.383, 4, 13, 8078, 85.29
2026/07/12 23:49:21.383, 5, 13, 8078, 75.09
2026/07/12 23:49:21.383, 6, 12, 8078, 85.27
2026/07/12 23:49:21.383, 7, 13, 8078, 78.94
2026/07/12 23:49:22.384, 0, 20, 8078, 139.91
2026/07/12 23:49:22.384, 1, 62, 8078, 186.48
2026/07/12 23:49:22.384, 2, 70, 8078, 189.29
2026/07/12 23:49:22.384, 3, 27, 8078, 141.24
2026/07/12 23:49:22.384, 4, 41, 8078, 69.94
2026/07/12 23:49:22.384, 5, 19, 8078, 117.75
2026/07/12 23:49:22.384, 6, 21, 8078, 91.43
2026/07/12 23:49:22.384, 7, 20, 8078, 110.84
2026/07/12 23:49:23.384, 0, 100, 8078, 188.30
2026/07/12 23:49:23.391, 1, 100, 8078, 165.77
2026/07/12 23:49:23.392, 2, 100, 8078, 179.64
2026/07/12 23:49:23.392, 3, 100, 8078, 105.27
2026/07/12 23:49:23.392, 4, 100, 8078, 195.52
2026/07/12 23:49:23.402, 5, 100, 8078, 200.20
2026/07/12 23:49:23.402, 6, 100, 8078, 203.53
2026/07/12 23:49:23.402, 7, 100, 8078, 202.75
2026/07/12 23:49:24.403, 0, 11, 8078, 82.60
2026/07/12 23:49:24.403, 1, 11, 8078, 77.36
2026/07/12 23:49:24.403, 2, 12, 8078, 78.07
2026/07/12 23:49:24.403, 3, 11, 8078, 80.49
2026/07/12 23:49:24.403, 4, 12, 8078, 88.85
2026/07/12 23:49:24.403, 5, 11, 8078, 79.79
2026/07/12 23:49:24.403, 6, 12, 8078, 87.89
2026/07/12 23:49:24.404, 7, 12, 8078, 84.24
2026/07/12 23:49:25.404, 0, 16, 8078, 84.67
2026/07/12 23:49:25.409, 1, 17, 8078, 80.85
2026/07/12 23:49:25.409, 2, 17, 8078, 81.29
2026/07/12 23:49:25.409, 3, 16, 8078, 84.31
2026/07/12 23:49:25.409, 4, 16, 8078, 91.80
2026/07/12 23:49:25.409, 5, 15, 8078, 69.20
2026/07/12 23:49:25.409, 6, 15, 8078, 90.22
2026/07/12 23:49:25.409, 7, 16, 8078, 86.59
2026/07/12 23:49:26.411, 0, 100, 8078, 215.23
2026/07/12 23:49:26.411, 1, 100, 8078, 219.68
2026/07/12 23:49:26.411, 2, 100, 8078, 221.00
2026/07/12 23:49:26.411, 3, 100, 8078, 222.92
2026/07/12 23:49:26.411, 4, 100, 8078, 222.34
2026/07/12 23:49:26.412, 5, 100, 8078, 209.95
2026/07/12 23:49:26.412, 6, 100, 8078, 221.92
2026/07/12 23:49:26.412, 7, 100, 8078, 218.06
2026/07/12 23:49:27.412, 0, 21, 8078, 82.92
2026/07/12 23:49:27.412, 1, 21, 8078, 77.36
2026/07/12 23:49:27.412, 2, 66, 8078, 78.07
2026/07/12 23:49:27.412, 3, 22, 8078, 81.37
2026/07/12 23:49:27.412, 4, 40, 8078, 89.45
2026/07/12 23:49:27.412, 5, 11, 8078, 80.06
2026/07/12 23:49:27.412, 6, 27, 8078, 88.75
2026/07/12 23:49:27.412, 7, 32, 8078, 84.57
2026/07/12 23:49:28.412, 0, 9, 8078, 85.54
2026/07/12 23:49:28.414, 1, 14, 8078, 79.98
2026/07/12 23:49:28.414, 2, 12, 8078, 80.74
2026/07/12 23:49:28.417, 3, 11, 8078, 83.38
2026/07/12 23:49:28.417, 4, 9, 8078, 90.87
2026/07/12 23:49:28.417, 5, 16, 8078, 82.68
2026/07/12 23:49:28.417, 6, 15, 8078, 89.63
2026/07/12 23:49:28.417, 7, 15, 8078, 85.99
2026/07/12 23:49:29.417, 0, 100, 8078, 201.46
2026/07/12 23:49:29.463, 1, 100, 8078, 203.21
2026/07/12 23:49:29.463, 2, 100, 8078, 204.61
2026/07/12 23:49:29.463, 3, 100, 8078, 202.24
2026/07/12 23:49:29.464, 4, 73, 8078, 206.79
2026/07/12 23:49:29.464, 5, 100, 8078, 200.87
2026/07/12 23:49:29.464, 6, 100, 8078, 207.01
2026/07/12 23:49:29.464, 7, 100, 8078, 203.42
2026/07/12 23:49:30.464, 0, 65, 8078, 81.72
2026/07/12 23:49:30.468, 1, 59, 8078, 75.89
2026/07/12 23:49:30.468, 2, 66, 8078, 76.32
2026/07/12 23:49:30.468, 3, 44, 8078, 85.72
2026/07/12 23:49:30.468, 4, 98, 8078, 89.12
2026/07/12 23:49:30.468, 5, 79, 8078, 79.46
2026/07/12 23:49:30.478, 6, 32, 8078, 87.01
2026/07/12 23:49:30.487, 7, 17, 8078, 83.37
2026/07/12 23:49:31.487, 0, 14, 8078, 77.63
2026/07/12 23:49:31.487, 1, 16, 8078, 71.47
2026/07/12 23:49:31.487, 2, 18, 8078, 76.32
2026/07/12 23:49:31.487, 3, 14, 8078, 76.35
2026/07/12 23:49:31.487, 4, 11, 8078, 83.81
2026/07/12 23:49:31.487, 5, 11, 8078, 76.24
2026/07/12 23:49:31.487, 6, 19, 8078, 82.60
2026/07/12 23:49:31.487, 7, 18, 8078, 86.92
2026/07/12 23:49:32.487, 0, 21, 8078, 132.01
2026/07/12 23:49:32.493, 1, 33, 8078, 151.35
2026/07/12 23:49:32.494, 2, 42, 8078, 185.66
2026/07/12 23:49:32.494, 3, 17, 8078, 137.16
2026/07/12 23:49:32.494, 4, 22, 8078, 138.14
2026/07/12 23:49:32.495, 5, 17, 8078, 134.50
2026/07/12 23:49:32.495, 6, 21, 8078, 123.79
2026/07/12 23:49:32.495, 7, 25, 8078, 66.58
2026/07/12 23:49:33.495, 0, 100, 8078, 186.55
2026/07/12 23:49:33.504, 1, 100, 8078, 89.86
2026/07/12 23:49:33.504, 2, 100, 8078, 93.54
2026/07/12 23:49:33.504, 3, 100, 8078, 186.96
2026/07/12 23:49:33.504, 4, 100, 8078, 193.18
2026/07/12 23:49:33.504, 5, 100, 8078, 191.16
2026/07/12 23:49:33.504, 6, 100, 8078, 206.36
2026/07/12 23:49:33.504, 7, 100, 8078, 222.15
2026/07/12 23:49:34.505, 0, 11, 8078, 82.32
2026/07/12 23:49:34.506, 1, 11, 8078, 76.76
2026/07/12 23:49:34.514, 2, 11, 8078, 77.79
2026/07/12 23:49:34.514, 3, 12, 8078, 81.04
2026/07/12 23:49:34.514, 4, 12, 8078, 89.45
2026/07/12 23:49:34.516, 5, 12, 8078, 79.79
2026/07/12 23:49:34.524, 6, 11, 8078, 87.61
2026/07/12 23:49:34.524, 7, 11, 8078, 83.97
2026/07/12 23:49:35.524, 0, 17, 8078, 65.91
2026/07/12 23:49:35.546, 1, 17, 8078, 66.19
2026/07/12 23:49:35.546, 2, 17, 8078, 76.92
2026/07/12 23:49:35.547, 3, 16, 8078, 83.98
2026/07/12 23:49:35.547, 4, 16, 8078, 92.68
2026/07/12 23:49:35.547, 5, 17, 8078, 83.28
2026/07/12 23:49:35.547, 6, 15, 8078, 69.20
2026/07/12 23:49:35.547, 7, 15, 8078, 67.80
2026/07/12 23:49:36.547, 0, 100, 8078, 203.21
2026/07/12 23:49:36.549, 1, 100, 8078, 210.55
2026/07/12 23:49:36.551, 2, 100, 8078, 205.21
2026/07/12 23:49:36.551, 3, 100, 8078, 190.84
2026/07/12 23:49:36.551, 4, 100, 8078, 228.78
2026/07/12 23:49:36.552, 5, 100, 8078, 186.28
2026/07/12 23:49:36.552, 6, 100, 8078, 196.79
2026/07/12 23:49:36.552, 7, 100, 8078, 223.62
2026/07/12 23:49:37.552, 0, 21, 8078, 82.92
2026/07/12 23:49:37.552, 1, 21, 8078, 77.36
2026/07/12 23:49:37.552, 2, 18, 8078, 77.52
2026/07/12 23:49:37.552, 3, 12, 8078, 81.37
2026/07/12 23:49:37.552, 4, 11, 8078, 89.45
2026/07/12 23:49:37.552, 5, 11, 8078, 80.66
2026/07/12 23:49:37.552, 6, 11, 8078, 88.75
2026/07/12 23:49:37.552, 7, 11, 8078, 84.57
2026/07/12 23:49:38.561, 0, 13, 8078, 84.94
2026/07/12 23:49:38.563, 1, 17, 8078, 79.71
2026/07/12 23:49:38.563, 2, 17, 8078, 81.01
2026/07/12 23:49:38.563, 3, 16, 8078, 83.71
2026/07/12 23:49:38.563, 4, 16, 8078, 91.48
2026/07/12 23:49:38.564, 5, 16, 8078, 82.40
2026/07/12 23:49:38.574, 6, 15, 8078, 90.83
2026/07/12 23:49:38.574, 7, 8, 8078, 85.11
2026/07/12 23:49:39.574, 0, 100, 8078, 212.89
2026/07/12 23:49:39.583, 1, 100, 8078, 211.69
2026/07/12 23:49:39.594, 2, 100, 8078, 210.44
2026/07/12 23:49:39.595, 3, 100, 8078, 205.99
2026/07/12 23:49:39.597, 4, 100, 8078, 209.13
2026/07/12 23:49:39.607, 5, 100, 8078, 205.27
2026/07/12 23:49:39.607, 6, 100, 8078, 207.34
2026/07/12 23:49:39.607, 7, 63, 8078, 201.07
2026/07/12 23:49:40.607, 0, 42, 8078, 82.32
2026/07/12 23:49:40.607, 1, 67, 8078, 91.43
2026/07/12 23:49:40.607, 2, 66, 8078, 77.20
2026/07/12 23:49:40.607, 3, 46, 8078, 106.53
2026/07/12 23:49:40.607, 4, 33, 8078, 88.52
2026/07/12 23:49:40.607, 5, 37, 8078, 109.25
2026/07/12 23:49:40.607, 6, 16, 8078, 86.41
2026/07/12 23:49:40.607, 7, 100, 8078, 83.97
2026/07/12 23:49:41.608, 0, 3, 8078, 83.46
2026/07/12 23:49:41.608, 1, 6, 8078, 77.90
2026/07/12 23:49:41.608, 2, 8, 8078, 79.87
2026/07/12 23:49:41.608, 3, 2, 8078, 81.64
2026/07/12 23:49:41.608, 4, 6, 8078, 84.14
2026/07/12 23:49:41.608, 5, 3, 8078, 80.93
2026/07/12 23:49:41.608, 6, 0, 8078, 82.32
2026/07/12 23:49:41.608, 7, 11, 8078, 78.07
2026/07/12 23:49:42.608, 0, 17, 8078, 66.51
2026/07/12 23:49:42.610, 1, 17, 8078, 64.44
2026/07/12 23:49:42.610, 2, 17, 8078, 84.84
2026/07/12 23:49:42.610, 3, 21, 8078, 65.57
2026/07/12 23:49:42.610, 4, 20, 8078, 69.14
2026/07/12 23:49:42.610, 5, 21, 8078, 65.11
2026/07/12 23:49:42.610, 6, 19, 8078, 70.33
2026/07/12 23:49:42.610, 7, 20, 8078, 65.45
2026/07/12 23:49:43.611, 0, 100, 8078, 215.23
2026/07/12 23:49:43.611, 1, 100, 8078, 185.69
2026/07/12 23:49:43.611, 2, 100, 8078, 190.56
2026/07/12 23:49:43.611, 3, 100, 8078, 222.65
2026/07/12 23:49:43.611, 4, 100, 8078, 218.51
2026/07/12 23:49:43.611, 5, 100, 8078, 242.10
2026/07/12 23:49:43.611, 6, 100, 8078, 216.69
2026/07/12 23:49:43.611, 7, 100, 8078, 215.12
2026/07/12 23:49:44.611, 0, 76, 8078, 83.19
2026/07/12 23:49:44.616, 1, 70, 8078, 77.63
2026/07/12 23:49:44.625, 2, 57, 8078, 78.07
2026/07/12 23:49:44.627, 3, 21, 8078, 81.64
2026/07/12 23:49:44.627, 4, 29, 8078, 89.73
2026/07/12 23:49:44.627, 5, 30, 8078, 80.33
2026/07/12 23:49:44.627, 6, 43, 8078, 88.48
2026/07/12 23:49:44.627, 7, 21, 8078, 85.44
2026/07/12 23:49:45.627, 0, 16, 8078, 85.27
2026/07/12 23:49:45.629, 1, 13, 8078, 80.25
2026/07/12 23:49:45.629, 2, 11, 8078, 80.74
2026/07/12 23:49:45.629, 3, 15, 8078, 83.98
2026/07/12 23:49:45.630, 4, 7, 8078, 90.87
2026/07/12 23:49:45.630, 5, 8, 8078, 84.16
2026/07/12 23:49:45.630, 6, 18, 8078, 92.30
2026/07/12 23:49:45.630, 7, 7, 8078, 86.31
2026/07/12 23:49:46.630, 0, 67, 8078, 202.06
2026/07/12 23:49:46.700, 1, 100, 8078, 200.87
2026/07/12 23:49:46.702, 2, 100, 8078, 201.07
2026/07/12 23:49:46.702, 3, 100, 8078, 198.64
2026/07/12 23:49:46.702, 4, 79, 8078, 201.49
2026/07/12 23:49:46.702, 5, 92, 8078, 194.38
2026/07/12 23:49:46.702, 6, 79, 8078, 201.73
2026/07/12 23:49:46.702, 7, 100, 8078, 201.40
2026/07/12 23:49:47.702, 0, 54, 8078, 85.27
2026/07/12 23:49:47.702, 1, 78, 8078, 79.38
2026/07/12 23:49:47.702, 2, 81, 8078, 80.42
2026/07/12 23:49:47.702, 3, 44, 8078, 83.71
2026/07/12 23:49:47.702, 4, 92, 8078, 88.85
2026/07/12 23:49:47.703, 5, 81, 8078, 81.54
2026/07/12 23:49:47.703, 6, 92, 8078, 89.36
2026/07/12 23:49:47.703, 7, 72, 8078, 81.62
2026/07/12 23:49:48.703, 0, 16, 8078, 83.19
2026/07/12 23:49:48.704, 1, 18, 8078, 78.51
2026/07/12 23:49:48.704, 2, 19, 8078, 76.32
2026/07/12 23:49:48.704, 3, 16, 8078, 81.64
2026/07/12 23:49:48.704, 4, 11, 8078, 90.60
2026/07/12 23:49:48.704, 5, 12, 8078, 80.93
2026/07/12 23:49:48.704, 6, 11, 8078, 89.36
2026/07/12 23:49:48.704, 7, 12, 8078, 85.11
2026/07/12 23:49:49.704, 0, 20, 8078, 137.12
2026/07/12 23:49:49.711, 1, 48, 8078, 180.33
2026/07/12 23:49:49.711, 2, 59, 8078, 136.79
2026/07/12 23:49:49.714, 3, 16, 8078, 72.87
2026/07/12 23:49:49.714, 4, 20, 8078, 69.94
2026/07/12 23:49:49.714, 5, 18, 8078, 65.11
2026/07/12 23:49:49.714, 6, 21, 8078, 64.72
2026/07/12 23:49:49.714, 7, 16, 8078, 67.52
2026/07/12 23:49:50.714, 0, 100, 8078, 189.77
2026/07/12 23:49:50.715, 1, 100, 8078, 188.90
2026/07/12 23:49:50.715, 2, 100, 8078, 189.69
2026/07/12 23:49:50.715, 3, 100, 8078, 194.24
2026/07/12 23:49:50.715, 4, 100, 8078, 211.42
2026/07/12 23:49:50.715, 5, 100, 8078, 198.19
2026/07/12 23:49:50.715, 6, 100, 8078, 228.93
2026/07/12 23:49:50.716, 7, 100, 8078, 196.12
2026/07/12 23:49:51.716, 0, 11, 8078, 82.60
2026/07/12 23:49:51.717, 1, 11, 8078, 77.04
2026/07/12 23:49:51.717, 2, 11, 8078, 78.07
2026/07/12 23:49:51.717, 3, 12, 8078, 81.04
2026/07/12 23:49:51.717, 4, 12, 8078, 89.73
2026/07/12 23:49:51.717, 5, 12, 8078, 80.33
2026/07/12 23:49:51.717, 6, 12, 8078, 87.89
2026/07/12 23:49:51.717, 7, 12, 8078, 84.24
2026/07/12 23:49:52.717, 0, 16, 8078, 85.81
2026/07/12 23:49:52.718, 1, 17, 8078, 80.85
2026/07/12 23:49:52.718, 2, 17, 8078, 81.62
2026/07/12 23:49:52.718, 3, 16, 8078, 83.98
2026/07/12 23:49:52.718, 4, 15, 8078, 92.36
2026/07/12 23:49:52.718, 5, 16, 8078, 83.01
2026/07/12 23:49:52.718, 6, 15, 8078, 90.83
2026/07/12 23:49:52.718, 7, 16, 8078, 86.59
2026/07/12 23:49:53.718, 0, 100, 8078, 222.25
2026/07/12 23:49:53.721, 1, 100, 8078, 217.89
2026/07/12 23:49:53.721, 2, 100, 8078, 218.06
2026/07/12 23:49:53.721, 3, 100, 8078, 219.13
2026/07/12 23:49:53.722, 4, 100, 8078, 220.26
2026/07/12 23:49:53.722, 5, 100, 8078, 215.50
2026/07/12 23:49:53.722, 6, 100, 8078, 222.02
2026/07/12 23:49:53.722, 7, 100, 8078, 217.47
2026/07/12 23:49:54.722, 0, 20, 8078, 82.92
2026/07/12 23:49:54.723, 1, 19, 8078, 77.36
2026/07/12 23:49:54.723, 2, 15, 8078, 78.39
2026/07/12 23:49:54.723, 3, 71, 8078, 81.37
2026/07/12 23:49:54.723, 4, 11, 8078, 90.33
2026/07/12 23:49:54.723, 5, 32, 8078, 80.93
2026/07/12 23:49:54.724, 6, 21, 8078, 89.08
2026/07/12 23:49:54.724, 7, 21, 8078, 84.24
2026/07/12 23:49:55.724, 0, 16, 8078, 85.54
2026/07/12 23:49:55.731, 1, 17, 8078, 80.58
2026/07/12 23:49:55.741, 2, 14, 8078, 80.42
2026/07/12 23:49:55.741, 3, 15, 8078, 83.71
2026/07/12 23:49:55.741, 4, 15, 8078, 91.48
2026/07/12 23:49:55.741, 5, 8, 8078, 82.13
2026/07/12 23:49:55.741, 6, 7, 8078, 92.84
2026/07/12 23:49:55.741, 7, 7, 8078, 85.99
2026/07/12 23:49:56.741, 0, 100, 8078, 209.35
2026/07/12 23:49:56.771, 1, 100, 8078, 205.00
2026/07/12 23:49:56.771, 2, 100, 8078, 198.46
2026/07/12 23:49:56.771, 3, 100, 8078, 205.72
2026/07/12 23:49:56.771, 4, 100, 8078, 202.69
2026/07/12 23:49:56.773, 5, 100, 8078, 202.06
2026/07/12 23:49:56.773, 6, 87, 8078, 204.07
2026/07/12 23:49:56.773, 7, 86, 8078, 198.46
2026/07/12 23:49:57.773, 0, 53, 8078, 85.27
2026/07/12 23:49:57.774, 1, 72, 8078, 77.36
2026/07/12 23:49:57.774, 2, 100, 8078, 78.39
2026/07/12 23:49:57.774, 3, 44, 8078, 81.04
2026/07/12 23:49:57.774, 4, 32, 8078, 95.58
2026/07/12 23:49:57.774, 5, 40, 8078, 80.66
2026/07/12 23:49:57.774, 6, 85, 8078, 87.89
2026/07/12 23:49:57.774, 7, 86, 8078, 82.49
2026/07/12 23:49:58.774, 0, 16, 8078, 83.46
2026/07/12 23:49:58.774, 1, 18, 8078, 77.90
2026/07/12 23:49:58.774, 2, 11, 8078, 77.52
2026/07/12 23:49:58.774, 3, 16, 8078, 75.48
2026/07/12 23:49:58.774, 4, 12, 8078, 90.33
2026/07/12 23:49:58.774, 5, 15, 8078, 74.16
2026/07/12 23:49:58.774, 6, 12, 8078, 84.94
2026/07/12 23:49:58.774, 7, 12, 8078, 81.89
2026/07/12 23:49:59.774, 0, 18, 8078, 136.51
2026/07/12 23:49:59.775, 1, 41, 8078, 179.64
2026/07/12 23:49:59.777, 2, 21, 8078, 120.08
2026/07/12 23:49:59.777, 3, 15, 8078, 139.17
2026/07/12 23:49:59.777, 4, 21, 8078, 121.41
2026/07/12 23:49:59.777, 5, 31, 8078, 134.50
2026/07/12 23:49:59.777, 6, 20, 8078, 69.73
2026/07/12 23:49:59.777, 7, 20, 8078, 65.98
2026/07/12 23:50:00.777, 0, 100, 8078, 188.90
2026/07/12 23:50:00.778, 1, 100, 8078, 181.61
2026/07/12 23:50:00.778, 2, 100, 8078, 195.52
2026/07/12 23:50:00.778, 3, 100, 8078, 196.85
2026/07/12 23:50:00.778, 4, 100, 8078, 210.00
2026/07/12 23:50:00.778, 5, 100, 8078, 223.99
2026/07/12 23:50:00.778, 6, 100, 8078, 198.25
2026/07/12 23:50:00.778, 7, 100, 8078, 228.90
2026/07/12 23:50:01.778, 0, 11, 8078, 82.92
2026/07/12 23:50:01.782, 1, 11, 8078, 77.04
2026/07/12 23:50:01.790, 2, 12, 8078, 78.07
2026/07/12 23:50:01.790, 3, 12, 8078, 81.64
2026/07/12 23:50:01.790, 4, 12, 8078, 89.45
2026/07/12 23:50:01.790, 5, 11, 8078, 80.06
2026/07/12 23:50:01.790, 6, 11, 8078, 88.16
2026/07/12 23:50:01.790, 7, 11, 8078, 84.57
2026/07/12 23:50:02.791, 0, 17, 8078, 86.41
2026/07/12 23:50:02.791, 1, 17, 8078, 80.85
2026/07/12 23:50:02.791, 2, 16, 8078, 81.89
2026/07/12 23:50:02.791, 3, 16, 8078, 84.58
2026/07/12 23:50:02.791, 4, 15, 8078, 92.08
2026/07/12 23:50:02.791, 5, 16, 8078, 83.01
2026/07/12 23:50:02.791, 6, 15, 8078, 90.83
2026/07/12 23:50:02.792, 7, 15, 8078, 87.46
2026/07/12 23:50:03.792, 0, 100, 8078, 223.99
2026/07/12 23:50:03.792, 1, 100, 8078, 228.70
2026/07/12 23:50:03.793, 2, 100, 8078, 219.81
2026/07/12 23:50:03.793, 3, 100, 8078, 220.32
2026/07/12 23:50:03.794, 4, 100, 8078, 224.68
2026/07/12 23:50:03.794, 5, 100, 8078, 216.10
2026/07/12 23:50:03.795, 6, 100, 8078, 223.49
2026/07/12 23:50:03.795, 7, 100, 8078, 215.12
2026/07/12 23:50:04.796, 0, 21, 8078, 83.19
2026/07/12 23:50:04.796, 1, 78, 8078, 77.90
2026/07/12 23:50:04.796, 2, 61, 8078, 78.94
2026/07/12 23:50:04.796, 3, 22, 8078, 81.64
2026/07/12 23:50:04.796, 4, 37, 8078, 90.00
2026/07/12 23:50:04.796, 5, 37, 8078, 80.06
2026/07/12 23:50:04.796, 6, 25, 8078, 88.48
2026/07/12 23:50:04.796, 7, 20, 8078, 84.75
2026/07/12 23:50:05.796, 0, 15, 8078, 85.54
2026/07/12 23:50:05.806, 1, 13, 8078, 79.98
2026/07/12 23:50:05.806, 2, 11, 8078, 81.01
2026/07/12 23:50:05.806, 3, 13, 8078, 83.71
2026/07/12 23:50:05.806, 4, 8, 8078, 91.21
2026/07/12 23:50:05.807, 5, 8, 8078, 82.40
2026/07/12 23:50:05.816, 6, 7, 8078, 90.22
2026/07/12 23:50:05.826, 7, 15, 8078, 86.31
2026/07/12 23:50:06.826, 0, 73, 8078, 209.35
2026/07/12 23:50:06.833, 1, 96, 8078, 206.41
2026/07/12 23:50:06.847, 2, 95, 8078, 200.14
2026/07/12 23:50:06.847, 3, 100, 8078, 205.33
2026/07/12 23:50:06.857, 4, 85, 8078, 209.13
2026/07/12 23:50:06.861, 5, 94, 8078, 201.46
2026/07/12 23:50:06.861, 6, 57, 8078, 205.87
2026/07/12 23:50:06.864, 7, 100, 8078, 197.59
2026/07/12 23:50:07.866, 0, 49, 8078, 85.27
2026/07/12 23:50:07.866, 1, 72, 8078, 79.38
2026/07/12 23:50:07.866, 2, 38, 8078, 79.54
2026/07/12 23:50:07.866, 3, 43, 8078, 83.71
2026/07/12 23:50:07.866, 4, 87, 8078, 90.00
2026/07/12 23:50:07.866, 5, 78, 8078, 87.10
2026/07/12 23:50:07.866, 6, 30, 8078, 88.48
2026/07/12 23:50:07.866, 7, 43, 8078, 85.72
2026/07/12 23:50:08.866, 0, 13, 8078, 80.58
2026/07/12 23:50:08.867, 1, 14, 8078, 72.67
2026/07/12 23:50:08.867, 2, 16, 8078, 72.49
2026/07/12 23:50:08.868, 3, 12, 8078, 82.51
2026/07/12 23:50:08.868, 4, 11, 8078, 90.87
2026/07/12 23:50:08.868, 5, 11, 8078, 80.93
2026/07/12 23:50:08.868, 6, 18, 8078, 89.08
2026/07/12 23:50:08.876, 7, 18, 8078, 85.44
2026/07/12 23:50:09.884, 0, 17, 8078, 136.51
2026/07/12 23:50:09.886, 1, 17, 8078, 136.84
2026/07/12 23:50:09.886, 2, 17, 8078, 135.51
2026/07/12 23:50:09.886, 3, 17, 8078, 132.15
2026/07/12 23:50:09.886, 4, 16, 8078, 70.89
2026/07/12 23:50:09.886, 5, 17, 8078, 123.65
2026/07/12 23:50:09.887, 6, 20, 8078, 69.73
2026/07/12 23:50:09.887, 7, 20, 8078, 66.92
2026/07/12 23:50:10.887, 0, 100, 8078, 193.57
2026/07/12 23:50:10.890, 1, 100, 8078, 178.34
2026/07/12 23:50:10.890, 2, 100, 8078, 183.40
2026/07/12 23:50:10.890, 3, 100, 8078, 186.36
2026/07/12 23:50:10.890, 4, 100, 8078, 216.77
2026/07/12 23:50:10.891, 5, 100, 8078, 191.43
2026/07/12 23:50:10.891, 6, 100, 8078, 218.44
2026/07/12 23:50:10.900, 7, 100, 8078, 205.75
2026/07/12 23:50:11.900, 0, 12, 8078, 77.36
2026/07/12 23:50:11.901, 1, 6, 8078, 76.43
2026/07/12 23:50:11.901, 2, 4, 8078, 78.07
2026/07/12 23:50:11.901, 3, 12, 8078, 81.04
2026/07/12 23:50:11.901, 4, 12, 8078, 89.45
2026/07/12 23:50:11.901, 5, 12, 8078, 74.77
2026/07/12 23:50:11.901, 6, 5, 8078, 83.19
2026/07/12 23:50:11.901, 7, 11, 8078, 84.24
2026/07/12 23:50:12.901, 0, 17, 8078, 83.80
2026/07/12 23:50:12.934, 1, 17, 8078, 79.98
2026/07/12 23:50:12.934, 2, 16, 8078, 80.14
2026/07/12 23:50:12.934, 3, 17, 8078, 83.71
2026/07/12 23:50:12.934, 4, 14, 8078, 70.89
2026/07/12 23:50:12.934, 5, 8, 8078, 82.40
2026/07/12 23:50:12.934, 6, 8, 8078, 83.19
2026/07/12 23:50:12.935, 7, 6, 8078, 67.80
2026/07/12 23:50:13.935, 0, 100, 8078, 216.10
2026/07/12 23:50:13.935, 1, 100, 8078, 212.02
2026/07/12 23:50:13.936, 2, 100, 8078, 207.83
2026/07/12 23:50:13.936, 3, 100, 8078, 215.92
2026/07/12 23:50:13.936, 4, 100, 8078, 201.82
2026/07/12 23:50:13.936, 5, 98, 8078, 202.27
2026/07/12 23:50:13.936, 6, 57, 8078, 136.70
2026/07/12 23:50:13.936, 7, 60, 8078, 186.75
2026/07/12 23:50:14.936, 0, 57, 8078, 85.27
2026/07/12 23:50:14.942, 1, 100, 8078, 79.38
2026/07/12 23:50:14.942, 2, 77, 8078, 80.33
2026/07/12 23:50:14.942, 3, 100, 8078, 83.38
2026/07/12 23:50:14.942, 4, 41, 8078, 91.98
2026/07/12 23:50:14.942, 5, 75, 8078, 82.68
2026/07/12 23:50:14.942, 6, 100, 8078, 196.72
2026/07/12 23:50:14.942, 7, 100, 8078, 104.68
2026/07/12 23:50:15.943, 0, 11, 8078, 83.19
2026/07/12 23:50:15.945, 1, 11, 8078, 78.78
2026/07/12 23:50:15.946, 2, 11, 8078, 78.07
2026/07/12 23:50:15.947, 3, 12, 8078, 82.23
2026/07/12 23:50:15.947, 4, 11, 8078, 89.12
2026/07/12 23:50:15.947, 5, 11, 8078, 79.79
2026/07/12 23:50:15.947, 6, 11, 8078, 88.16
2026/07/12 23:50:15.948, 7, 11, 8078, 84.57
2026/07/12 23:50:16.948, 0, 15, 8078, 85.81
2026/07/12 23:50:16.950, 1, 18, 8078, 81.13
2026/07/12 23:50:16.961, 2, 17, 8078, 81.01
2026/07/12 23:50:16.961, 3, 17, 8078, 67.59
2026/07/12 23:50:16.961, 4, 16, 8078, 70.89
2026/07/12 23:50:16.961, 5, 16, 8078, 68.06
2026/07/12 23:50:16.961, 6, 20, 8078, 71.20
2026/07/12 23:50:16.961, 7, 16, 8078, 66.92
2026/07/12 23:50:17.962, 0, 100, 8078, 199.99
2026/07/12 23:50:17.988, 1, 100, 8078, 212.02
2026/07/12 23:50:17.988, 2, 100, 8078, 211.31
2026/07/12 23:50:17.988, 3, 100, 8078, 217.99
2026/07/12 23:50:17.988, 4, 100, 8078, 197.13
2026/07/12 23:50:17.988, 5, 100, 8078, 189.77
2026/07/12 23:50:17.989, 6, 100, 8078, 195.91
2026/07/12 23:50:17.989, 7, 100, 8078, 196.39
2026/07/12 23:50:18.989, 0, 16, 8078, 83.19
2026/07/12 23:50:18.991, 1, 12, 8078, 79.11
2026/07/12 23:50:18.991, 2, 12, 8078, 78.07
2026/07/12 23:50:18.991, 3, 12, 8078, 81.96
2026/07/12 23:50:18.991, 4, 12, 8078, 89.73
2026/07/12 23:50:18.991, 5, 12, 8078, 80.93
2026/07/12 23:50:18.992, 6, 19, 8078, 88.16
2026/07/12 23:50:18.992, 7, 20, 8078, 85.11
2026/07/12 23:50:19.992, 0, 16, 8078, 85.27
2026/07/12 23:50:19.992, 1, 17, 8078, 81.13
2026/07/12 23:50:19.993, 2, 16, 8078, 80.74
2026/07/12 23:50:19.994, 3, 16, 8078, 83.98
2026/07/12 23:50:19.994, 4, 15, 8078, 91.48
2026/07/12 23:50:19.994, 5, 16, 8078, 83.01
2026/07/12 23:50:19.994, 6, 11, 8078, 90.50
2026/07/12 23:50:19.994, 7, 10, 8078, 86.59
2026/07/12 23:50:20.994, 0, 100, 8078, 210.23
2026/07/12 23:50:20.995, 1, 100, 8078, 209.95
2026/07/12 23:50:20.995, 2, 100, 8078, 210.17
2026/07/12 23:50:20.995, 3, 100, 8078, 209.52
2026/07/12 23:50:20.996, 4, 100, 8078, 212.68
2026/07/12 23:50:20.998, 5, 100, 8078, 206.74
2026/07/12 23:50:20.998, 6, 100, 8078, 215.50
2026/07/12 23:50:20.998, 7, 100, 8078, 209.89
2026/07/12 23:50:21.998, 0, 48, 8078, 87.61
2026/07/12 23:50:21.998, 1, 92, 8078, 80.58
2026/07/12 23:50:21.998, 2, 94, 8078, 107.62
2026/07/12 23:50:21.998, 3, 55, 8078, 80.49
2026/07/12 23:50:21.998, 4, 32, 8078, 112.88
2026/07/12 23:50:21.998, 5, 51, 8078, 106.36
2026/07/12 23:50:21.998, 6, 58, 8078, 94.92
2026/07/12 23:50:21.998, 7, 64, 8078, 84.24
2026/07/12 23:50:22.999, 0, 17, 8078, 83.19
2026/07/12 23:50:23.001, 1, 19, 8078, 82.05
2026/07/12 23:50:23.002, 2, 16, 8078, 81.01
2026/07/12 23:50:23.002, 3, 11, 8078, 80.76
2026/07/12 23:50:23.002, 4, 13, 8078, 89.45
2026/07/12 23:50:23.002, 5, 13, 8078, 74.77
2026/07/12 23:50:23.002, 6, 15, 8078, 92.30
2026/07/12 23:50:23.003, 7, 13, 8078, 80.42
2026/07/12 23:50:24.012, 0, 32, 8078, 152.76
2026/07/12 23:50:24.012, 1, 60, 8078, 187.89
2026/07/12 23:50:24.012, 2, 52, 8078, 187.21
2026/07/12 23:50:24.012, 3, 100, 8078, 139.50
2026/07/12 23:50:24.012, 4, 46, 8078, 159.41
2026/07/12 23:50:24.012, 5, 39, 8078, 135.50
2026/07/12 23:50:24.012, 6, 20, 8078, 188.90
2026/07/12 23:50:24.012, 7, 20, 8078, 65.38
2026/07/12 23:50:25.012, 0, 100, 8078, 90.13
2026/07/12 23:50:25.021, 1, 100, 8078, 79.02
2026/07/12 23:50:25.021, 2, 100, 8078, 84.48
2026/07/12 23:50:25.021, 3, 73, 8078, 80.41
2026/07/12 23:50:25.031, 4, 100, 8078, 92.95
2026/07/12 23:50:25.031, 5, 100, 8078, 184.32
2026/07/12 23:50:25.032, 6, 100, 8078, 195.85
2026/07/12 23:50:25.032, 7, 100, 8078, 196.59
2026/07/12 23:50:26.032, 0, 11, 8078, 84.07
2026/07/12 23:50:26.033, 1, 11, 8078, 77.36
2026/07/12 23:50:26.033, 2, 11, 8078, 78.07
2026/07/12 23:50:26.033, 3, 11, 8078, 81.37
2026/07/12 23:50:26.033, 4, 11, 8078, 90.00
2026/07/12 23:50:26.033, 5, 11, 8078, 80.06
2026/07/12 23:50:26.033, 6, 11, 8078, 88.75
2026/07/12 23:50:26.033, 7, 11, 8078, 84.84
2026/07/12 23:50:27.034, 0, 17, 8078, 67.66
2026/07/12 23:50:27.088, 1, 18, 8078, 65.04
2026/07/12 23:50:27.088, 2, 15, 8078, 74.57
2026/07/12 23:50:27.090, 3, 16, 8078, 67.31
2026/07/12 23:50:27.090, 4, 16, 8078, 71.49
2026/07/12 23:50:27.090, 5, 15, 8078, 65.38
2026/07/12 23:50:27.090, 6, 20, 8078, 70.40
2026/07/12 23:50:27.090, 7, 14, 8078, 67.80
2026/07/12 23:50:28.090, 0, 100, 8078, 228.66
2026/07/12 23:50:28.093, 1, 100, 8078, 184.82
2026/07/12 23:50:28.093, 2, 100, 8078, 224.49
2026/07/12 23:50:28.095, 3, 100, 8078, 207.18
2026/07/12 23:50:28.095, 4, 100, 8078, 229.10
2026/07/12 23:50:28.095, 5, 100, 8078, 192.58
2026/07/12 23:50:28.095, 6, 100, 8078, 230.50
2026/07/12 23:50:28.095, 7, 100, 8078, 225.96
2026/07/12 23:50:29.095, 0, 12, 8078, 82.60
2026/07/12 23:50:29.095, 1, 12, 8078, 77.36
2026/07/12 23:50:29.095, 2, 12, 8078, 77.79
2026/07/12 23:50:29.095, 3, 21, 8078, 81.64
2026/07/12 23:50:29.095, 4, 11, 8078, 90.33
2026/07/12 23:50:29.095, 5, 12, 8078, 80.33
2026/07/12 23:50:29.096, 6, 12, 8078, 88.75
2026/07/12 23:50:29.105, 7, 12, 8078, 85.44
2026/07/12 23:50:30.105, 0, 17, 8078, 85.54
2026/07/12 23:50:30.105, 1, 17, 8078, 80.58
2026/07/12 23:50:30.106, 2, 17, 8078, 81.29
2026/07/12 23:50:30.106, 3, 15, 8078, 83.38
2026/07/12 23:50:30.115, 4, 15, 8078, 91.80
2026/07/12 23:50:30.116, 5, 16, 8078, 82.68
2026/07/12 23:50:30.117, 6, 15, 8078, 90.22
2026/07/12 23:50:30.117, 7, 15, 8078, 86.59
2026/07/12 23:50:31.117, 0, 100, 8078, 217.84
2026/07/12 23:50:31.117, 1, 100, 8078, 214.04
2026/07/12 23:50:31.117, 2, 100, 8078, 216.00
2026/07/12 23:50:31.117, 3, 100, 8078, 212.12
2026/07/12 23:50:31.117, 4, 100, 8078, 217.04
2026/07/12 23:50:31.128, 5, 100, 8078, 206.14
2026/07/12 23:50:31.128, 6, 100, 8078, 209.35
2026/07/12 23:50:31.128, 7, 100, 8078, 213.98
2026/07/12 23:50:32.128, 0, 73, 8078, 83.80
2026/07/12 23:50:32.129, 1, 69, 8078, 111.92
2026/07/12 23:50:32.129, 2, 50, 8078, 77.20
2026/07/12 23:50:32.129, 3, 53, 8078, 82.51
2026/07/12 23:50:32.129, 4, 24, 8078, 121.95
2026/07/12 23:50:32.129, 5, 38, 8078, 147.96
2026/07/12 23:50:32.129, 6, 15, 8078, 91.97
2026/07/12 23:50:32.129, 7, 48, 8078, 92.76
2026/07/12 23:50:33.129, 0, 12, 8078, 87.28
2026/07/12 23:50:33.197, 1, 13, 8078, 80.25
2026/07/12 23:50:33.197, 2, 17, 8078, 83.09
2026/07/12 23:50:33.197, 3, 14, 8078, 85.72
2026/07/12 23:50:33.198, 4, 7, 8078, 92.68
2026/07/12 23:50:33.198, 5, 8, 8078, 83.55
2026/07/12 23:50:33.198, 6, 17, 8078, 92.30
2026/07/12 23:50:33.198, 7, 19, 8078, 88.57
2026/07/12 23:50:34.198, 0, 90, 8078, 189.96
2026/07/12 23:50:34.199, 1, 100, 8078, 196.51
2026/07/12 23:50:34.199, 2, 34, 8078, 168.46
2026/07/12 23:50:34.199, 3, 70, 8078, 193.97
2026/07/12 23:50:34.199, 4, 100, 8078, 142.09
2026/07/12 23:50:34.199, 5, 100, 8078, 139.64
2026/07/12 23:50:34.199, 6, 31, 8078, 145.20
2026/07/12 23:50:34.199, 7, 20, 8078, 138.86
2026/07/12 23:50:35.199, 0, 82, 8078, 86.05
2026/07/12 23:50:35.204, 1, 66, 8078, 74.01
2026/07/12 23:50:35.204, 2, 100, 8078, 75.09
2026/07/12 23:50:35.204, 3, 100, 8078, 76.96
2026/07/12 23:50:35.204, 4, 100, 8078, 110.20
2026/07/12 23:50:35.204, 5, 66, 8078, 115.74
2026/07/12 23:50:35.204, 6, 100, 8078, 99.01
2026/07/12 23:50:35.204, 7, 100, 8078, 148.71
2026/07/12 23:50:36.204, 0, 11, 8078, 82.60
2026/07/12 23:50:36.208, 1, 11, 8078, 77.63
2026/07/12 23:50:36.208, 2, 11, 8078, 78.07
2026/07/12 23:50:36.208, 3, 11, 8078, 82.84
2026/07/12 23:50:36.208, 4, 11, 8078, 89.45
2026/07/12 23:50:36.208, 5, 14, 8078, 80.93
2026/07/12 23:50:36.208, 6, 11, 8078, 89.63
2026/07/12 23:50:36.208, 7, 11, 8078, 85.44
2026/07/12 23:50:37.208, 0, 17, 8078, 86.14
2026/07/12 23:50:37.208, 1, 17, 8078, 80.58
2026/07/12 23:50:37.208, 2, 17, 8078, 74.57
2026/07/12 23:50:37.208, 3, 17, 8078, 84.58
2026/07/12 23:50:37.208, 4, 15, 8078, 70.29
2026/07/12 23:50:37.208, 5, 14, 8078, 83.28
2026/07/12 23:50:37.208, 6, 15, 8078, 69.20
2026/07/12 23:50:37.208, 7, 15, 8078, 66.92
2026/07/12 23:50:38.208, 0, 100, 8078, 206.74
2026/07/12 23:50:38.208, 1, 100, 8078, 207.61
2026/07/12 23:50:38.208, 2, 100, 8078, 212.78
2026/07/12 23:50:38.208, 3, 100, 8078, 194.31
2026/07/12 23:50:38.208, 4, 100, 8078, 198.60
2026/07/12 23:50:38.208, 5, 100, 8078, 187.16
2026/07/12 23:50:38.208, 6, 100, 8078, 199.40
2026/07/12 23:50:38.208, 7, 100, 8078, 194.05
2026/07/12 23:50:39.209, 0, 12, 8078, 82.60
2026/07/12 23:50:39.237, 1, 12, 8078, 77.36
2026/07/12 23:50:39.237, 2, 20, 8078, 78.39
2026/07/12 23:50:39.237, 3, 12, 8078, 81.04
2026/07/12 23:50:39.237, 4, 14, 8078, 89.73
2026/07/12 23:50:39.238, 5, 15, 8078, 80.93
2026/07/12 23:50:39.238, 6, 11, 8078, 89.08
2026/07/12 23:50:39.238, 7, 12, 8078, 84.84
2026/07/12 23:50:40.238, 0, 17, 8078, 85.81
2026/07/12 23:50:40.240, 1, 17, 8078, 81.13
2026/07/12 23:50:40.249, 2, 17, 8078, 80.74
2026/07/12 23:50:40.249, 3, 16, 8078, 83.38
2026/07/12 23:50:40.249, 4, 15, 8078, 91.21
2026/07/12 23:50:40.249, 5, 16, 8078, 82.68
2026/07/12 23:50:40.249, 6, 15, 8078, 90.83
2026/07/12 23:50:40.249, 7, 15, 8078, 86.92
2026/07/12 23:50:41.249, 0, 100, 8078, 219.91
2026/07/12 23:50:41.295, 1, 100, 8078, 215.50
2026/07/12 23:50:41.295, 2, 100, 8078, 217.79
2026/07/12 23:50:41.295, 3, 100, 8078, 215.06
2026/07/12 23:50:41.296, 4, 100, 8078, 216.17
2026/07/12 23:50:41.296, 5, 100, 8078, 211.42
2026/07/12 23:50:41.296, 6, 100, 8078, 214.36
2026/07/12 23:50:41.298, 7, 100, 8078, 206.95
2026/07/12 23:50:42.298, 0, 100, 8078, 106.04
2026/07/12 23:50:42.301, 1, 98, 8078, 95.51
2026/07/12 23:50:42.301, 2, 76, 8078, 80.42
2026/07/12 23:50:42.301, 3, 90, 8078, 100.10
2026/07/12 23:50:42.302, 4, 45, 8078, 95.58
2026/07/12 23:50:42.302, 5, 45, 8078, 89.72
2026/07/12 23:50:42.302, 6, 30, 8078, 174.76
2026/07/12 23:50:42.302, 7, 46, 8078, 91.61
2026/07/12 23:50:43.309, 0, 11, 8078, 83.46
2026/07/12 23:50:43.311, 1, 13, 8078, 77.04
2026/07/12 23:50:43.311, 2, 14, 8078, 75.17
2026/07/12 23:50:43.311, 3, 11, 8078, 82.23
2026/07/12 23:50:43.311, 4, 2, 8078, 89.73
2026/07/12 23:50:43.311, 5, 11, 8078, 80.93
2026/07/12 23:50:43.311, 6, 11, 8078, 88.16
2026/07/12 23:50:43.311, 7, 11, 8078, 84.24
2026/07/12 23:50:44.311, 0, 22, 8078, 119.23
2026/07/12 23:50:44.313, 1, 22, 8078, 136.24
2026/07/12 23:50:44.313, 2, 21, 8078, 136.38
2026/07/12 23:50:44.313, 3, 21, 8078, 64.97
2026/07/12 23:50:44.313, 4, 20, 8078, 69.69
2026/07/12 23:50:44.313, 5, 16, 8078, 65.38
2026/07/12 23:50:44.313, 6, 20, 8078, 69.13
2026/07/12 23:50:44.313, 7, 20, 8078, 66.32
2026/07/12 23:50:45.313, 0, 100, 8078, 204.40
2026/07/12 23:50:45.314, 1, 100, 8078, 191.83
2026/07/12 23:50:45.314, 2, 100, 8078, 186.34
2026/07/12 23:50:45.314, 3, 100, 8078, 192.31
2026/07/12 23:50:45.314, 4, 100, 8078, 222.06
2026/07/12 23:50:45.314, 5, 100, 8078, 196.72
2026/07/12 23:50:45.314, 6, 100, 8078, 217.84
2026/07/12 23:50:45.314, 7, 100, 8078, 215.45
2026/07/12 23:50:46.314, 0, 72, 8078, 82.92
2026/07/12 23:50:46.321, 1, 68, 8078, 77.04
2026/07/12 23:50:46.321, 2, 48, 8078, 78.39
2026/07/12 23:50:46.321, 3, 78, 8078, 81.04
2026/07/12 23:50:46.321, 4, 81, 8078, 112.88
2026/07/12 23:50:46.321, 5, 92, 8078, 80.66
2026/07/12 23:50:46.321, 6, 19, 8078, 88.75
2026/07/12 23:50:46.322, 7, 22, 8078, 84.84
2026/07/12 23:50:47.328, 0, 12, 8078, 85.54
2026/07/12 23:50:47.333, 1, 13, 8078, 79.98
2026/07/12 23:50:47.333, 2, 11, 8078, 80.42
2026/07/12 23:50:47.333, 3, 16, 8078, 83.38
2026/07/12 23:50:47.333, 4, 7, 8078, 93.55
2026/07/12 23:50:47.333, 5, 19, 8078, 85.02
2026/07/12 23:50:47.333, 6, 11, 8078, 92.57
2026/07/12 23:50:47.333, 7, 8, 8078, 85.90
2026/07/12 23:50:48.333, 0, 91, 8078, 199.40
2026/07/12 23:50:48.333, 1, 100, 8078, 195.32
2026/07/12 23:50:48.333, 2, 100, 8078, 196.92
2026/07/12 23:50:48.333, 3, 71, 8078, 193.10
2026/07/12 23:50:48.333, 4, 20, 8078, 192.90
2026/07/12 23:50:48.335, 5, 26, 8078, 187.62
2026/07/12 23:50:48.335, 6, 30, 8078, 145.47
2026/07/12 23:50:48.341, 7, 97, 8078, 196.12
2026/07/12 23:50:49.341, 0, 82, 8078, 85.54
2026/07/12 23:50:49.349, 1, 68, 8078, 79.38
2026/07/12 23:50:49.349, 2, 56, 8078, 75.09
2026/07/12 23:50:49.349, 3, 44, 8078, 83.71
2026/07/12 23:50:49.349, 4, 84, 8078, 93.23
2026/07/12 23:50:49.349, 5, 100, 8078, 77.44
2026/07/12 23:50:49.349, 6, 100, 8078, 96.39
2026/07/12 23:50:49.358, 7, 100, 8078, 81.62
2026/07/12 23:50:50.367, 0, 11, 8078, 85.54
2026/07/12 23:50:50.370, 1, 11, 8078, 77.90
2026/07/12 23:50:50.380, 2, 11, 8078, 79.87
2026/07/12 23:50:50.380, 3, 16, 8078, 82.84
2026/07/12 23:50:50.380, 4, 12, 8078, 91.21
2026/07/12 23:50:50.380, 5, 12, 8078, 81.21
2026/07/12 23:50:50.380, 6, 11, 8078, 89.63
2026/07/12 23:50:50.380, 7, 11, 8078, 85.99
2026/07/12 23:50:51.380, 0, 17, 8078, 86.41
2026/07/12 23:50:51.382, 1, 17, 8078, 173.57
2026/07/12 23:50:51.382, 2, 17, 8078, 119.48
2026/07/12 23:50:51.384, 3, 17, 8078, 131.28
2026/07/12 23:50:51.384, 4, 18, 8078, 69.94
2026/07/12 23:50:51.384, 5, 20, 8078, 65.31
2026/07/12 23:50:51.384, 6, 17, 8078, 97.86
2026/07/12 23:50:51.384, 7, 16, 8078, 66.85
2026/07/12 23:50:52.384, 0, 100, 8078, 190.97
2026/07/12 23:50:52.384, 1, 100, 8078, 183.94
2026/07/12 23:50:52.384, 2, 100, 8078, 196.05
2026/07/12 23:50:52.384, 3, 100, 8078, 186.63
2026/07/12 23:50:52.384, 4, 100, 8078, 206.18
2026/07/12 23:50:52.384, 5, 100, 8078, 195.25
2026/07/12 23:50:52.385, 6, 100, 8078, 205.27
2026/07/12 23:50:52.385, 7, 100, 8078, 214.85
2026/07/12 23:50:53.385, 0, 12, 8078, 82.60
2026/07/12 23:50:53.439, 1, 12, 8078, 77.04
2026/07/12 23:50:53.440, 2, 12, 8078, 78.07
2026/07/12 23:50:53.440, 3, 12, 8078, 81.04
2026/07/12 23:50:53.440, 4, 12, 8078, 89.73
2026/07/12 23:50:53.440, 5, 12, 8078, 80.06
2026/07/12 23:50:53.440, 6, 12, 8078, 88.48
2026/07/12 23:50:53.440, 7, 11, 8078, 83.97
2026/07/12 23:50:54.440, 0, 17, 8078, 86.14
2026/07/12 23:50:54.450, 1, 17, 8078, 80.85
2026/07/12 23:50:54.459, 2, 17, 8078, 81.89
2026/07/12 23:50:54.459, 3, 16, 8078, 84.85
2026/07/12 23:50:54.459, 4, 15, 8078, 92.08
2026/07/12 23:50:54.459, 5, 16, 8078, 82.13
2026/07/12 23:50:54.459, 6, 13, 8078, 90.83
2026/07/12 23:50:54.459, 7, 16, 8078, 87.19
2026/07/12 23:50:55.460, 0, 100, 8078, 224.26
2026/07/12 23:50:55.460, 1, 100, 8078, 219.91
2026/07/12 23:50:55.460, 2, 100, 8078, 217.47
2026/07/12 23:50:55.461, 3, 100, 8078, 216.24
2026/07/12 23:50:55.573, 4, 100, 8078, 231.45
2026/07/12 23:50:55.573, 5, 100, 8078, 218.71
2026/07/12 23:50:55.573, 6, 100, 8078, 225.73
2026/07/12 23:50:55.573, 7, 100, 8078, 222.48
2026/07/12 23:50:56.574, 0, 22, 8078, 83.19
2026/07/12 23:50:56.583, 1, 22, 8078, 77.63
2026/07/12 23:50:56.583, 2, 17, 8078, 79.27
2026/07/12 23:50:56.583, 3, 12, 8078, 81.64
2026/07/12 23:50:56.583, 4, 11, 8078, 90.60
2026/07/12 23:50:56.583, 5, 12, 8078, 80.33
2026/07/12 23:50:56.583, 6, 22, 8078, 89.08
2026/07/12 23:50:56.583, 7, 35, 8078, 84.57
2026/07/12 23:50:57.583, 0, 12, 8078, 85.54
2026/07/12 23:50:57.583, 1, 16, 8078, 79.98
2026/07/12 23:50:57.583, 2, 17, 8078, 81.29
2026/07/12 23:50:57.584, 3, 16, 8078, 83.11
2026/07/12 23:50:57.584, 4, 15, 8078, 91.80
2026/07/12 23:50:57.584, 5, 16, 8078, 82.40
2026/07/12 23:50:57.584, 6, 7, 8078, 89.08
2026/07/12 23:50:57.584, 7, 8, 8078, 86.59
2026/07/12 23:50:58.584, 0, 100, 8078, 207.61
2026/07/12 23:50:58.591, 1, 100, 8078, 203.53
2026/07/12 23:50:58.591, 2, 100, 8078, 206.36
2026/07/12 23:50:58.591, 3, 100, 8078, 203.00
2026/07/12 23:50:58.591, 4, 100, 8078, 207.99
2026/07/12 23:50:58.591, 5, 100, 8078, 201.07
2026/07/12 23:50:58.591, 6, 94, 8078, 206.41
2026/07/12 23:50:58.591, 7, 72, 8078, 196.99
2026/07/12 23:50:59.591, 0, 45, 8078, 82.05
2026/07/12 23:50:59.613, 1, 64, 8078, 75.89
2026/07/12 23:50:59.613, 2, 73, 8078, 78.39
2026/07/12 23:50:59.613, 3, 73, 8078, 87.52
2026/07/12 23:50:59.613, 4, 29, 8078, 88.85
2026/07/12 23:50:59.613, 5, 33, 8078, 80.33
2026/07/12 23:50:59.613, 6, 78, 8078, 88.75
2026/07/12 23:50:59.613, 7, 98, 8078, 80.14
2026/07/12 23:51:00.613, 0, 15, 8078, 77.36
2026/07/12 23:51:00.616, 1, 15, 8078, 71.47
2026/07/12 23:51:00.616, 2, 18, 8078, 79.87
2026/07/12 23:51:00.616, 3, 13, 8078, 76.08
2026/07/12 23:51:00.616, 4, 18, 8078, 90.60
2026/07/12 23:51:00.616, 5, 17, 8078, 74.77
2026/07/12 23:51:00.617, 6, 14, 8078, 83.19
2026/07/12 23:51:00.617, 7, 11, 8078, 78.67
2026/07/12 23:51:01.625, 0, 17, 8078, 140.65
2026/07/12 23:51:01.627, 1, 25, 8078, 138.44
2026/07/12 23:51:01.629, 2, 42, 8078, 186.86
2026/07/12 23:51:01.629, 3, 82, 8078, 138.30
2026/07/12 23:51:01.629, 4, 21, 8078, 70.55
2026/07/12 23:51:01.629, 5, 20, 8078, 130.41
2026/07/12 23:51:01.629, 6, 20, 8078, 105.16
2026/07/12 23:51:01.630, 7, 20, 8078, 132.75
2026/07/12 23:51:02.630, 0, 100, 8078, 80.49
2026/07/12 23:51:02.638, 1, 100, 8078, 93.95
2026/07/12 23:51:02.639, 2, 100, 8078, 89.17
2026/07/12 23:51:02.639, 3, 100, 8078, 86.23
2026/07/12 23:51:02.639, 4, 100, 8078, 193.50
2026/07/12 23:51:02.639, 5, 100, 8078, 182.66
2026/07/12 23:51:02.639, 6, 100, 8078, 208.10
2026/07/12 23:51:02.639, 7, 100, 8078, 189.02
2026/07/12 23:51:03.640, 0, 11, 8078, 82.60
2026/07/12 23:51:03.640, 1, 12, 8078, 77.36
2026/07/12 23:51:03.641, 2, 11, 8078, 78.39
2026/07/12 23:51:03.641, 3, 12, 8078, 81.37
2026/07/12 23:51:03.641, 4, 10, 8078, 90.00
2026/07/12 23:51:03.641, 5, 11, 8078, 80.06
2026/07/12 23:51:03.642, 6, 11, 8078, 88.75
2026/07/12 23:51:03.642, 7, 11, 8078, 85.11
2026/07/12 23:51:04.642, 0, 17, 8078, 86.14
2026/07/12 23:51:04.677, 1, 18, 8078, 80.58
2026/07/12 23:51:04.677, 2, 17, 8078, 71.90
2026/07/12 23:51:04.677, 3, 16, 8078, 84.31
2026/07/12 23:51:04.677, 4, 17, 8078, 71.49
2026/07/12 23:51:04.677, 5, 15, 8078, 65.38
2026/07/12 23:51:04.677, 6, 16, 8078, 70.40
2026/07/12 23:51:04.677, 7, 16, 8078, 67.19
2026/07/12 23:51:05.677, 0, 100, 8078, 210.82
2026/07/12 23:51:05.680, 1, 100, 8078, 209.08
2026/07/12 23:51:05.687, 2, 100, 8078, 215.73
2026/07/12 23:51:05.688, 3, 100, 8078, 191.43
2026/07/12 23:51:05.689, 4, 100, 8078, 257.54
2026/07/12 23:51:05.691, 5, 100, 8078, 187.43
2026/07/12 23:51:05.692, 6, 100, 8078, 216.97
2026/07/12 23:51:05.692, 7, 100, 8078, 224.82
2026/07/12 23:51:06.692, 0, 12, 8078, 83.46
2026/07/12 23:51:06.693, 1, 12, 8078, 77.36
2026/07/12 23:51:06.701, 2, 12, 8078, 78.94
2026/07/12 23:51:06.701, 3, 26, 8078, 81.64
2026/07/12 23:51:06.701, 4, 11, 8078, 91.48
2026/07/12 23:51:06.702, 5, 11, 8078, 80.33
2026/07/12 23:51:06.702, 6, 12, 8078, 89.08
2026/07/12 23:51:06.702, 7, 12, 8078, 84.57
2026/07/12 23:51:07.702, 0, 17, 8078, 86.14
2026/07/12 23:51:07.709, 1, 17, 8078, 80.25
2026/07/12 23:51:07.709, 2, 17, 8078, 81.29
2026/07/12 23:51:07.710, 3, 11, 8078, 83.38
2026/07/12 23:51:07.710, 4, 15, 8078, 92.08
2026/07/12 23:51:07.710, 5, 16, 8078, 83.01
2026/07/12 23:51:07.710, 6, 15, 8078, 90.50
2026/07/12 23:51:07.710, 7, 15, 8078, 86.92
2026/07/12 23:51:08.710, 0, 100, 8078, 209.08
2026/07/12 23:51:08.720, 1, 100, 8078, 210.55
2026/07/12 23:51:08.730, 2, 100, 8078, 207.22
2026/07/12 23:51:08.737, 3, 100, 8078, 216.79
2026/07/12 23:51:08.737, 4, 100, 8078, 212.68
2026/07/12 23:51:08.737, 5, 100, 8078, 200.87
2026/07/12 23:51:08.737, 6, 100, 8078, 207.61
2026/07/12 23:51:08.738, 7, 100, 8078, 209.89
2026/07/12 23:51:09.738, 0, 64, 8078, 94.92
2026/07/12 23:51:09.738, 1, 61, 8078, 76.43
2026/07/12 23:51:09.739, 2, 72, 8078, 81.62
2026/07/12 23:51:09.739, 3, 71, 8078, 82.23
2026/07/12 23:51:09.739, 4, 22, 8078, 95.31
2026/07/12 23:51:09.739, 5, 28, 8078, 80.93
2026/07/12 23:51:09.739, 6, 15, 8078, 88.75
2026/07/12 23:51:09.739, 7, 28, 8078, 84.84
2026/07/12 23:51:10.739, 0, 6, 8078, 83.19
2026/07/12 23:51:10.739, 1, 10, 8078, 77.90
2026/07/12 23:51:10.739, 2, 6, 8078, 78.94
2026/07/12 23:51:10.739, 3, 12, 8078, 83.98
2026/07/12 23:51:10.739, 4, 19, 8078, 93.55
2026/07/12 23:51:10.740, 5, 2, 8078, 75.09
2026/07/12 23:51:10.740, 6, 0, 8078, 84.07
2026/07/12 23:51:10.740, 7, 17, 8078, 88.07
2026/07/12 23:51:11.740, 0, 24, 8078, 135.97
2026/07/12 23:51:11.751, 1, 44, 8078, 62.10
2026/07/12 23:51:11.751, 2, 22, 8078, 122.03
2026/07/12 23:51:11.752, 3, 82, 8078, 196.79
2026/07/12 23:51:11.752, 4, 20, 8078, 143.12
2026/07/12 23:51:11.752, 5, 20, 8078, 65.38
2026/07/12 23:51:11.752, 6, 20, 8078, 69.40
2026/07/12 23:51:11.752, 7, 20, 8078, 141.08
2026/07/12 23:51:12.752, 0, 100, 8078, 198.52
2026/07/12 23:51:12.753, 1, 100, 8078, 187.43
2026/07/12 23:51:12.753, 2, 100, 8078, 193.10
2026/07/12 23:51:12.753, 3, 90, 8078, 86.14
2026/07/12 23:51:12.753, 4, 100, 8078, 109.80
2026/07/12 23:51:12.753, 5, 100, 8078, 218.34
2026/07/12 23:51:12.753, 6, 100, 8078, 214.63
2026/07/12 23:51:12.753, 7, 100, 8078, 195.12
2026/07/12 23:51:13.753, 0, 22, 8078, 83.46
2026/07/12 23:51:13.753, 1, 23, 8078, 77.36
2026/07/12 23:51:13.753, 2, 71, 8078, 78.67
2026/07/12 23:51:13.753, 3, 31, 8078, 76.96
2026/07/12 23:51:13.753, 4, 51, 8078, 84.42
2026/07/12 23:51:13.753, 5, 44, 8078, 82.40
2026/07/12 23:51:13.753, 6, 21, 8078, 91.10
2026/07/12 23:51:13.754, 7, 42, 8078, 84.84
2026/07/12 23:51:14.754, 0, 12, 8078, 82.60
2026/07/12 23:51:14.754, 1, 14, 8078, 79.98
2026/07/12 23:51:14.754, 2, 12, 8078, 81.01
2026/07/12 23:51:14.754, 3, 18, 8078, 75.81
2026/07/12 23:51:14.754, 4, 11, 8078, 90.33
2026/07/12 23:51:14.754, 5, 16, 8078, 84.48
2026/07/12 23:51:14.755, 6, 7, 8078, 92.57
2026/07/12 23:51:14.755, 7, 11, 8078, 84.57
2026/07/12 23:51:15.755, 0, 100, 8078, 201.40
2026/07/12 23:51:15.760, 1, 100, 8078, 197.38
2026/07/12 23:51:15.760, 2, 94, 8078, 193.10
2026/07/12 23:51:15.760, 3, 51, 8078, 183.75
2026/07/12 23:51:15.760, 4, 21, 8078, 70.55
2026/07/12 23:51:15.760, 5, 16, 8078, 182.07
2026/07/12 23:51:15.760, 6, 91, 8078, 143.12
2026/07/12 23:51:15.769, 7, 20, 8078, 66.58
2026/07/12 23:51:16.780, 0, 100, 8078, 85.54
2026/07/12 23:51:16.782, 1, 94, 8078, 79.71
2026/07/12 23:51:16.782, 2, 79, 8078, 80.33
2026/07/12 23:51:16.782, 3, 100, 8078, 205.33
2026/07/12 23:51:16.782, 4, 100, 8078, 212.18
2026/07/12 23:51:16.782, 5, 100, 8078, 79.38
2026/07/12 23:51:16.782, 6, 82, 8078, 89.95
2026/07/12 23:51:16.782, 7, 100, 8078, 222.11
2026/07/12 23:51:17.782, 0, 40, 8078, 83.80
2026/07/12 23:51:17.785, 1, 36, 8078, 77.63
2026/07/12 23:51:17.785, 2, 21, 8078, 78.67
2026/07/12 23:51:17.785, 3, 12, 8078, 81.64
2026/07/12 23:51:17.785, 4, 18, 8078, 90.33
2026/07/12 23:51:17.785, 5, 16, 8078, 80.66
2026/07/12 23:51:17.785, 6, 11, 8078, 89.08
2026/07/12 23:51:17.785, 7, 16, 8078, 84.57
2026/07/12 23:51:18.785, 0, 11, 8078, 85.54
2026/07/12 23:51:18.785, 1, 11, 8078, 79.98
2026/07/12 23:51:18.785, 2, 15, 8078, 80.74
2026/07/12 23:51:18.785, 3, 16, 8078, 83.71
2026/07/12 23:51:18.785, 4, 13, 8078, 92.68
2026/07/12 23:51:18.785, 5, 15, 8078, 82.68
2026/07/12 23:51:18.785, 6, 15, 8078, 90.83
2026/07/12 23:51:18.785, 7, 15, 8078, 86.59
2026/07/12 23:51:19.785, 0, 100, 8078, 212.29
2026/07/12 23:51:19.790, 1, 100, 8078, 208.21
2026/07/12 23:51:19.790, 2, 100, 8078, 208.69
2026/07/12 23:51:19.790, 3, 100, 8078, 206.31
2026/07/12 23:51:19.790, 4, 100, 8078, 204.16
2026/07/12 23:51:19.790, 5, 100, 8078, 203.21
2026/07/12 23:51:19.790, 6, 85, 8078, 211.09
2026/07/12 23:51:19.790, 7, 100, 8078, 200.20
2026/07/12 23:51:20.790, 0, 45, 8078, 84.67
2026/07/12 23:51:20.835, 1, 48, 8078, 79.38
2026/07/12 23:51:20.835, 2, 42, 8078, 93.04
2026/07/12 23:51:20.835, 3, 70, 8078, 80.49
2026/07/12 23:51:20.835, 4, 42, 8078, 92.95
2026/07/12 23:51:20.835, 5, 36, 8078, 107.24
2026/07/12 23:51:20.836, 6, 87, 8078, 108.98
2026/07/12 23:51:20.836, 7, 20, 8078, 127.26
2026/07/12 23:51:21.836, 0, 12, 8078, 87.61
2026/07/12 23:51:21.843, 1, 13, 8078, 81.72
2026/07/12 23:51:21.843, 2, 15, 8078, 81.89
2026/07/12 23:51:21.843, 3, 18, 8078, 86.65
2026/07/12 23:51:21.843, 4, 16, 8078, 84.14
2026/07/12 23:51:21.843, 5, 18, 8078, 82.13
2026/07/12 23:51:21.843, 6, 12, 8078, 86.14
2026/07/12 23:51:21.844, 7, 8, 8078, 87.19
2026/07/12 23:51:22.844, 0, 17, 8078, 196.51
2026/07/12 23:51:22.846, 1, 17, 8078, 183.81
2026/07/12 23:51:22.846, 2, 16, 8078, 166.12
2026/07/12 23:51:22.846, 3, 50, 8078, 191.90
2026/07/12 23:51:22.847, 4, 22, 8078, 142.70
2026/07/12 23:51:22.848, 5, 21, 8078, 138.44
2026/07/12 23:51:22.848, 6, 20, 8078, 139.91
2026/07/12 23:51:22.849, 7, 70, 8078, 137.12
2026/07/12 23:51:23.849, 0, 97, 8078, 84.67
2026/07/12 23:51:23.852, 1, 100, 8078, 79.90
2026/07/12 23:51:23.852, 2, 100, 8078, 186.67
2026/07/12 23:51:23.852, 3, 100, 8078, 84.49
2026/07/12 23:51:23.852, 4, 100, 8078, 119.60
2026/07/12 23:51:23.852, 5, 100, 8078, 133.89
2026/07/12 23:51:23.852, 6, 100, 8078, 197.26
2026/07/12 23:51:23.853, 7, 100, 8078, 188.69
2026/07/12 23:51:24.863, 0, 11, 8078, 82.92
2026/07/12 23:51:24.863, 1, 11, 8078, 77.90
2026/07/12 23:51:24.863, 2, 11, 8078, 78.07
2026/07/12 23:51:24.863, 3, 11, 8078, 81.37
2026/07/12 23:51:24.863, 4, 11, 8078, 90.33
2026/07/12 23:51:24.863, 5, 11, 8078, 80.33
2026/07/12 23:51:24.863, 6, 12, 8078, 89.08
2026/07/12 23:51:24.863, 7, 11, 8078, 84.24
2026/07/12 23:51:25.863, 0, 17, 8078, 86.41
2026/07/12 23:51:25.866, 1, 18, 8078, 80.58
2026/07/12 23:51:25.866, 2, 17, 8078, 81.29
2026/07/12 23:51:25.866, 3, 17, 8078, 84.85
2026/07/12 23:51:25.867, 4, 17, 8078, 94.16
2026/07/12 23:51:25.867, 5, 16, 8078, 83.88
2026/07/12 23:51:25.867, 6, 15, 8078, 91.70
2026/07/12 23:51:25.868, 7, 15, 8078, 66.92
2026/07/12 23:51:26.868, 0, 100, 8078, 192.38
2026/07/12 23:51:26.872, 1, 100, 8078, 194.71
2026/07/12 23:51:26.872, 2, 100, 8078, 191.71
2026/07/12 23:51:26.872, 3, 100, 8078, 202.51
2026/07/12 23:51:26.872, 4, 100, 8078, 204.92
2026/07/12 23:51:26.872, 5, 100, 8078, 216.97
2026/07/12 23:51:26.872, 6, 100, 8078, 224.35
2026/07/12 23:51:26.872, 7, 100, 8078, 223.62
2026/07/12 23:51:27.873, 0, 15, 8078, 82.92
2026/07/12 23:51:27.881, 1, 13, 8078, 77.90
2026/07/12 23:51:27.881, 2, 12, 8078, 78.67
2026/07/12 23:51:27.881, 3, 18, 8078, 82.23
2026/07/12 23:51:27.881, 4, 21, 8078, 90.00
2026/07/12 23:51:27.882, 5, 20, 8078, 80.93
2026/07/12 23:51:27.890, 6, 11, 8078, 89.36
2026/07/12 23:51:27.899, 7, 20, 8078, 84.84
2026/07/12 23:51:28.899, 0, 17, 8078, 85.54
2026/07/12 23:51:28.899, 1, 17, 8078, 80.25
2026/07/12 23:51:28.899, 2, 16, 8078, 80.74
2026/07/12 23:51:28.899, 3, 16, 8078, 83.71
2026/07/12 23:51:28.899, 4, 8, 8078, 92.36
2026/07/12 23:51:28.899, 5, 12, 8078, 83.01
2026/07/12 23:51:28.899, 6, 15, 8078, 90.83
2026/07/12 23:51:28.899, 7, 8, 8078, 86.22
2026/07/12 23:51:29.899, 0, 100, 8078, 209.08
2026/07/12 23:51:29.900, 1, 100, 8078, 203.53
2026/07/12 23:51:29.900, 2, 100, 8078, 205.48
2026/07/12 23:51:29.900, 3, 100, 8078, 210.65
2026/07/12 23:51:29.900, 4, 100, 8078, 209.13
2026/07/12 23:51:29.900, 5, 100, 8078, 202.33
2026/07/12 23:51:29.900, 6, 100, 8078, 208.76
2026/07/12 23:51:29.900, 7, 81, 8078, 192.58
2026/07/12 23:51:30.901, 0, 76, 8078, 89.63
2026/07/12 23:51:30.970, 1, 94, 8078, 81.72
2026/07/12 23:51:30.970, 2, 93, 8078, 131.96
2026/07/12 23:51:30.970, 3, 57, 8078, 79.63
2026/07/12 23:51:30.971, 4, 60, 8078, 93.46
2026/07/12 23:51:30.971, 5, 43, 8078, 80.93
2026/07/12 23:51:30.971, 6, 31, 8078, 89.08
2026/07/12 23:51:30.971, 7, 90, 8078, 85.72
2026/07/12 23:51:31.971, 0, 17, 8078, 86.74
2026/07/12 23:51:31.978, 1, 17, 8078, 81.72
2026/07/12 23:51:31.978, 2, 17, 8078, 82.49
2026/07/12 23:51:31.979, 3, 12, 8078, 81.64
2026/07/12 23:51:31.979, 4, 17, 8078, 84.42
2026/07/12 23:51:31.979, 5, 13, 8078, 81.54
2026/07/12 23:51:31.979, 6, 15, 8078, 83.80
2026/07/12 23:51:31.979, 7, 13, 8078, 79.54
2026/07/12 23:51:32.979, 0, 38, 8078, 180.60
2026/07/12 23:51:32.987, 1, 39, 8078, 178.85
2026/07/12 23:51:32.987, 2, 62, 8078, 189.88
2026/07/12 23:51:32.987, 3, 100, 8078, 140.91
2026/07/12 23:51:32.987, 4, 43, 8078, 149.74
2026/07/12 23:51:32.987, 5, 52, 8078, 180.87
2026/07/12 23:51:32.987, 6, 20, 8078, 139.31
2026/07/12 23:51:32.987, 7, 20, 8078, 85.90
2026/07/12 23:51:33.987, 0, 100, 8078, 86.05
2026/07/12 23:51:33.987, 1, 100, 8078, 82.51
2026/07/12 23:51:33.988, 2, 100, 8078, 80.93
2026/07/12 23:51:33.988, 3, 74, 8078, 111.42
2026/07/12 23:51:33.988, 4, 100, 8078, 211.10
2026/07/12 23:51:33.988, 5, 100, 8078, 190.24
2026/07/12 23:51:33.988, 6, 100, 8078, 207.56
2026/07/12 23:51:33.988, 7, 100, 8078, 197.46
2026/07/12 23:51:34.988, 0, 11, 8078, 83.19
2026/07/12 23:51:34.988, 1, 11, 8078, 77.36
2026/07/12 23:51:34.988, 2, 11, 8078, 77.79
2026/07/12 23:51:34.988, 3, 11, 8078, 81.04
2026/07/12 23:51:34.988, 4, 11, 8078, 90.00
2026/07/12 23:51:34.988, 5, 11, 8078, 80.66
2026/07/12 23:51:34.988, 6, 11, 8078, 88.75
2026/07/12 23:51:34.988, 7, 12, 8078, 84.57
2026/07/12 23:51:35.988, 0, 17, 8078, 86.14
2026/07/12 23:51:35.993, 1, 17, 8078, 81.13
2026/07/12 23:51:35.994, 2, 17, 8078, 81.29
2026/07/12 23:51:36.004, 3, 17, 8078, 84.31
2026/07/12 23:51:36.004, 4, 17, 8078, 94.70
2026/07/12 23:51:36.014, 5, 16, 8078, 83.88
2026/07/12 23:51:36.014, 6, 14, 8078, 70.33
2026/07/12 23:51:36.014, 7, 15, 8078, 86.92
2026/07/12 23:51:37.015, 0, 100, 8078, 198.85
2026/07/12 23:51:37.015, 1, 100, 8078, 197.65
2026/07/12 23:51:37.015, 2, 100, 8078, 197.26
2026/07/12 23:51:37.015, 3, 100, 8078, 208.32
2026/07/12 23:51:37.015, 4, 100, 8078, 226.16
2026/07/12 23:51:37.015, 5, 100, 8078, 229.86
2026/07/12 23:51:37.015, 6, 100, 8078, 226.60
2026/07/12 23:51:37.015, 7, 100, 8078, 217.47
2026/07/12 23:51:38.015, 0, 23, 8078, 83.19
2026/07/12 23:51:38.016, 1, 22, 8078, 78.23
2026/07/12 23:51:38.016, 2, 17, 8078, 78.67
2026/07/12 23:51:38.016, 3, 12, 8078, 81.37
2026/07/12 23:51:38.016, 4, 11, 8078, 90.60
2026/07/12 23:51:38.026, 5, 12, 8078, 81.54
2026/07/12 23:51:38.036, 6, 21, 8078, 89.63
2026/07/12 23:51:38.036, 7, 11, 8078, 84.84
2026/07/12 23:51:39.037, 0, 14, 8078, 85.81
2026/07/12 23:51:39.037, 1, 17, 8078, 80.25
2026/07/12 23:51:39.037, 2, 16, 8078, 80.74
2026/07/12 23:51:39.037, 3, 10, 8078, 83.38
2026/07/12 23:51:39.037, 4, 15, 8078, 92.08
2026/07/12 23:51:39.037, 5, 16, 8078, 82.68
2026/07/12 23:51:39.037, 6, 9, 8078, 90.22
2026/07/12 23:51:39.037, 7, 15, 8078, 85.44
2026/07/12 23:51:40.037, 0, 100, 8078, 209.95
2026/07/12 23:51:40.042, 1, 100, 8078, 205.00
2026/07/12 23:51:40.042, 2, 100, 8078, 199.81
2026/07/12 23:51:40.043, 3, 100, 8078, 208.92
2026/07/12 23:51:40.045, 4, 100, 8078, 205.91
2026/07/12 23:51:40.045, 5, 100, 8078, 201.73
2026/07/12 23:51:40.045, 6, 100, 8078, 208.76
2026/07/12 23:51:40.045, 7, 100, 8078, 201.07
2026/07/12 23:51:41.045, 0, 85, 8078, 87.89
2026/07/12 23:51:41.080, 1, 79, 8078, 81.45
2026/07/12 23:51:41.080, 2, 57, 8078, 77.79
2026/07/12 23:51:41.080, 3, 52, 8078, 80.17
2026/07/12 23:51:41.080, 4, 34, 8078, 89.73
2026/07/12 23:51:41.080, 5, 45, 8078, 94.31
2026/07/12 23:51:41.080, 6, 29, 8078, 180.33
2026/07/12 23:51:41.081, 7, 40, 8078, 83.97
2026/07/12 23:51:42.081, 0, 10, 8078, 83.19
2026/07/12 23:51:42.081, 1, 15, 8078, 78.23
2026/07/12 23:51:42.081, 2, 18, 8078, 78.94
2026/07/12 23:51:42.081, 3, 7, 8078, 82.51
2026/07/12 23:51:42.081, 4, 0, 8078, 84.42
2026/07/12 23:51:42.081, 5, 2, 8078, 80.93
2026/07/12 23:51:42.081, 6, 0, 8078, 83.46
2026/07/12 23:51:42.082, 7, 0, 8078, 78.94
2026/07/12 23:51:43.082, 0, 22, 8078, 66.85
2026/07/12 23:51:43.082, 1, 30, 8078, 134.17
2026/07/12 23:51:43.082, 2, 40, 8078, 63.97
2026/07/12 23:51:43.082, 3, 17, 8078, 65.84
2026/07/12 23:51:43.082, 4, 20, 8078, 69.69
2026/07/12 23:51:43.082, 5, 20, 8078, 65.71
2026/07/12 23:51:43.083, 6, 20, 8078, 69.47
2026/07/12 23:51:43.083, 7, 20, 8078, 66.04
2026/07/12 23:51:44.083, 0, 100, 8078, 205.27
2026/07/12 23:51:44.090, 1, 100, 8078, 221.15
2026/07/12 23:51:44.090, 2, 100, 8078, 210.44
2026/07/12 23:51:44.090, 3, 100, 8078, 221.19
2026/07/12 23:51:44.091, 4, 100, 8078, 222.94
2026/07/12 23:51:44.091, 5, 100, 8078, 221.38
2026/07/12 23:51:44.103, 6, 100, 8078, 215.77
2026/07/12 23:51:44.112, 7, 100, 8078, 206.95
2026/07/12 23:51:45.112, 0, 40, 8078, 129.67
2026/07/12 23:51:45.113, 1, 34, 8078, 159.79
2026/07/12 23:51:45.113, 2, 84, 8078, 84.24
2026/07/12 23:51:45.113, 3, 100, 8078, 82.51
2026/07/12 23:51:45.113, 4, 65, 8078, 118.45
2026/07/12 23:51:45.113, 5, 58, 8078, 105.77
2026/07/12 23:51:45.113, 6, 25, 8078, 102.55
2026/07/12 23:51:45.113, 7, 19, 8078, 87.46
2026/07/12 23:51:46.113, 0, 11, 8078, 87.89
2026/07/12 23:51:46.113, 1, 12, 8078, 82.05
2026/07/12 23:51:46.113, 2, 15, 8078, 82.77
2026/07/12 23:51:46.113, 3, 17, 8078, 85.45
2026/07/12 23:51:46.113, 4, 13, 8078, 92.95
2026/07/12 23:51:46.114, 5, 10, 8078, 85.02
2026/07/12 23:51:46.114, 6, 7, 8078, 91.43
2026/07/12 23:51:46.114, 7, 10, 8078, 87.98
2026/07/12 23:51:47.114, 0, 100, 8078, 151.90
2026/07/12 23:51:47.114, 1, 100, 8078, 188.22
2026/07/12 23:51:47.125, 2, 72, 8078, 191.90
2026/07/12 23:51:47.127, 3, 20, 8078, 193.10
2026/07/12 23:51:47.136, 4, 45, 8078, 156.19
2026/07/12 23:51:47.136, 5, 48, 8078, 165.07
2026/07/12 23:51:47.136, 6, 62, 8078, 139.64
2026/07/12 23:51:47.137, 7, 39, 8078, 138.86
2026/07/12 23:51:48.137, 0, 50, 8078, 85.72
2026/07/12 23:51:48.139, 1, 56, 8078, 76.35
2026/07/12 23:51:48.148, 2, 98, 8078, 74.77
2026/07/12 23:51:48.148, 3, 71, 8078, 77.74
2026/07/12 23:51:48.148, 4, 100, 8078, 93.55
2026/07/12 23:51:48.148, 5, 100, 8078, 201.94
2026/07/12 23:51:48.148, 6, 100, 8078, 200.20
2026/07/12 23:51:48.148, 7, 100, 8078, 206.57
2026/07/12 23:51:49.149, 0, 11, 8078, 83.19
2026/07/12 23:51:49.149, 1, 12, 8078, 77.36
2026/07/12 23:51:49.149, 2, 11, 8078, 77.20
2026/07/12 23:51:49.149, 3, 11, 8078, 81.96
2026/07/12 23:51:49.149, 4, 11, 8078, 90.87
2026/07/12 23:51:49.149, 5, 11, 8078, 80.93
2026/07/12 23:51:49.149, 6, 11, 8078, 88.48
2026/07/12 23:51:49.149, 7, 11, 8078, 84.16
2026/07/12 23:51:50.149, 0, 17, 8078, 137.71
2026/07/12 23:51:50.249, 1, 18, 8078, 64.23
2026/07/12 23:51:50.249, 2, 17, 8078, 69.00
2026/07/12 23:51:50.255, 3, 17, 8078, 68.46
2026/07/12 23:51:50.255, 4, 16, 8078, 71.49
2026/07/12 23:51:50.255, 5, 21, 8078, 65.38
2026/07/12 23:51:50.256, 6, 20, 8078, 70.00
2026/07/12 23:51:50.256, 7, 19, 8078, 66.65
2026/07/12 23:51:51.256, 0, 100, 8078, 187.43
2026/07/12 23:51:51.257, 1, 100, 8078, 182.15
2026/07/12 23:51:51.257, 2, 100, 8078, 189.02
2026/07/12 23:51:51.257, 3, 100, 8078, 193.65
2026/07/12 23:51:51.258, 4, 100, 8078, 217.04
2026/07/12 23:51:51.258, 5, 100, 8078, 205.00
2026/07/12 23:51:51.258, 6, 100, 8078, 205.27
2026/07/12 23:51:51.258, 7, 100, 8078, 197.86
2026/07/12 23:51:52.258, 0, 12, 8078, 82.92
2026/07/12 23:51:52.265, 1, 12, 8078, 77.04
2026/07/12 23:51:52.265, 2, 12, 8078, 78.07
2026/07/12 23:51:52.265, 3, 12, 8078, 81.37
2026/07/12 23:51:52.267, 4, 12, 8078, 90.00
2026/07/12 23:51:52.267, 5, 12, 8078, 80.66
2026/07/12 23:51:52.267, 6, 12, 8078, 88.48
2026/07/12 23:51:52.268, 7, 11, 8078, 84.24
2026/07/12 23:51:53.279, 0, 17, 8078, 86.41
2026/07/12 23:51:53.288, 1, 17, 8078, 80.85
2026/07/12 23:51:53.288, 2, 17, 8078, 81.62
2026/07/12 23:51:53.288, 3, 16, 8078, 84.31
2026/07/12 23:51:53.288, 4, 16, 8078, 92.68
2026/07/12 23:51:53.288, 5, 16, 8078, 83.88
2026/07/12 23:51:53.298, 6, 15, 8078, 90.22
2026/07/12 23:51:53.308, 7, 15, 8078, 86.31
2026/07/12 23:51:54.309, 0, 100, 8078, 223.99
2026/07/12 23:51:54.309, 1, 100, 8078, 219.58
2026/07/12 23:51:54.310, 2, 100, 8078, 221.00
2026/07/12 23:51:54.310, 3, 100, 8078, 218.85
2026/07/12 23:51:54.310, 4, 100, 8078, 218.24
2026/07/12 23:51:54.310, 5, 100, 8078, 216.97
2026/07/12 23:51:54.310, 6, 100, 8078, 222.29
2026/07/12 23:51:54.310, 7, 100, 8078, 212.78
2026/07/12 23:51:55.310, 0, 58, 8078, 83.19
2026/07/12 23:51:55.310, 1, 56, 8078, 77.36
2026/07/12 23:51:55.310, 2, 27, 8078, 78.67
2026/07/12 23:51:55.310, 3, 67, 8078, 81.37
2026/07/12 23:51:55.310, 4, 35, 8078, 91.21
2026/07/12 23:51:55.310, 5, 41, 8078, 81.21
2026/07/12 23:51:55.310, 6, 18, 8078, 89.36
2026/07/12 23:51:55.310, 7, 19, 8078, 85.02
2026/07/12 23:51:56.311, 0, 11, 8078, 85.54
2026/07/12 23:51:56.311, 1, 12, 8078, 79.98
2026/07/12 23:51:56.311, 2, 11, 8078, 80.74
2026/07/12 23:51:56.311, 3, 12, 8078, 83.71
2026/07/12 23:51:56.311, 4, 17, 8078, 94.43
2026/07/12 23:51:56.311, 5, 14, 8078, 82.68
2026/07/12 23:51:56.311, 6, 8, 8078, 90.83
2026/07/12 23:51:56.311, 7, 12, 8078, 88.34
2026/07/12 23:51:57.311, 0, 100, 8078, 202.93
2026/07/12 23:51:57.319, 1, 100, 8078, 198.85
2026/07/12 23:51:57.319, 2, 100, 8078, 193.70
2026/07/12 23:51:57.319, 3, 80, 8078, 196.31
2026/07/12 23:51:57.319, 4, 33, 8078, 144.45
2026/07/12 23:51:57.319, 5, 39, 8078, 192.71
2026/07/12 23:51:57.319, 6, 78, 8078, 204.07
2026/07/12 23:51:57.319, 7, 100, 8078, 143.00
2026/07/12 23:51:58.319, 0, 67, 8078, 85.54
2026/07/12 23:51:58.327, 1, 48, 8078, 79.71
2026/07/12 23:51:58.327, 2, 45, 8078, 81.89
2026/07/12 23:51:58.327, 3, 92, 8078, 83.38
2026/07/12 23:51:58.327, 4, 100, 8078, 95.58
2026/07/12 23:51:58.327, 5, 100, 8078, 83.55
2026/07/12 23:51:58.327, 6, 93, 8078, 92.30
2026/07/12 23:51:58.327, 7, 100, 8078, 82.13
2026/07/12 23:51:59.336, 0, 11, 8078, 84.39
2026/07/12 23:51:59.344, 1, 11, 8078, 78.23
2026/07/12 23:51:59.353, 2, 14, 8078, 79.54
2026/07/12 23:51:59.354, 3, 18, 8078, 76.08
2026/07/12 23:51:59.354, 4, 15, 8078, 90.87
2026/07/12 23:51:59.354, 5, 11, 8078, 81.54
2026/07/12 23:51:59.354, 6, 11, 8078, 89.63
2026/07/12 23:51:59.354, 7, 11, 8078, 81.01
2026/07/12 23:52:00.354, 0, 18, 8078, 136.84
2026/07/12 23:52:00.365, 1, 18, 8078, 185.55
2026/07/12 23:52:00.365, 2, 17, 8078, 69.00
2026/07/12 23:52:00.365, 3, 32, 8078, 137.43
2026/07/12 23:52:00.365, 4, 21, 8078, 70.62
2026/07/12 23:52:00.365, 5, 16, 8078, 84.16
2026/07/12 23:52:00.365, 6, 22, 8078, 70.33
2026/07/12 23:52:00.366, 7, 16, 8078, 66.85
2026/07/12 23:52:01.368, 0, 100, 8078, 194.44
2026/07/12 23:52:01.368, 1, 100, 8078, 186.82
2026/07/12 23:52:01.368, 2, 100, 8078, 186.15
2026/07/12 23:52:01.368, 3, 100, 8078, 188.43
2026/07/12 23:52:01.368, 4, 100, 8078, 233.47
2026/07/12 23:52:01.368, 5, 100, 8078, 202.66
2026/07/12 23:52:01.368, 6, 100, 8078, 216.97
2026/07/12 23:52:01.368, 7, 100, 8078, 191.16
2026/07/12 23:52:02.368, 0, 12, 8078, 82.92
2026/07/12 23:52:02.448, 1, 12, 8078, 77.36
2026/07/12 23:52:02.448, 2, 12, 8078, 78.07
2026/07/12 23:52:02.449, 3, 11, 8078, 81.37
2026/07/12 23:52:02.449, 4, 11, 8078, 90.00
2026/07/12 23:52:02.449, 5, 11, 8078, 80.66
2026/07/12 23:52:02.449, 6, 11, 8078, 89.36
2026/07/12 23:52:02.449, 7, 11, 8078, 84.84
2026/07/12 23:52:03.449, 0, 17, 8078, 86.14
2026/07/12 23:52:03.459, 1, 18, 8078, 80.85
2026/07/12 23:52:03.459, 2, 16, 8078, 81.29
2026/07/12 23:52:03.460, 3, 16, 8078, 84.31
2026/07/12 23:52:03.460, 4, 16, 8078, 70.62
2026/07/12 23:52:03.460, 5, 16, 8078, 66.58
2026/07/12 23:52:03.460, 6, 15, 8078, 91.43
2026/07/12 23:52:03.470, 7, 15, 8078, 66.92
2026/07/12 23:52:04.480, 0, 100, 8078, 228.66
2026/07/12 23:52:04.575, 1, 100, 8078, 186.28
2026/07/12 23:52:04.576, 2, 100, 8078, 211.91
2026/07/12 23:52:04.577, 3, 100, 8078, 203.65
2026/07/12 23:52:04.577, 4, 100, 8078, 205.31
2026/07/12 23:52:04.577, 5, 100, 8078, 240.09
2026/07/12 23:52:04.577, 6, 100, 8078, 228.93
2026/07/12 23:52:04.577, 7, 100, 8078, 224.82
2026/07/12 23:52:05.578, 0, 12, 8078, 83.19
2026/07/12 23:52:05.581, 1, 12, 8078, 77.63
2026/07/12 23:52:05.581, 2, 12, 8078, 78.39
2026/07/12 23:52:05.581, 3, 12, 8078, 81.96
2026/07/12 23:52:05.581, 4, 12, 8078, 89.73
2026/07/12 23:52:05.581, 5, 18, 8078, 80.66
2026/07/12 23:52:05.581, 6, 11, 8078, 89.08
2026/07/12 23:52:05.581, 7, 19, 8078, 85.11
2026/07/12 23:52:06.581, 0, 17, 8078, 85.54
2026/07/12 23:52:06.582, 1, 17, 8078, 79.71
2026/07/12 23:52:06.582, 2, 16, 8078, 80.74
2026/07/12 23:52:06.582, 3, 15, 8078, 83.98
2026/07/12 23:52:06.582, 4, 16, 8078, 92.36
2026/07/12 23:52:06.582, 5, 13, 8078, 83.01
2026/07/12 23:52:06.582, 6, 15, 8078, 90.83
2026/07/12 23:52:06.582, 7, 14, 8078, 86.31
2026/07/12 23:52:07.583, 0, 100, 8078, 216.97
2026/07/12 23:52:07.591, 1, 100, 8078, 213.43
2026/07/12 23:52:07.591, 2, 100, 8078, 211.31
2026/07/12 23:52:07.591, 3, 100, 8078, 210.38
2026/07/12 23:52:07.592, 4, 100, 8078, 217.04
2026/07/12 23:52:07.592, 5, 100, 8078, 209.35
2026/07/12 23:52:07.592, 6, 100, 8078, 219.30
2026/07/12 23:52:07.592, 7, 100, 8078, 205.48
2026/07/12 23:52:08.592, 0, 92, 8078, 84.07
2026/07/12 23:52:08.592, 1, 89, 8078, 78.23
2026/07/12 23:52:08.592, 2, 62, 8078, 78.67
2026/07/12 23:52:08.592, 3, 28, 8078, 135.36
2026/07/12 23:52:08.592, 4, 33, 8078, 90.87
2026/07/12 23:52:08.592, 5, 36, 8078, 80.93
2026/07/12 23:52:08.592, 6, 20, 8078, 89.36
2026/07/12 23:52:08.592, 7, 55, 8078, 175.82
2026/07/12 23:52:09.592, 0, 16, 8078, 87.01
2026/07/12 23:52:09.596, 1, 15, 8078, 80.58
2026/07/12 23:52:09.597, 2, 12, 8078, 80.14
2026/07/12 23:52:09.597, 3, 10, 8078, 85.72
2026/07/12 23:52:09.597, 4, 9, 8078, 93.83
2026/07/12 23:52:09.598, 5, 8, 8078, 84.75
2026/07/12 23:52:09.598, 6, 15, 8078, 92.84
2026/07/12 23:52:09.598, 7, 18, 8078, 87.10
2026/07/12 23:52:10.598, 0, 73, 8078, 198.85
2026/07/12 23:52:10.598, 1, 85, 8078, 192.98
2026/07/12 23:52:10.599, 2, 73, 8078, 191.36
2026/07/12 23:52:10.599, 3, 100, 8078, 142.38
2026/07/12 23:52:10.599, 4, 80, 8078, 140.62
2026/07/12 23:52:10.600, 5, 73, 8078, 186.48
2026/07/12 23:52:10.601, 6, 27, 8078, 145.20
2026/07/12 23:52:10.601, 7, 20, 8078, 135.97
2026/07/12 23:52:11.601, 0, 98, 8078, 85.27
2026/07/12 23:52:11.607, 1, 87, 8078, 79.71
2026/07/12 23:52:11.607, 2, 98, 8078, 75.44
2026/07/12 23:52:11.607, 3, 62, 8078, 90.31
2026/07/12 23:52:11.607, 4, 92, 8078, 211.10
2026/07/12 23:52:11.607, 5, 98, 8078, 91.19
2026/07/12 23:52:11.607, 6, 100, 8078, 95.51
2026/07/12 23:52:11.607, 7, 100, 8078, 203.63
2026/07/12 23:52:12.607, 0, 3, 8078, 82.92
2026/07/12 23:52:12.607, 1, 5, 8078, 76.76
2026/07/12 23:52:12.607, 2, 8, 8078, 78.07
2026/07/12 23:52:12.607, 3, 6, 8078, 81.37
2026/07/12 23:52:12.607, 4, 0, 8078, 85.01
2026/07/12 23:52:12.607, 5, 5, 8078, 80.33
2026/07/12 23:52:12.607, 6, 0, 8078, 83.19
2026/07/12 23:52:12.607, 7, 9, 8078, 78.94
2026/07/12 23:52:13.608, 0, 17, 8078, 86.74
2026/07/12 23:52:13.608, 1, 17, 8078, 80.85
2026/07/12 23:52:13.609, 2, 14, 8078, 81.01
2026/07/12 23:52:13.609, 3, 17, 8078, 84.58
2026/07/12 23:52:13.609, 4, 17, 8078, 93.23
2026/07/12 23:52:13.609, 5, 21, 8078, 65.11
2026/07/12 23:52:13.609, 6, 8, 8078, 69.73
2026/07/12 23:52:13.609, 7, 12, 8078, 66.65
2026/07/12 23:52:14.609, 0, 100, 8078, 225.46
2026/07/12 23:52:14.609, 1, 100, 8078, 185.96
2026/07/12 23:52:14.609, 2, 100, 8078, 210.11
2026/07/12 23:52:14.609, 3, 100, 8078, 221.15
2026/07/12 23:52:14.609, 4, 100, 8078, 210.33
2026/07/12 23:52:14.609, 5, 100, 8078, 213.76
2026/07/12 23:52:14.609, 6, 93, 8078, 198.25
2026/07/12 23:52:14.609, 7, 42, 8078, 149.88
2026/07/12 23:52:15.609, 0, 100, 8078, 85.27
2026/07/12 23:52:15.611, 1, 100, 8078, 79.38
2026/07/12 23:52:15.620, 2, 100, 8078, 80.42
2026/07/12 23:52:15.620, 3, 100, 8078, 83.71
2026/07/12 23:52:15.620, 4, 85, 8078, 92.95
2026/07/12 23:52:15.620, 5, 100, 8078, 85.36
2026/07/12 23:52:15.620, 6, 79, 8078, 87.01
2026/07/12 23:52:15.620, 7, 100, 8078, 87.70
2026/07/12 23:52:16.621, 0, 11, 8078, 83.80
2026/07/12 23:52:16.621, 1, 12, 8078, 77.90
2026/07/12 23:52:16.621, 2, 15, 8078, 80.14
2026/07/12 23:52:16.621, 3, 11, 8078, 81.96
2026/07/12 23:52:16.621, 4, 16, 8078, 90.87
2026/07/12 23:52:16.621, 5, 17, 8078, 77.44
2026/07/12 23:52:16.621, 6, 12, 8078, 90.22
2026/07/12 23:52:16.621, 7, 11, 8078, 85.72
2026/07/12 23:52:17.621, 0, 17, 8078, 67.99
2026/07/12 23:52:17.626, 1, 18, 8078, 136.84
2026/07/12 23:52:17.636, 2, 16, 8078, 67.80
2026/07/12 23:52:17.636, 3, 17, 8078, 64.65
2026/07/12 23:52:17.637, 4, 17, 8078, 93.55
2026/07/12 23:52:17.637, 5, 18, 8078, 100.48
2026/07/12 23:52:17.637, 6, 20, 8078, 70.40
2026/07/12 23:52:17.637, 7, 16, 8078, 67.19
2026/07/12 23:52:18.637, 0, 100, 8078, 189.77
2026/07/12 23:52:18.641, 1, 100, 8078, 195.32
2026/07/12 23:52:18.650, 2, 100, 8078, 213.98
2026/07/12 23:52:18.650, 3, 100, 8078, 193.65
2026/07/12 23:52:18.651, 4, 100, 8078, 194.65
2026/07/12 23:52:18.651, 5, 100, 8078, 207.88
2026/07/12 23:52:18.651, 6, 100, 8078, 212.29
2026/07/12 23:52:18.651, 7, 100, 8078, 198.46
2026/07/12 23:52:19.652, 0, 11, 8078, 83.19
2026/07/12 23:52:19.652, 1, 12, 8078, 77.36
2026/07/12 23:52:19.652, 2, 12, 8078, 78.39
2026/07/12 23:52:19.652, 3, 12, 8078, 81.37
2026/07/12 23:52:19.652, 4, 11, 8078, 90.00
2026/07/12 23:52:19.652, 5, 11, 8078, 80.93
2026/07/12 23:52:19.652, 6, 11, 8078, 89.08
2026/07/12 23:52:19.652, 7, 11, 8078, 84.57
2026/07/12 23:52:20.652, 0, 17, 8078, 86.74
2026/07/12 23:52:20.652, 1, 17, 8078, 80.85
2026/07/12 23:52:20.652, 2, 15, 8078, 80.14
2026/07/12 23:52:20.652, 3, 16, 8078, 84.58
2026/07/12 23:52:20.652, 4, 16, 8078, 92.36
2026/07/12 23:52:20.652, 5, 16, 8078, 83.01
2026/07/12 23:52:20.652, 6, 15, 8078, 90.83
2026/07/12 23:52:20.652, 7, 15, 8078, 67.52
2026/07/12 23:52:21.652, 0, 100, 8078, 225.19
2026/07/12 23:52:21.653, 1, 100, 8078, 214.04
2026/07/12 23:52:21.653, 2, 100, 8078, 211.64
2026/07/12 23:52:21.653, 3, 100, 8078, 224.72
2026/07/12 23:52:21.653, 4, 100, 8078, 222.94
2026/07/12 23:52:21.653, 5, 100, 8078, 209.95
2026/07/12 23:52:21.653, 6, 100, 8078, 219.91
2026/07/12 23:52:21.654, 7, 100, 8078, 221.00
2026/07/12 23:52:22.654, 0, 14, 8078, 83.46
2026/07/12 23:52:22.727, 1, 12, 8078, 77.63
2026/07/12 23:52:22.727, 2, 25, 8078, 78.07
2026/07/12 23:52:22.727, 3, 68, 8078, 81.64
2026/07/12 23:52:22.727, 4, 14, 8078, 90.00
2026/07/12 23:52:22.727, 5, 20, 8078, 80.93
2026/07/12 23:52:22.727, 6, 11, 8078, 89.36
2026/07/12 23:52:22.727, 7, 19, 8078, 85.44
2026/07/12 23:52:23.728, 0, 17, 8078, 85.81
2026/07/12 23:52:23.735, 1, 17, 8078, 80.25
2026/07/12 23:52:23.735, 2, 11, 8078, 80.42
2026/07/12 23:52:23.735, 3, 12, 8078, 84.31
2026/07/12 23:52:23.735, 4, 17, 8078, 92.68
2026/07/12 23:52:23.735, 5, 13, 8078, 82.68
2026/07/12 23:52:23.735, 6, 15, 8078, 90.83
2026/07/12 23:52:23.736, 7, 12, 8078, 87.46
2026/07/12 23:52:24.736, 0, 100, 8078, 204.68
2026/07/12 23:52:24.736, 1, 100, 8078, 200.32
2026/07/12 23:52:24.736, 2, 100, 8078, 199.26
2026/07/12 23:52:24.736, 3, 88, 8078, 198.05
2026/07/12 23:52:24.736, 4, 47, 8078, 202.57
2026/07/12 23:52:24.736, 5, 100, 8078, 197.26
2026/07/12 23:52:24.736, 6, 100, 8078, 205.87
2026/07/12 23:52:24.736, 7, 100, 8078, 142.68
2026/07/12 23:52:25.736, 0, 86, 8078, 85.54
2026/07/12 23:52:25.745, 1, 99, 8078, 79.71
2026/07/12 23:52:25.745, 2, 46, 8078, 80.74
2026/07/12 23:52:25.745, 3, 58, 8078, 84.31
2026/07/12 23:52:25.746, 4, 45, 8078, 95.58
2026/07/12 23:52:25.746, 5, 37, 8078, 83.55
2026/07/12 23:52:25.746, 6, 24, 8078, 88.75
2026/07/12 23:52:25.746, 7, 61, 8078, 82.22
2026/07/12 23:52:26.746, 0, 18, 8078, 83.80
2026/07/12 23:52:26.746, 1, 17, 8078, 78.51
2026/07/12 23:52:26.746, 2, 14, 8078, 73.37
2026/07/12 23:52:26.746, 3, 18, 8078, 76.08
2026/07/12 23:52:26.746, 4, 15, 8078, 84.42
2026/07/12 23:52:26.746, 5, 17, 8078, 81.81
2026/07/12 23:52:26.746, 6, 16, 8078, 84.94
2026/07/12 23:52:26.746, 7, 17, 8078, 81.01
2026/07/12 23:52:27.746, 0, 63, 8078, 136.84
2026/07/12 23:52:27.751, 1, 70, 8078, 134.77
2026/07/12 23:52:27.751, 2, 17, 8078, 136.65
2026/07/12 23:52:27.751, 3, 26, 8078, 136.55
2026/07/12 23:52:27.751, 4, 17, 8078, 142.24
2026/07/12 23:52:27.751, 5, 17, 8078, 109.25
2026/07/12 23:52:27.752, 6, 20, 8078, 70.33
2026/07/12 23:52:27.752, 7, 21, 8078, 66.58
2026/07/12 23:52:28.752, 0, 100, 8078, 94.55
2026/07/12 23:52:28.754, 1, 100, 8078, 185.09
2026/07/12 23:52:28.754, 2, 100, 8078, 196.72
2026/07/12 23:52:28.764, 3, 100, 8078, 201.25
2026/07/12 23:52:28.764, 4, 100, 8078, 192.90
2026/07/12 23:52:28.764, 5, 100, 8078, 197.98
2026/07/12 23:52:28.764, 6, 100, 8078, 196.18
2026/07/12 23:52:28.764, 7, 100, 8078, 192.03
2026/07/12 23:52:29.765, 0, 12, 8078, 82.60
2026/07/12 23:52:29.765, 1, 12, 8078, 77.04
2026/07/12 23:52:29.765, 2, 12, 8078, 78.07
2026/07/12 23:52:29.765, 3, 11, 8078, 81.37
2026/07/12 23:52:29.765, 4, 11, 8078, 90.33
2026/07/12 23:52:29.765, 5, 12, 8078, 80.66
2026/07/12 23:52:29.765, 6, 12, 8078, 89.08
2026/07/12 23:52:29.765, 7, 11, 8078, 84.57
2026/07/12 23:52:30.765, 0, 17, 8078, 86.41
2026/07/12 23:52:30.771, 1, 17, 8078, 80.85
2026/07/12 23:52:30.771, 2, 17, 8078, 80.74
2026/07/12 23:52:30.771, 3, 16, 8078, 84.58
2026/07/12 23:52:30.771, 4, 17, 8078, 93.55
2026/07/12 23:52:30.771, 5, 16, 8078, 83.88
2026/07/12 23:52:30.771, 6, 15, 8078, 91.70
2026/07/12 23:52:30.772, 7, 15, 8078, 67.19
2026/07/12 23:52:31.772, 0, 100, 8078, 196.18
2026/07/12 23:52:31.793, 1, 100, 8078, 192.10
2026/07/12 23:52:31.793, 2, 100, 8078, 193.18
2026/07/12 23:52:31.794, 3, 100, 8078, 224.99
2026/07/12 23:52:31.794, 4, 100, 8078, 225.89
2026/07/12 23:52:31.794, 5, 100, 8078, 195.64
2026/07/12 23:52:31.794, 6, 100, 8078, 219.68
2026/07/12 23:52:31.794, 7, 100, 8078, 220.41
2026/07/12 23:52:32.794, 0, 60, 8078, 83.19
2026/07/12 23:52:32.796, 1, 60, 8078, 77.90
2026/07/12 23:52:32.805, 2, 29, 8078, 78.94
2026/07/12 23:52:32.805, 3, 19, 8078, 81.96
2026/07/12 23:52:32.806, 4, 21, 8078, 90.33
2026/07/12 23:52:32.806, 5, 20, 8078, 80.93
2026/07/12 23:52:32.806, 6, 19, 8078, 89.63
2026/07/12 23:52:32.806, 7, 19, 8078, 84.75
2026/07/12 23:52:33.806, 0, 12, 8078, 85.54
2026/07/12 23:52:33.806, 1, 12, 8078, 80.25
2026/07/12 23:52:33.806, 2, 11, 8078, 82.22
2026/07/12 23:52:33.806, 3, 16, 8078, 83.71
2026/07/12 23:52:33.806, 4, 9, 8078, 92.95
2026/07/12 23:52:33.806, 5, 11, 8078, 83.01
2026/07/12 23:52:33.806, 6, 8, 8078, 93.77
2026/07/12 23:52:33.806, 7, 11, 8078, 86.92
2026/07/12 23:52:34.806, 0, 100, 8078, 202.93
2026/07/12 23:52:34.810, 1, 100, 8078, 204.07
2026/07/12 23:52:34.810, 2, 100, 8078, 200.41
2026/07/12 23:52:34.810, 3, 100, 8078, 202.24
2026/07/12 23:52:34.810, 4, 100, 8078, 204.71
2026/07/12 23:52:34.810, 5, 100, 8078, 202.66
2026/07/12 23:52:34.811, 6, 83, 8078, 195.32
2026/07/12 23:52:34.811, 7, 100, 8078, 198.46
2026/07/12 23:52:35.811, 0, 67, 8078, 85.54
2026/07/12 23:52:35.846, 1, 54, 8078, 77.36
2026/07/12 23:52:35.846, 2, 42, 8078, 80.74
2026/07/12 23:52:35.847, 3, 46, 8078, 85.96
2026/07/12 23:52:35.847, 4, 43, 8078, 90.60
2026/07/12 23:52:35.847, 5, 40, 8078, 83.28
2026/07/12 23:52:35.847, 6, 88, 8078, 89.36
2026/07/12 23:52:35.847, 7, 59, 8078, 89.72
2026/07/12 23:52:36.847, 0, 11, 8078, 84.39
2026/07/12 23:52:36.847, 1, 11, 8078, 71.75
2026/07/12 23:52:36.847, 2, 13, 8078, 76.59
2026/07/12 23:52:36.847, 3, 18, 8078, 85.45
2026/07/12 23:52:36.847, 4, 14, 8078, 84.74
2026/07/12 23:52:36.847, 5, 16, 8078, 82.40
2026/07/12 23:52:36.847, 6, 12, 8078, 84.67
2026/07/12 23:52:36.848, 7, 15, 8078, 78.94
2026/07/12 23:52:37.848, 0, 17, 8078, 136.51
2026/07/12 23:52:37.851, 1, 18, 8078, 135.09
2026/07/12 23:52:37.859, 2, 17, 8078, 135.23
2026/07/12 23:52:37.859, 3, 28, 8078, 142.83
2026/07/12 23:52:37.859, 4, 17, 8078, 141.22
2026/07/12 23:52:37.859, 5, 17, 8078, 105.49
2026/07/12 23:52:37.859, 6, 20, 8078, 69.73
2026/07/12 23:52:37.859, 7, 19, 8078, 131.55
2026/07/12 23:52:38.859, 0, 100, 8078, 96.29
2026/07/12 23:52:38.868, 1, 100, 8078, 88.07
2026/07/12 23:52:38.878, 2, 91, 8078, 88.25
2026/07/12 23:52:38.878, 3, 100, 8078, 89.17
2026/07/12 23:52:38.878, 4, 100, 8078, 207.27
2026/07/12 23:52:38.879, 5, 100, 8078, 197.06
2026/07/12 23:52:38.879, 6, 100, 8078, 198.52
2026/07/12 23:52:38.879, 7, 100, 8078, 186.94
2026/07/12 23:52:39.879, 0, 11, 8078, 82.92
2026/07/12 23:52:39.880, 1, 11, 8078, 77.63
2026/07/12 23:52:39.880, 2, 11, 8078, 78.07
2026/07/12 23:52:39.880, 3, 11, 8078, 81.04
2026/07/12 23:52:39.880, 4, 11, 8078, 90.00
2026/07/12 23:52:39.880, 5, 12, 8078, 80.93
2026/07/12 23:52:39.880, 6, 12, 8078, 89.08
2026/07/12 23:52:39.880, 7, 11, 8078, 85.63
2026/07/12 23:52:40.880, 0, 17, 8078, 86.41
2026/07/12 23:52:40.880, 1, 17, 8078, 81.13
2026/07/12 23:52:40.880, 2, 17, 8078, 81.29
2026/07/12 23:52:40.880, 3, 16, 8078, 84.31
2026/07/12 23:52:40.880, 4, 16, 8078, 93.23
2026/07/12 23:52:40.880, 5, 16, 8078, 83.55
2026/07/12 23:52:40.880, 6, 16, 8078, 92.57
2026/07/12 23:52:40.880, 7, 15, 8078, 87.37
2026/07/12 23:52:41.880, 0, 100, 8078, 191.24
2026/07/12 23:52:41.880, 1, 100, 8078, 185.09
2026/07/12 23:52:41.880, 2, 100, 8078, 219.81
2026/07/12 23:52:41.880, 3, 100, 8078, 223.79
2026/07/12 23:52:41.881, 4, 100, 8078, 225.55
2026/07/12 23:52:41.881, 5, 100, 8078, 214.90
2026/07/12 23:52:41.881, 6, 100, 8078, 226.60
2026/07/12 23:52:41.881, 7, 100, 8078, 218.34
2026/07/12 23:52:42.881, 0, 16, 8078, 77.36
2026/07/12 23:52:42.886, 1, 15, 8078, 72.34
2026/07/12 23:52:42.897, 2, 3, 8078, 72.49
2026/07/12 23:52:42.897, 3, 22, 8078, 81.64
2026/07/12 23:52:42.897, 4, 21, 8078, 86.49
2026/07/12 23:52:42.897, 5, 22, 8078, 75.64
2026/07/12 23:52:42.897, 6, 47, 8078, 83.80
2026/07/12 23:52:42.906, 7, 22, 8078, 85.44
2026/07/12 23:52:43.906, 0, 12, 8078, 87.28
2026/07/12 23:52:43.912, 1, 12, 8078, 82.32
2026/07/12 23:52:43.912, 2, 11, 8078, 82.77
2026/07/12 23:52:43.912, 3, 14, 8078, 84.85
2026/07/12 23:52:43.912, 4, 11, 8078, 90.87
2026/07/12 23:52:43.912, 5, 17, 8078, 75.36
2026/07/12 23:52:43.912, 6, 11, 8078, 88.16
2026/07/12 23:52:43.912, 7, 11, 8078, 84.48
2026/07/12 23:52:44.912, 0, 95, 8078, 194.65
2026/07/12 23:52:44.920, 1, 100, 8078, 190.24
2026/07/12 23:52:44.920, 2, 100, 8078, 183.59
2026/07/12 23:52:44.920, 3, 61, 8078, 185.69
2026/07/12 23:52:44.920, 4, 20, 8078, 70.55
2026/07/12 23:52:44.920, 5, 21, 8078, 138.32
2026/07/12 23:52:44.921, 6, 19, 8078, 70.00
2026/07/12 23:52:44.921, 7, 20, 8078, 67.12
2026/07/12 23:52:45.921, 0, 78, 8078, 85.54
2026/07/12 23:52:46.002, 1, 65, 8078, 79.71
2026/07/12 23:52:46.002, 2, 65, 8078, 80.66
2026/07/12 23:52:46.003, 3, 52, 8078, 80.08
2026/07/12 23:52:46.003, 4, 100, 8078, 208.74
2026/07/12 23:52:46.003, 5, 82, 8078, 83.80
2026/07/12 23:52:46.003, 6, 100, 8078, 213.38
2026/07/12 23:52:46.003, 7, 100, 8078, 198.94
2026/07/12 23:52:47.003, 0, 12, 8078, 82.60
2026/07/12 23:52:47.005, 1, 12, 8078, 77.36
2026/07/12 23:52:47.005, 2, 12, 8078, 78.07
2026/07/12 23:52:47.005, 3, 11, 8078, 81.04
2026/07/12 23:52:47.005, 4, 11, 8078, 90.00
2026/07/12 23:52:47.005, 5, 11, 8078, 80.33
2026/07/12 23:52:47.005, 6, 11, 8078, 88.75
2026/07/12 23:52:47.005, 7, 12, 8078, 84.57
2026/07/12 23:52:48.005, 0, 17, 8078, 86.14
2026/07/12 23:52:48.006, 1, 17, 8078, 81.45
2026/07/12 23:52:48.006, 2, 16, 8078, 81.29
2026/07/12 23:52:48.006, 3, 16, 8078, 83.11
2026/07/12 23:52:48.006, 4, 15, 8078, 92.36
2026/07/12 23:52:48.006, 5, 16, 8078, 82.68
2026/07/12 23:52:48.006, 6, 15, 8078, 91.43
2026/07/12 23:52:48.006, 7, 15, 8078, 86.22
2026/07/12 23:52:49.007, 0, 100, 8078, 221.92
2026/07/12 23:52:49.013, 1, 100, 8078, 217.84
2026/07/12 23:52:49.024, 2, 100, 8078, 216.32
2026/07/12 23:52:49.026, 3, 100, 8078, 216.24
2026/07/12 23:52:49.026, 4, 100, 8078, 215.89
2026/07/12 23:52:49.026, 5, 100, 8078, 211.09
2026/07/12 23:52:49.026, 6, 100, 8078, 220.82
2026/07/12 23:52:49.026, 7, 100, 8078, 211.31
2026/07/12 23:52:50.026, 0, 69, 8078, 83.19
2026/07/12 23:52:50.106, 1, 18, 8078, 77.90
2026/07/12 23:52:50.106, 2, 12, 8078, 78.67
2026/07/12 23:52:50.107, 3, 20, 8078, 81.37
2026/07/12 23:52:50.107, 4, 21, 8078, 90.87
2026/07/12 23:52:50.107, 5, 21, 8078, 81.21
2026/07/12 23:52:50.107, 6, 35, 8078, 89.63
2026/07/12 23:52:50.107, 7, 21, 8078, 85.44
2026/07/12 23:52:51.107, 0, 17, 8078, 85.54
2026/07/12 23:52:51.114, 1, 17, 8078, 79.98
2026/07/12 23:52:51.123, 2, 17, 8078, 81.62
2026/07/12 23:52:51.123, 3, 13, 8078, 83.71
2026/07/12 23:52:51.123, 4, 6, 8078, 91.21
2026/07/12 23:52:51.124, 5, 10, 8078, 82.68
2026/07/12 23:52:51.124, 6, 15, 8078, 90.50
2026/07/12 23:52:51.124, 7, 8, 8078, 86.59
2026/07/12 23:52:52.124, 0, 100, 8078, 201.46
2026/07/12 23:52:52.124, 1, 100, 8078, 203.21
2026/07/12 23:52:52.124, 2, 100, 8078, 200.41
2026/07/12 23:52:52.124, 3, 71, 8078, 201.04
2026/07/12 23:52:52.124, 4, 83, 8078, 197.67
2026/07/12 23:52:52.124, 5, 100, 8078, 199.72
2026/07/12 23:52:52.124, 6, 69, 8078, 197.38
2026/07/12 23:52:52.124, 7, 90, 8078, 195.52
2026/07/12 23:52:53.125, 0, 71, 8078, 85.54
2026/07/12 23:52:53.128, 1, 80, 8078, 79.38
2026/07/12 23:52:53.137, 2, 100, 8078, 80.74
2026/07/12 23:52:53.137, 3, 100, 8078, 83.98
2026/07/12 23:52:53.137, 4, 89, 8078, 93.83
2026/07/12 23:52:53.137, 5, 64, 8078, 76.84
2026/07/12 23:52:53.137, 6, 23, 8078, 87.89
2026/07/12 23:52:53.137, 7, 83, 8078, 81.62
2026/07/12 23:52:54.137, 0, 17, 8078, 83.80
2026/07/12 23:52:54.137, 1, 17, 8078, 74.42
2026/07/12 23:52:54.138, 2, 18, 8078, 78.67
2026/07/12 23:52:54.138, 3, 11, 8078, 82.23
2026/07/12 23:52:54.138, 4, 12, 8078, 90.87
2026/07/12 23:52:54.138, 5, 13, 8078, 81.81
2026/07/12 23:52:54.139, 6, 17, 8078, 89.36
2026/07/12 23:52:54.139, 7, 12, 8078, 79.27
2026/07/12 23:52:55.141, 0, 21, 8078, 87.01
2026/07/12 23:52:55.145, 1, 43, 8078, 181.19
2026/07/12 23:52:55.146, 2, 55, 8078, 113.30
2026/07/12 23:52:55.146, 3, 17, 8078, 127.80
2026/07/12 23:52:55.148, 4, 20, 8078, 70.89
2026/07/12 23:52:55.148, 5, 16, 8078, 66.19
2026/07/12 23:52:55.148, 6, 22, 8078, 70.60
2026/07/12 23:52:55.148, 7, 20, 8078, 92.07
2026/07/12 23:52:56.148, 0, 100, 8078, 190.36
2026/07/12 23:52:56.148, 1, 100, 8078, 196.18
2026/07/12 23:52:56.148, 2, 100, 8078, 198.19
2026/07/12 23:52:56.148, 3, 100, 8078, 189.84
2026/07/12 23:52:56.148, 4, 100, 8078, 217.65
2026/07/12 23:52:56.148, 5, 100, 8078, 210.23
2026/07/12 23:52:56.149, 6, 100, 8078, 205.27
2026/07/12 23:52:56.149, 7, 100, 8078, 198.94
2026/07/12 23:52:57.151, 0, 11, 8078, 82.92
2026/07/12 23:52:57.151, 1, 11, 8078, 77.36
2026/07/12 23:52:57.151, 2, 12, 8078, 78.39
2026/07/12 23:52:57.151, 3, 12, 8078, 81.04
2026/07/12 23:52:57.151, 4, 11, 8078, 90.00
2026/07/12 23:52:57.151, 5, 12, 8078, 80.93
2026/07/12 23:52:57.151, 6, 11, 8078, 88.75
2026/07/12 23:52:57.151, 7, 11, 8078, 84.57
2026/07/12 23:52:58.151, 0, 17, 8078, 85.81
2026/07/12 23:52:58.232, 1, 17, 8078, 80.85
2026/07/12 23:52:58.232, 2, 17, 8078, 81.29
2026/07/12 23:52:58.232, 3, 16, 8078, 84.58
2026/07/12 23:52:58.232, 4, 15, 8078, 93.23
2026/07/12 23:52:58.232, 5, 16, 8078, 83.55
2026/07/12 23:52:58.232, 6, 15, 8078, 70.33
2026/07/12 23:52:58.232, 7, 14, 8078, 86.59
2026/07/12 23:52:59.233, 0, 100, 8078, 225.73
2026/07/12 23:52:59.233, 1, 100, 8078, 211.09
2026/07/12 23:52:59.233, 2, 100, 8078, 189.36
2026/07/12 23:52:59.233, 3, 100, 8078, 221.46
2026/07/12 23:52:59.233, 4, 100, 8078, 226.75
2026/07/12 23:52:59.233, 5, 100, 8078, 218.44
2026/07/12 23:52:59.233, 6, 100, 8078, 226.10
2026/07/12 23:52:59.233, 7, 100, 8078, 214.85
2026/07/12 23:53:00.233, 0, 21, 8078, 82.92
2026/07/12 23:53:00.236, 1, 21, 8078, 77.90
2026/07/12 23:53:00.236, 2, 58, 8078, 78.39
2026/07/12 23:53:00.237, 3, 23, 8078, 81.96
2026/07/12 23:53:00.237, 4, 34, 8078, 90.60
2026/07/12 23:53:00.237, 5, 12, 8078, 81.21
2026/07/12 23:53:00.237, 6, 18, 8078, 89.08
2026/07/12 23:53:00.237, 7, 24, 8078, 84.84
2026/07/12 23:53:01.237, 0, 16, 8078, 85.54
2026/07/12 23:53:01.246, 1, 17, 8078, 80.25
2026/07/12 23:53:01.247, 2, 11, 8078, 81.01
2026/07/12 23:53:01.247, 3, 13, 8078, 83.98
2026/07/12 23:53:01.256, 4, 8, 8078, 92.08
2026/07/12 23:53:01.266, 5, 16, 8078, 83.01
2026/07/12 23:53:01.267, 6, 9, 8078, 91.10
2026/07/12 23:53:01.267, 7, 15, 8078, 86.31
2026/07/12 23:53:02.267, 0, 100, 8078, 211.69
2026/07/12 23:53:02.274, 1, 100, 8078, 206.14
2026/07/12 23:53:02.285, 2, 98, 8078, 208.10
2026/07/12 23:53:02.285, 3, 100, 8078, 205.72
2026/07/12 23:53:02.285, 4, 91, 8078, 212.35
2026/07/12 23:53:02.287, 5, 75, 8078, 194.17
2026/07/12 23:53:02.287, 6, 55, 8078, 201.46
2026/07/12 23:53:02.288, 7, 100, 8078, 201.40
2026/07/12 23:53:03.288, 0, 67, 8078, 81.72
2026/07/12 23:53:03.288, 1, 68, 8078, 75.89
2026/07/12 23:53:03.288, 2, 63, 8078, 84.24
2026/07/12 23:53:03.288, 3, 44, 8078, 83.11
2026/07/12 23:53:03.288, 4, 82, 8078, 93.83
2026/07/12 23:53:03.288, 5, 95, 8078, 83.01
2026/07/12 23:53:03.288, 6, 100, 8078, 85.81
2026/07/12 23:53:03.288, 7, 23, 8078, 83.97
2026/07/12 23:53:04.288, 0, 15, 8078, 83.46
2026/07/12 23:53:04.289, 1, 13, 8078, 74.42
2026/07/12 23:53:04.299, 2, 19, 8078, 82.77
2026/07/12 23:53:04.300, 3, 14, 8078, 75.81
2026/07/12 23:53:04.300, 4, 11, 8078, 92.68
2026/07/12 23:53:04.300, 5, 11, 8078, 75.36
2026/07/12 23:53:04.300, 6, 11, 8078, 89.95
2026/07/12 23:53:04.300, 7, 17, 8078, 80.74
2026/07/12 23:53:05.310, 0, 19, 8078, 142.53
2026/07/12 23:53:05.311, 1, 100, 8078, 138.71
2026/07/12 23:53:05.330, 2, 43, 8078, 147.84
2026/07/12 23:53:05.330, 3, 17, 8078, 138.30
2026/07/12 23:53:05.331, 4, 16, 8078, 70.89
2026/07/12 23:53:05.331, 5, 21, 8078, 137.44
2026/07/12 23:53:05.331, 6, 20, 8078, 129.07
2026/07/12 23:53:05.334, 7, 20, 8078, 66.85
2026/07/12 23:53:06.344, 0, 100, 8078, 92.21
2026/07/12 23:53:06.347, 1, 100, 8078, 89.54
2026/07/12 23:53:06.347, 2, 100, 8078, 84.16
2026/07/12 23:53:06.347, 3, 100, 8078, 190.57
2026/07/12 23:53:06.347, 4, 100, 8078, 221.13
2026/07/12 23:53:06.347, 5, 100, 8078, 188.22
2026/07/12 23:53:06.347, 6, 100, 8078, 200.52
2026/07/12 23:53:06.347, 7, 100, 8078, 198.94
2026/07/12 23:53:07.350, 0, 12, 8078, 82.92
2026/07/12 23:53:07.350, 1, 12, 8078, 77.36
2026/07/12 23:53:07.350, 2, 11, 8078, 78.07
2026/07/12 23:53:07.350, 3, 12, 8078, 81.37
2026/07/12 23:53:07.350, 4, 12, 8078, 90.60
2026/07/12 23:53:07.351, 5, 12, 8078, 80.33
2026/07/12 23:53:07.351, 6, 11, 8078, 89.08
2026/07/12 23:53:07.351, 7, 11, 8078, 84.24
2026/07/12 23:53:08.351, 0, 17, 8078, 86.41
2026/07/12 23:53:08.407, 1, 17, 8078, 79.98
2026/07/12 23:53:08.407, 2, 17, 8078, 81.89
2026/07/12 23:53:08.407, 3, 17, 8078, 84.58
2026/07/12 23:53:08.407, 4, 16, 8078, 71.17
2026/07/12 23:53:08.407, 5, 16, 8078, 65.71
2026/07/12 23:53:08.407, 6, 15, 8078, 70.00
2026/07/12 23:53:08.407, 7, 15, 8078, 67.19
2026/07/12 23:53:09.407, 0, 100, 8078, 193.57
2026/07/12 23:53:09.407, 1, 100, 8078, 210.23
2026/07/12 23:53:09.407, 2, 100, 8078, 191.43
2026/07/12 23:53:09.407, 3, 100, 8078, 196.38
2026/07/12 23:53:09.407, 4, 100, 8078, 229.37
2026/07/12 23:53:09.408, 5, 100, 8078, 192.98
2026/07/12 23:53:09.408, 6, 100, 8078, 226.05
2026/07/12 23:53:09.408, 7, 100, 8078, 224.49
2026/07/12 23:53:10.408, 0, 22, 8078, 83.80
2026/07/12 23:53:10.416, 1, 24, 8078, 77.63
2026/07/12 23:53:10.417, 2, 19, 8078, 78.67
2026/07/12 23:53:10.425, 3, 12, 8078, 81.64
2026/07/12 23:53:10.434, 4, 12, 8078, 91.21
2026/07/12 23:53:10.434, 5, 12, 8078, 80.93
2026/07/12 23:53:10.434, 6, 15, 8078, 89.63
2026/07/12 23:53:10.434, 7, 28, 8078, 84.75
2026/07/12 23:53:11.434, 0, 15, 8078, 86.41
2026/07/12 23:53:11.440, 1, 15, 8078, 79.98
2026/07/12 23:53:11.440, 2, 13, 8078, 81.62
2026/07/12 23:53:11.440, 3, 10, 8078, 83.71
2026/07/12 23:53:11.440, 4, 0, 8078, 85.29
2026/07/12 23:53:11.440, 5, 12, 8078, 81.81
2026/07/12 23:53:11.440, 6, 2, 8078, 90.22
2026/07/12 23:53:11.440, 7, 4, 8078, 78.67
2026/07/12 23:53:12.441, 0, 73, 8078, 198.73
2026/07/12 23:53:12.441, 1, 84, 8078, 199.05
2026/07/12 23:53:12.441, 2, 86, 8078, 193.57
2026/07/12 23:53:12.441, 3, 100, 8078, 194.85
2026/07/12 23:53:12.441, 4, 21, 8078, 132.83
2026/07/12 23:53:12.441, 5, 38, 8078, 137.84
2026/07/12 23:53:12.441, 6, 20, 8078, 69.93
2026/07/12 23:53:12.441, 7, 21, 8078, 67.45
2026/07/12 23:53:13.441, 0, 98, 8078, 85.54
2026/07/12 23:53:13.443, 1, 89, 8078, 79.90
2026/07/12 23:53:13.451, 2, 87, 8078, 81.21
2026/07/12 23:53:13.451, 3, 56, 8078, 83.89
2026/07/12 23:53:13.454, 4, 100, 8078, 146.67
2026/07/12 23:53:13.491, 5, 100, 8078, 199.60
2026/07/12 23:53:13.491, 6, 100, 8078, 207.22
2026/07/12 23:53:13.491, 7, 100, 8078, 188.69
2026/07/12 23:53:14.491, 0, 11, 8078, 82.92
2026/07/12 23:53:14.549, 1, 12, 8078, 77.36
2026/07/12 23:53:14.549, 2, 11, 8078, 78.39
2026/07/12 23:53:14.549, 3, 12, 8078, 81.37
2026/07/12 23:53:14.549, 4, 12, 8078, 90.33
2026/07/12 23:53:14.549, 5, 12, 8078, 80.33
2026/07/12 23:53:14.549, 6, 11, 8078, 89.08
2026/07/12 23:53:14.549, 7, 12, 8078, 85.11
2026/07/12 23:53:15.550, 0, 17, 8078, 86.41
2026/07/12 23:53:15.552, 1, 17, 8078, 80.85
2026/07/12 23:53:15.552, 2, 15, 8078, 80.14
2026/07/12 23:53:15.552, 3, 16, 8078, 84.58
2026/07/12 23:53:15.552, 4, 16, 8078, 93.23
2026/07/12 23:53:15.553, 5, 16, 8078, 83.55
2026/07/12 23:53:15.553, 6, 16, 8078, 70.60
2026/07/12 23:53:15.553, 7, 15, 8078, 88.07
2026/07/12 23:53:16.554, 0, 100, 8078, 192.10
2026/07/12 23:53:16.560, 1, 100, 8078, 219.95
2026/07/12 23:53:16.560, 2, 100, 8078, 220.14
2026/07/12 23:53:16.564, 3, 100, 8078, 243.39
2026/07/12 23:53:16.566, 4, 100, 8078, 262.51
2026/07/12 23:53:16.575, 5, 100, 8078, 216.97
2026/07/12 23:53:16.575, 6, 100, 8078, 229.27
2026/07/12 23:53:16.576, 7, 100, 8078, 220.14
2026/07/12 23:53:17.577, 0, 21, 8078, 83.46
2026/07/12 23:53:17.577, 1, 21, 8078, 77.63
2026/07/12 23:53:17.577, 2, 15, 8078, 78.94
2026/07/12 23:53:17.577, 3, 12, 8078, 81.96
2026/07/12 23:53:17.577, 4, 11, 8078, 90.87
2026/07/12 23:53:17.577, 5, 27, 8078, 81.21
2026/07/12 23:53:17.577, 6, 11, 8078, 89.36
2026/07/12 23:53:17.577, 7, 21, 8078, 85.72
2026/07/12 23:53:18.577, 0, 15, 8078, 85.81
2026/07/12 23:53:18.585, 1, 17, 8078, 79.98
2026/07/12 23:53:18.585, 2, 16, 8078, 80.74
2026/07/12 23:53:18.585, 3, 16, 8078, 83.38
2026/07/12 23:53:18.585, 4, 15, 8078, 92.36
2026/07/12 23:53:18.585, 5, 7, 8078, 82.40
2026/07/12 23:53:18.585, 6, 15, 8078, 91.43
2026/07/12 23:53:18.585, 7, 7, 8078, 86.31
2026/07/12 23:53:19.586, 0, 100, 8078, 211.42
2026/07/12 23:53:19.586, 1, 100, 8078, 206.74
2026/07/12 23:53:19.586, 2, 100, 8078, 207.83
2026/07/12 23:53:19.586, 3, 100, 8078, 205.66
2026/07/12 23:53:19.586, 4, 100, 8078, 211.20
2026/07/12 23:53:19.586, 5, 100, 8078, 197.65
2026/07/12 23:53:19.586, 6, 100, 8078, 205.54
2026/07/12 23:53:19.586, 7, 81, 8078, 200.80
2026/07/12 23:53:20.587, 0, 53, 8078, 88.48
2026/07/12 23:53:20.587, 1, 64, 8078, 78.78
2026/07/12 23:53:20.587, 2, 72, 8078, 94.24
2026/07/12 23:53:20.587, 3, 70, 8078, 81.04
2026/07/12 23:53:20.588, 4, 27, 8078, 92.08
2026/07/12 23:53:20.588, 5, 73, 8078, 81.54
2026/07/12 23:53:20.588, 6, 20, 8078, 91.10
2026/07/12 23:53:20.588, 7, 91, 8078, 83.37
2026/07/12 23:53:21.588, 0, 16, 8078, 87.28
2026/07/12 23:53:21.588, 1, 16, 8078, 80.85
2026/07/12 23:53:21.588, 2, 19, 8078, 82.22
2026/07/12 23:53:21.588, 3, 12, 8078, 76.35
2026/07/12 23:53:21.588, 4, 16, 8078, 86.76
2026/07/12 23:53:21.588, 5, 13, 8078, 76.24
2026/07/12 23:53:21.588, 6, 18, 8078, 90.22
2026/07/12 23:53:21.588, 7, 12, 8078, 79.54
2026/07/12 23:53:22.589, 0, 26, 8078, 142.85
2026/07/12 23:53:22.589, 1, 35, 8078, 160.39
2026/07/12 23:53:22.589, 2, 52, 8078, 189.02
2026/07/12 23:53:22.589, 3, 73, 8078, 138.30
2026/07/12 23:53:22.590, 4, 40, 8078, 125.51
2026/07/12 23:53:22.590, 5, 21, 8078, 129.48
2026/07/12 23:53:22.590, 6, 21, 8078, 70.33
2026/07/12 23:53:22.591, 7, 21, 8078, 132.56
2026/07/12 23:53:23.591, 0, 100, 8078, 86.92
2026/07/12 23:53:23.596, 1, 100, 8078, 80.17
2026/07/12 23:53:23.596, 2, 100, 8078, 81.21
2026/07/12 23:53:23.596, 3, 98, 8078, 189.57
2026/07/12 23:53:23.605, 4, 100, 8078, 202.90
2026/07/12 23:53:23.605, 5, 100, 8078, 138.32
2026/07/12 23:53:23.605, 6, 100, 8078, 207.88
2026/07/12 23:53:23.605, 7, 100, 8078, 188.09
2026/07/12 23:53:24.605, 0, 11, 8078, 83.19
2026/07/12 23:53:24.605, 1, 12, 8078, 77.36
2026/07/12 23:53:24.606, 2, 11, 8078, 78.67
2026/07/12 23:53:24.606, 3, 11, 8078, 81.37
2026/07/12 23:53:24.606, 4, 11, 8078, 90.60
2026/07/12 23:53:24.606, 5, 11, 8078, 80.66
2026/07/12 23:53:24.607, 6, 11, 8078, 89.08
2026/07/12 23:53:24.607, 7, 12, 8078, 84.57
2026/07/12 23:53:25.607, 0, 17, 8078, 86.41
2026/07/12 23:53:25.607, 1, 17, 8078, 80.85
2026/07/12 23:53:25.607, 2, 17, 8078, 82.22
2026/07/12 23:53:25.608, 3, 17, 8078, 84.58
2026/07/12 23:53:25.608, 4, 16, 8078, 93.83
2026/07/12 23:53:25.608, 5, 16, 8078, 83.28
2026/07/12 23:53:25.608, 6, 16, 8078, 91.70
2026/07/12 23:53:25.608, 7, 15, 8078, 87.19
2026/07/12 23:53:26.608, 0, 100, 8078, 198.52
2026/07/12 23:53:26.608, 1, 100, 8078, 194.71
2026/07/12 23:53:26.608, 2, 100, 8078, 221.28
2026/07/12 23:53:26.609, 3, 100, 8078, 248.06
2026/07/12 23:53:26.609, 4, 100, 8078, 226.43
2026/07/12 23:53:26.609, 5, 100, 8078, 221.05
2026/07/12 23:53:26.609, 6, 100, 8078, 223.15
2026/07/12 23:53:26.609, 7, 100, 8078, 222.15
2026/07/12 23:53:27.619, 0, 21, 8078, 83.80
2026/07/12 23:53:27.619, 1, 22, 8078, 77.63
2026/07/12 23:53:27.619, 2, 15, 8078, 78.67
2026/07/12 23:53:27.619, 3, 12, 8078, 81.64
2026/07/12 23:53:27.619, 4, 11, 8078, 90.87
2026/07/12 23:53:27.619, 5, 12, 8078, 81.21
2026/07/12 23:53:27.619, 6, 11, 8078, 89.63
2026/07/12 23:53:27.619, 7, 22, 8078, 85.11
2026/07/12 23:53:28.619, 0, 16, 8078, 86.14
2026/07/12 23:53:28.619, 1, 17, 8078, 79.98
2026/07/12 23:53:28.619, 2, 16, 8078, 81.01
2026/07/12 23:53:28.619, 3, 12, 8078, 83.71
2026/07/12 23:53:28.619, 4, 15, 8078, 92.36
2026/07/12 23:53:28.620, 5, 16, 8078, 83.28
2026/07/12 23:53:28.620, 6, 15, 8078, 91.10
2026/07/12 23:53:28.620, 7, 7, 8078, 86.59
2026/07/12 23:53:29.621, 0, 100, 8078, 206.74
2026/07/12 23:53:29.621, 1, 100, 8078, 206.74
2026/07/12 23:53:29.621, 2, 100, 8078, 202.27
2026/07/12 23:53:29.621, 3, 100, 8078, 205.45
2026/07/12 23:53:29.621, 4, 100, 8078, 204.92
2026/07/12 23:53:29.621, 5, 100, 8078, 197.98
2026/07/12 23:53:29.621, 6, 100, 8078, 204.40
2026/07/12 23:53:29.621, 7, 79, 8078, 199.93
2026/07/12 23:53:30.621, 0, 52, 8078, 85.54
2026/07/12 23:53:30.627, 1, 63, 8078, 79.71
2026/07/12 23:53:30.627, 2, 75, 8078, 82.77
2026/07/12 23:53:30.627, 3, 42, 8078, 81.96
2026/07/12 23:53:30.627, 4, 28, 8078, 95.91
2026/07/12 23:53:30.627, 5, 38, 8078, 87.98
2026/07/12 23:53:30.627, 6, 100, 8078, 91.10
2026/07/12 23:53:30.627, 7, 91, 8078, 84.16
2026/07/12 23:53:31.627, 0, 15, 8078, 83.80
2026/07/12 23:53:31.628, 1, 16, 8078, 78.51
2026/07/12 23:53:31.628, 2, 19, 8078, 73.37
2026/07/12 23:53:31.628, 3, 14, 8078, 75.81
2026/07/12 23:53:31.628, 4, 18, 8078, 91.80
2026/07/12 23:53:31.628, 5, 16, 8078, 78.59
2026/07/12 23:53:31.628, 6, 11, 8078, 89.63
2026/07/12 23:53:31.628, 7, 11, 8078, 86.31
2026/07/12 23:53:32.628, 0, 19, 8078, 137.44
2026/07/12 23:53:32.636, 1, 28, 8078, 135.97
2026/07/12 23:53:32.636, 2, 35, 8078, 135.37
2026/07/12 23:53:32.636, 3, 17, 8078, 138.90
2026/07/12 23:53:32.636, 4, 21, 8078, 70.89
2026/07/12 23:53:32.636, 5, 46, 8078, 123.65
2026/07/12 23:53:32.636, 6, 20, 8078, 139.04
2026/07/12 23:53:32.643, 7, 20, 8078, 67.52
2026/07/12 23:53:33.648, 0, 100, 8078, 91.33
2026/07/12 23:53:33.670, 1, 64, 8078, 83.38
2026/07/12 23:53:33.670, 2, 100, 8078, 185.20
2026/07/12 23:53:33.670, 3, 100, 8078, 199.52
2026/07/12 23:53:33.670, 4, 100, 8078, 194.10
2026/07/12 23:53:33.670, 5, 100, 8078, 192.58
2026/07/12 23:53:33.671, 6, 100, 8078, 237.43
2026/07/12 23:53:33.671, 7, 100, 8078, 200.80
2026/07/12 23:53:34.671, 0, 11, 8078, 83.46
2026/07/12 23:53:34.678, 1, 11, 8078, 77.36
2026/07/12 23:53:34.678, 2, 12, 8078, 78.07
2026/07/12 23:53:34.679, 3, 12, 8078, 81.96
2026/07/12 23:53:34.679, 4, 12, 8078, 90.33
2026/07/12 23:53:34.679, 5, 11, 8078, 80.93
2026/07/12 23:53:34.679, 6, 12, 8078, 89.36
2026/07/12 23:53:34.679, 7, 11, 8078, 84.57
2026/07/12 23:53:35.679, 0, 17, 8078, 86.14
2026/07/12 23:53:35.679, 1, 16, 8078, 80.85
2026/07/12 23:53:35.679, 2, 16, 8078, 81.62
2026/07/12 23:53:35.679, 3, 16, 8078, 84.85
2026/07/12 23:53:35.680, 4, 16, 8078, 71.49
2026/07/12 23:53:35.680, 5, 17, 8078, 83.88
2026/07/12 23:53:35.680, 6, 15, 8078, 91.70
2026/07/12 23:53:35.680, 7, 16, 8078, 88.07
2026/07/12 23:53:36.680, 0, 100, 8078, 192.98
2026/07/12 23:53:36.687, 1, 100, 8078, 185.09
2026/07/12 23:53:36.687, 2, 100, 8078, 220.14
2026/07/12 23:53:36.687, 3, 100, 8078, 261.15
2026/07/12 23:53:36.688, 4, 100, 8078, 234.94
2026/07/12 23:53:36.688, 5, 100, 8078, 218.44
2026/07/12 23:53:36.688, 6, 100, 8078, 222.29
2026/07/12 23:53:36.688, 7, 100, 8078, 220.14
2026/07/12 23:53:37.688, 0, 12, 8078, 83.19
2026/07/12 23:53:37.691, 1, 12, 8078, 77.63
2026/07/12 23:53:37.691, 2, 18, 8078, 78.07
2026/07/12 23:53:37.691, 3, 32, 8078, 82.23
2026/07/12 23:53:37.691, 4, 46, 8078, 92.95
2026/07/12 23:53:37.691, 5, 12, 8078, 80.93
2026/07/12 23:53:37.691, 6, 18, 8078, 89.95
2026/07/12 23:53:37.691, 7, 11, 8078, 85.36
2026/07/12 23:53:38.692, 0, 17, 8078, 85.54
2026/07/12 23:53:38.693, 1, 17, 8078, 79.98
2026/07/12 23:53:38.693, 2, 16, 8078, 80.42
2026/07/12 23:53:38.693, 3, 10, 8078, 83.98
2026/07/12 23:53:38.693, 4, 8, 8078, 92.68
2026/07/12 23:53:38.693, 5, 8, 8078, 83.28
2026/07/12 23:53:38.693, 6, 8, 8078, 90.83
2026/07/12 23:53:38.693, 7, 15, 8078, 87.10
2026/07/12 23:53:39.694, 0, 100, 8078, 216.97
2026/07/12 23:53:39.777, 1, 100, 8078, 210.55
2026/07/12 23:53:39.777, 2, 100, 8078, 206.09
2026/07/12 23:53:39.777, 3, 100, 8078, 210.38
2026/07/12 23:53:39.777, 4, 100, 8078, 213.22
2026/07/12 23:53:39.777, 5, 96, 8078, 205.00
2026/07/12 23:53:39.777, 6, 100, 8078, 210.23
2026/07/12 23:53:39.779, 7, 100, 8078, 206.95
2026/07/12 23:53:40.779, 0, 46, 8078, 110.45
2026/07/12 23:53:40.781, 1, 77, 8078, 169.76
2026/07/12 23:53:40.782, 2, 62, 8078, 78.67
2026/07/12 23:53:40.782, 3, 82, 8078, 86.65
2026/07/12 23:53:40.782, 4, 50, 8078, 89.12
2026/07/12 23:53:40.782, 5, 77, 8078, 79.79
2026/07/12 23:53:40.782, 6, 25, 8078, 93.17
2026/07/12 23:53:40.791, 7, 35, 8078, 89.81
2026/07/12 23:53:41.792, 0, 8, 8078, 83.80
2026/07/12 23:53:41.792, 1, 15, 8078, 78.51
2026/07/12 23:53:41.792, 2, 11, 8078, 76.32
2026/07/12 23:53:41.792, 3, 6, 8078, 81.96
2026/07/12 23:53:41.792, 4, 0, 8078, 84.74
2026/07/12 23:53:41.792, 5, 0, 8078, 80.66
2026/07/12 23:53:41.792, 6, 0, 8078, 86.74
2026/07/12 23:53:41.792, 7, 0, 8078, 79.54
2026/07/12 23:53:42.792, 0, 17, 8078, 136.51
2026/07/12 23:53:42.796, 1, 17, 8078, 134.17
2026/07/12 23:53:42.796, 2, 17, 8078, 135.23
2026/07/12 23:53:42.796, 3, 21, 8078, 65.84
2026/07/12 23:53:42.797, 4, 20, 8078, 70.62
2026/07/12 23:53:42.797, 5, 16, 8078, 65.11
2026/07/12 23:53:42.797, 6, 20, 8078, 69.73
2026/07/12 23:53:42.797, 7, 19, 8078, 66.32
2026/07/12 23:53:43.797, 0, 100, 8078, 193.85
2026/07/12 23:53:43.807, 1, 100, 8078, 183.62
2026/07/12 23:53:43.807, 2, 100, 8078, 192.30
2026/07/12 23:53:43.807, 3, 100, 8078, 209.52
2026/07/12 23:53:43.807, 4, 100, 8078, 225.28
2026/07/12 23:53:43.807, 5, 100, 8078, 201.19
2026/07/12 23:53:43.810, 6, 100, 8078, 216.69
2026/07/12 23:53:43.819, 7, 100, 8078, 215.12
2026/07/12 23:53:44.819, 0, 98, 8078, 84.39
2026/07/12 23:53:44.829, 1, 98, 8078, 77.63
2026/07/12 23:53:44.829, 2, 71, 8078, 78.39
2026/07/12 23:53:44.829, 3, 33, 8078, 81.96
2026/07/12 23:53:44.829, 4, 48, 8078, 90.60
2026/07/12 23:53:44.829, 5, 43, 8078, 81.21
2026/07/12 23:53:44.838, 6, 19, 8078, 89.36
2026/07/12 23:53:44.847, 7, 38, 8078, 85.11
2026/07/12 23:53:45.848, 0, 18, 8078, 87.61
2026/07/12 23:53:45.848, 1, 17, 8078, 79.98
2026/07/12 23:53:45.848, 2, 12, 8078, 80.74
2026/07/12 23:53:45.848, 3, 10, 8078, 83.71
2026/07/12 23:53:45.848, 4, 8, 8078, 93.83
2026/07/12 23:53:45.848, 5, 8, 8078, 85.02
2026/07/12 23:53:45.848, 6, 8, 8078, 91.70
2026/07/12 23:53:45.848, 7, 8, 8078, 86.59
2026/07/12 23:53:46.848, 0, 59, 8078, 197.06
2026/07/12 23:53:46.848, 1, 73, 8078, 198.25
2026/07/12 23:53:46.848, 2, 88, 8078, 191.90
2026/07/12 23:53:46.848, 3, 100, 8078, 197.78
2026/07/12 23:53:46.848, 4, 86, 8078, 198.20
2026/07/12 23:53:46.848, 5, 77, 8078, 189.69
2026/07/12 23:53:46.849, 6, 64, 8078, 196.18
2026/07/12 23:53:46.849, 7, 17, 8078, 191.16
2026/07/12 23:53:47.849, 0, 100, 8078, 83.80
2026/07/12 23:53:47.853, 1, 98, 8078, 79.98
2026/07/12 23:53:47.853, 2, 84, 8078, 80.42
2026/07/12 23:53:47.853, 3, 54, 8078, 83.98
2026/07/12 23:53:47.853, 4, 86, 8078, 89.45
2026/07/12 23:53:47.853, 5, 94, 8078, 84.48
2026/07/12 23:53:47.853, 6, 100, 8078, 94.65
2026/07/12 23:53:47.853, 7, 100, 8078, 98.23
2026/07/12 23:53:48.853, 0, 11, 8078, 83.80
2026/07/12 23:53:48.863, 1, 11, 8078, 78.23
2026/07/12 23:53:48.863, 2, 11, 8078, 79.27
2026/07/12 23:53:48.863, 3, 12, 8078, 77.82
2026/07/12 23:53:48.863, 4, 11, 8078, 90.87
2026/07/12 23:53:48.863, 5, 11, 8078, 81.81
2026/07/12 23:53:48.863, 6, 11, 8078, 89.95
2026/07/12 23:53:48.863, 7, 11, 8078, 85.90
2026/07/12 23:53:49.863, 0, 17, 8078, 86.22
2026/07/12 23:53:49.863, 1, 17, 8078, 81.13
2026/07/12 23:53:49.863, 2, 17, 8078, 81.01
2026/07/12 23:53:49.863, 3, 17, 8078, 66.12
2026/07/12 23:53:49.863, 4, 17, 8078, 113.75
2026/07/12 23:53:49.863, 5, 21, 8078, 65.98
2026/07/12 23:53:49.863, 6, 20, 8078, 70.87
2026/07/12 23:53:49.863, 7, 20, 8078, 67.19
2026/07/12 23:53:50.863, 0, 100, 8078, 189.17
2026/07/12 23:53:50.863, 1, 100, 8078, 214.63
2026/07/12 23:53:50.863, 2, 100, 8078, 215.12
2026/07/12 23:53:50.863, 3, 100, 8078, 222.92
2026/07/12 23:53:50.864, 4, 100, 8078, 209.34
2026/07/12 23:53:50.864, 5, 100, 8078, 188.49
2026/07/12 23:53:50.864, 6, 100, 8078, 199.72
2026/07/12 23:53:50.864, 7, 100, 8078, 199.33
2026/07/12 23:53:51.864, 0, 12, 8078, 82.60
2026/07/12 23:53:51.864, 1, 17, 8078, 77.36
2026/07/12 23:53:51.873, 2, 12, 8078, 78.07
2026/07/12 23:53:51.881, 3, 12, 8078, 82.51
2026/07/12 23:53:51.881, 4, 12, 8078, 90.33
2026/07/12 23:53:51.881, 5, 12, 8078, 81.21
2026/07/12 23:53:51.882, 6, 12, 8078, 89.08
2026/07/12 23:53:51.882, 7, 12, 8078, 84.84
2026/07/12 23:53:52.882, 0, 17, 8078, 86.74
2026/07/12 23:53:52.891, 1, 17, 8078, 81.45
2026/07/12 23:53:52.891, 2, 17, 8078, 81.62
2026/07/12 23:53:52.891, 3, 16, 8078, 83.71
2026/07/12 23:53:52.891, 4, 16, 8078, 92.36
2026/07/12 23:53:52.891, 5, 16, 8078, 83.01
2026/07/12 23:53:52.891, 6, 15, 8078, 91.10
2026/07/12 23:53:52.892, 7, 15, 8078, 87.10
2026/07/12 23:53:53.901, 0, 100, 8078, 220.45
2026/07/12 23:53:53.901, 1, 100, 8078, 216.10
2026/07/12 23:53:53.901, 2, 100, 8078, 218.34
2026/07/12 23:53:53.901, 3, 100, 8078, 215.92
2026/07/12 23:53:53.902, 4, 100, 8078, 222.61
2026/07/12 23:53:53.902, 5, 100, 8078, 213.76
2026/07/12 23:53:53.904, 6, 100, 8078, 217.24
2026/07/12 23:53:53.904, 7, 100, 8078, 211.64
2026/07/12 23:53:54.904, 0, 31, 8078, 83.19
2026/07/12 23:53:54.904, 1, 36, 8078, 77.90
2026/07/12 23:53:54.904, 2, 21, 8078, 78.39
2026/07/12 23:53:54.904, 3, 49, 8078, 81.96
2026/07/12 23:53:54.904, 4, 29, 8078, 93.46
2026/07/12 23:53:54.905, 5, 33, 8078, 81.21
2026/07/12 23:53:54.905, 6, 26, 8078, 89.95
2026/07/12 23:53:54.905, 7, 18, 8078, 85.44
2026/07/12 23:53:55.905, 0, 11, 8078, 87.61
2026/07/12 23:53:55.908, 1, 11, 8078, 80.25
2026/07/12 23:53:55.908, 2, 16, 8078, 80.74
2026/07/12 23:53:55.908, 3, 11, 8078, 83.71
2026/07/12 23:53:55.908, 4, 10, 8078, 94.43
2026/07/12 23:53:55.908, 5, 9, 8078, 83.28
2026/07/12 23:53:55.908, 6, 9, 8078, 93.17
2026/07/12 23:53:55.908, 7, 9, 8078, 88.25
2026/07/12 23:53:56.908, 0, 100, 8078, 197.06
2026/07/12 23:53:56.908, 1, 100, 8078, 196.51
2026/07/12 23:53:56.909, 2, 100, 8078, 198.39
2026/07/12 23:53:56.909, 3, 100, 8078, 195.12
2026/07/12 23:53:56.909, 4, 59, 8078, 194.37
2026/07/12 23:53:56.909, 5, 61, 8078, 192.90
2026/07/12 23:53:56.909, 6, 42, 8078, 154.95
2026/07/12 23:53:56.909, 7, 59, 8078, 189.29
2026/07/12 23:53:57.909, 0, 68, 8078, 85.27
2026/07/12 23:53:57.910, 1, 57, 8078, 79.98
2026/07/12 23:53:57.919, 2, 45, 8078, 80.74
2026/07/12 23:53:57.919, 3, 72, 8078, 79.02
2026/07/12 23:53:57.919, 4, 100, 8078, 102.10
2026/07/12 23:53:57.919, 5, 100, 8078, 77.12
2026/07/12 23:53:57.919, 6, 100, 8078, 123.04
2026/07/12 23:53:57.919, 7, 100, 8078, 92.07
2026/07/12 23:53:58.919, 0, 1, 7594, 77.04
2026/07/12 23:53:58.926, 1, 1, 7594, 71.47
2026/07/12 23:53:58.926, 2, 0, 7594, 72.22
2026/07/12 23:53:58.926, 3, 1, 7594, 75.81
2026/07/12 23:53:58.926, 4, 1, 7594, 85.01
2026/07/12 23:53:58.926, 5, 1, 7594, 75.64
2026/07/12 23:53:58.926, 6, 1, 7594, 83.19
2026/07/12 23:53:58.926, 7, 1, 7594, 78.94
2026/07/12 23:53:59.926, 0, 0, 7593, 61.56
2026/07/12 23:53:59.926, 1, 0, 7593, 57.74
2026/07/12 23:53:59.926, 2, 0, 7593, 58.73
2026/07/12 23:53:59.926, 3, 0, 7593, 60.29
2026/07/12 23:53:59.926, 4, 0, 7593, 85.62
2026/07/12 23:53:59.926, 5, 0, 7593, 60.41
2026/07/12 23:53:59.926, 6, 0, 7593, 64.78
2026/07/12 23:53:59.926, 7, 0, 7593, 61.95
2026/07/12 23:54:00.927, 0, 0, 7593, 61.29
2026/07/12 23:54:00.927, 1, 0, 7593, 58.67
2026/07/12 23:54:00.939, 2, 3, 7593, 58.40
2026/07/12 23:54:00.945, 3, 1, 7593, 60.56
2026/07/12 23:54:00.949, 4, 0, 7593, 65.58
2026/07/12 23:54:00.954, 5, 0, 7593, 61.56
2026/07/12 23:54:00.969, 6, 0, 7593, 65.38
2026/07/12 23:54:00.973, 7, 0, 7593, 62.23
2026/07/12 23:54:01.982, 0, 100, 4, 77.44
2026/07/12 23:54:02.021, 1, 0, 4, 59.81
2026/07/12 23:54:02.027, 2, 0, 7593, 58.40
2026/07/12 23:54:02.034, 3, 0, 4, 76.08
2026/07/12 23:54:02.042, 4, 0, 7593, 65.58
2026/07/12 23:54:02.055, 5, 0, 7593, 60.41
2026/07/12 23:54:02.062, 6, 0, 7593, 65.71
2026/07/12 23:54:02.068, 7, 0, 7593, 61.95
2026/07/12 23:54:03.075, 0, 0, 4, 77.04
2026/07/12 23:54:03.075, 1, 0, 4, 72.42
2026/07/12 23:54:03.076, 2, 0, 4, 73.37
2026/07/12 23:54:03.076, 3, 0, 4, 76.08
2026/07/12 23:54:03.077, 4, 0, 7593, 65.31
2026/07/12 23:54:03.078, 5, 34, 4, 76.24
2026/07/12 23:54:03.078, 6, 0, 7593, 65.11
2026/07/12 23:54:03.079, 7, 58, 4, 82.22
2026/07/12 23:54:04.080, 0, 0, 4, 55.72
2026/07/12 23:54:04.080, 1, 0, 4, 52.17
2026/07/12 23:54:04.080, 2, 0, 4, 72.22
2026/07/12 23:54:04.080, 3, 0, 4, 55.28
2026/07/12 23:54:04.080, 4, 0, 4, 83.81
2026/07/12 23:54:04.080, 5, 0, 4, 75.09
2026/07/12 23:54:04.080, 6, 0, 4, 82.68
2026/07/12 23:54:04.080, 7, 0, 4, 78.07
2026/07/12 23:54:05.080, 0, 0, 0, 55.40
2026/07/12 23:54:05.080, 1, 0, 0, 51.90
2026/07/12 23:54:05.080, 2, 0, 0, 52.22
2026/07/12 23:54:05.080, 3, 0, 0, 54.73
2026/07/12 23:54:05.080, 4, 0, 0, 83.81
2026/07/12 23:54:05.080, 5, 0, 0, 54.85
2026/07/12 23:54:05.080, 6, 0, 0, 83.88
2026/07/12 23:54:05.080, 7, 0, 0, 56.38
2026/07/12 23:54:06.080, 0, 0, 0, 55.12
2026/07/12 23:54:06.081, 1, 0, 0, 52.17
2026/07/12 23:54:06.081, 2, 0, 0, 52.28
2026/07/12 23:54:06.081, 3, 0, 0, 55.06
2026/07/12 23:54:06.081, 4, 0, 0, 59.73
2026/07/12 23:54:06.081, 5, 0, 0, 54.52
2026/07/12 23:54:06.081, 6, 0, 0, 58.34
2026/07/12 23:54:06.081, 7, 0, 0, 56.05
2026/07/12 23:54:07.081, 0, 0, 0, 55.12
2026/07/12 23:54:07.081, 1, 0, 0, 52.17
2026/07/12 23:54:07.083, 2, 0, 0, 52.28
2026/07/12 23:54:07.083, 3, 0, 0, 55.00
2026/07/12 23:54:07.083, 4, 0, 0, 59.18
2026/07/12 23:54:07.083, 5, 0, 0, 54.52
2026/07/12 23:54:07.083, 6, 0, 0, 58.34
2026/07/12 23:54:07.083, 7, 0, 0, 55.78
2026/07/12 23:54:08.083, 0, 0, 0, 55.12
2026/07/12 23:54:08.083, 1, 0, 0, 52.17
2026/07/12 23:54:08.083, 2, 0, 0, 52.28
2026/07/12 23:54:08.083, 3, 0, 0, 55.28
2026/07/12 23:54:08.083, 4, 0, 0, 59.12
2026/07/12 23:54:08.083, 5, 0, 0, 54.25
2026/07/12 23:54:08.083, 6, 0, 0, 58.07
2026/07/12 23:54:08.083, 7, 0, 0, 55.78
